uuid,code,column,value_from,value_to,ruleset,message,severity
01c8fa45-a4c9-4c6d-b361-7bb7352cbc05,DUPLICATE_UUID_DROPPED,uuid,2 rows,1 row,NA,UUID deleted when all values identical,NA
09fadd14-521e-4360-87f6-2bab4009fc57,DUPLICATE_UUID_DROPPED,uuid,2 rows,1 row,NA,UUID deleted when all values identical,NA
149af190-b2dc-4aaf-a875-49593b1d1537,DUPLICATE_UUID_DROPPED,uuid,2 rows,1 row,NA,UUID deleted when all values identical,NA
14efcef0-685e-4af9-9574-4afd1e1fae83,DUPLICATE_UUID_DROPPED,uuid,7 rows,1 row,NA,UUID deleted when all values identical,NA
17d2f1fc-2a2e-4a17-8ba0-a5f3ba74da0c,DUPLICATE_UUID_DROPPED,uuid,2 rows,1 row,NA,UUID deleted when all values identical,NA
22885ab6-d2cf-42ff-98fd-30f8ee52f782,DUPLICATE_UUID_DROPPED,uuid,3 rows,1 row,NA,UUID deleted when all values identical,NA
240f82b7-ac49-4319-96ab-6673b1490d8a,DUPLICATE_UUID_DROPPED,uuid,2 rows,1 row,NA,UUID deleted when all values identical,NA
256add6b-40c1-4815-b2d6-f03dd4ed704b,DUPLICATE_UUID_DROPPED,uuid,2 rows,1 row,NA,UUID deleted when all values identical,NA
25780fe3-01e7-42c3-b8af-d13cef69405e,DUPLICATE_UUID_DROPPED,uuid,2 rows,1 row,NA,UUID deleted when all values identical,NA
26b07b38-9bfd-4d22-b3cf-a8f6e30e6eda,DUPLICATE_UUID_DROPPED,uuid,2 rows,1 row,NA,UUID deleted when all values identical,NA
282c1d88-af1a-43e3-8f15-0dee93a282ea,DUPLICATE_UUID_DROPPED,uuid,2 rows,1 row,NA,UUID deleted when all values identical,NA
28ccda59-9e13-4656-8fcf-b15acf394220,DUPLICATE_UUID_DROPPED,uuid,2 rows,1 row,NA,UUID deleted when all values identical,NA
371494e8-d43e-4cb2-9215-1dedd94146fe,DUPLICATE_UUID_DROPPED,uuid,7 rows,1 row,NA,UUID deleted when all values identical,NA
3cff27c9-5171-4e41-bee0-4d838bf30397,DUPLICATE_UUID_DROPPED,uuid,7 rows,1 row,NA,UUID deleted when all values identical,NA
494f7e82-fa88-4a07-b7b2-3564a1b1fffe,DUPLICATE_UUID_DROPPED,uuid,2 rows,1 row,NA,UUID deleted when all values identical,NA
4ab113b8-f585-4f3b-bf46-82391fd02ce0,DUPLICATE_UUID_DROPPED,uuid,2 rows,1 row,NA,UUID deleted when all values identical,NA
4b7ddda0-281e-4d06-86d4-e8b55d20ef5b,DUPLICATE_UUID_DROPPED,uuid,2 rows,1 row,NA,UUID deleted when all values identical,NA
4f96d3ec-d09c-4dc1-9c92-f517f599a5e0,DUPLICATE_UUID_DROPPED,uuid,3 rows,1 row,NA,UUID deleted when all values identical,NA
548ae59e-6f91-4610-acfa-33e42e5021a2,DUPLICATE_UUID_DROPPED,uuid,2 rows,1 row,NA,UUID deleted when all values identical,NA
55a5ce05-5eb6-4624-bcb2-5f311360f372,DUPLICATE_UUID_DROPPED,uuid,2 rows,1 row,NA,UUID deleted when all values identical,NA
5687f917-92b5-4f57-b9e4-4958c84ca5d1,DUPLICATE_UUID_DROPPED,uuid,2 rows,1 row,NA,UUID deleted when all values identical,NA
5ba0f93d-f731-4a2c-b90a-a0d4d68989f9,DUPLICATE_UUID_DROPPED,uuid,2 rows,1 row,NA,UUID deleted when all values identical,NA
5fed0fb5-3b96-4c38-8e52-41065dbb3b5a,DUPLICATE_UUID_DROPPED,uuid,7 rows,1 row,NA,UUID deleted when all values identical,NA
604ac5ab-7b91-4f9e-b8cd-2129be5de5da,DUPLICATE_UUID_DROPPED,uuid,7 rows,1 row,NA,UUID deleted when all values identical,NA
6291af1c-c9e2-4441-b4c0-966fda7a19b5,DUPLICATE_UUID_DROPPED,uuid,2 rows,1 row,NA,UUID deleted when all values identical,NA
64bb5908-bb64-4b8d-8ef4-9ed66cd787f9,DUPLICATE_UUID_DROPPED,uuid,2 rows,1 row,NA,UUID deleted when all values identical,NA
6b6f417d-a2fa-47e2-a821-9ce7b9b410e0,DUPLICATE_UUID_DROPPED,uuid,2 rows,1 row,NA,UUID deleted when all values identical,NA
6d7e71f5-b3de-46ad-ac5a-c71eb537ebdd,DUPLICATE_UUID_DROPPED,uuid,2 rows,1 row,NA,UUID deleted when all values identical,NA
6f1426f1-a2ad-4366-956d-417187c3999d,DUPLICATE_UUID_DROPPED,uuid,7 rows,1 row,NA,UUID deleted when all values identical,NA
70d4e844-5aac-4cce-8ce3-41d6bda58f17,DUPLICATE_UUID_DROPPED,uuid,2 rows,1 row,NA,UUID deleted when all values identical,NA
749de6e8-1632-4615-87f7-375bdceee381,DUPLICATE_UUID_DROPPED,uuid,2 rows,1 row,NA,UUID deleted when all values identical,NA
7e09a225-a0d5-4978-8ff1-c36df47cb31a,DUPLICATE_UUID_DROPPED,uuid,7 rows,1 row,NA,UUID deleted when all values identical,NA
838a1182-52ea-478b-b055-3248c377acdd,DUPLICATE_UUID_DROPPED,uuid,2 rows,1 row,NA,UUID deleted when all values identical,NA
89b00afa-9c72-43ad-b3f4-bef9f7850f9e,DUPLICATE_UUID_DROPPED,uuid,2 rows,1 row,NA,UUID deleted when all values identical,NA
8d9f669c-02e1-493b-b7bd-6b0d3749b8b5,DUPLICATE_UUID_DROPPED,uuid,2 rows,1 row,NA,UUID deleted when all values identical,NA
92c3823d-62c8-4105-b486-21a28e1dc02f,DUPLICATE_UUID_DROPPED,uuid,2 rows,1 row,NA,UUID deleted when all values identical,NA
93bc3bc8-f4e2-43f7-8e8e-9add65e42913,DUPLICATE_UUID_DROPPED,uuid,2 rows,1 row,NA,UUID deleted when all values identical,NA
9b3ee775-859b-4bc2-aeb9-e9a20fbe3ba1,DUPLICATE_UUID_DROPPED,uuid,2 rows,1 row,NA,UUID deleted when all values identical,NA
a96c33f0-9e56-45db-a868-fbb53b93d443,DUPLICATE_UUID_DROPPED,uuid,3 rows,1 row,NA,UUID deleted when all values identical,NA
ad6d2d08-aa04-48dd-8142-927a4ec16db8,DUPLICATE_UUID_DROPPED,uuid,2 rows,1 row,NA,UUID deleted when all values identical,NA
b0cbb780-db95-4ef1-a880-78179355ad8d,DUPLICATE_UUID_DROPPED,uuid,2 rows,1 row,NA,UUID deleted when all values identical,NA
b2c78615-54b5-4e58-bf55-2bd3a5d180ea,DUPLICATE_UUID_DROPPED,uuid,2 rows,1 row,NA,UUID deleted when all values identical,NA
b2e78ad6-b721-4a81-a9cd-027b720c8479,DUPLICATE_UUID_DROPPED,uuid,2 rows,1 row,NA,UUID deleted when all values identical,NA
c01f104a-ba89-42da-b0c7-85bc76e8879f,DUPLICATE_UUID_DROPPED,uuid,2 rows,1 row,NA,UUID deleted when all values identical,NA
c0dd4b85-f5fe-48af-8349-fa0227f14120,DUPLICATE_UUID_DROPPED,uuid,2 rows,1 row,NA,UUID deleted when all values identical,NA
c1819294-88eb-499b-86ff-136aea93a045,DUPLICATE_UUID_DROPPED,uuid,2 rows,1 row,NA,UUID deleted when all values identical,NA
c3253f2e-16b0-4861-a270-27858d8c29dc,DUPLICATE_UUID_DROPPED,uuid,2 rows,1 row,NA,UUID deleted when all values identical,NA
c7dfaebb-1437-4ed6-acc7-52e4d5f32d74,DUPLICATE_UUID_DROPPED,uuid,2 rows,1 row,NA,UUID deleted when all values identical,NA
c8776d05-94f2-44a6-82f2-ccd7902fd3af,DUPLICATE_UUID_DROPPED,uuid,2 rows,1 row,NA,UUID deleted when all values identical,NA
d3cad7f0-51bc-451c-bf73-6adbc129a99f,DUPLICATE_UUID_DROPPED,uuid,2 rows,1 row,NA,UUID deleted when all values identical,NA
d569e3fd-6857-4cb2-9307-8c310fc2460b,DUPLICATE_UUID_DROPPED,uuid,2 rows,1 row,NA,UUID deleted when all values identical,NA
d70a868d-bb53-4144-b681-c62ef0849ae2,DUPLICATE_UUID_DROPPED,uuid,2 rows,1 row,NA,UUID deleted when all values identical,NA
e0d1b3bf-9105-4b45-8225-e5e48093eb24,DUPLICATE_UUID_DROPPED,uuid,2 rows,1 row,NA,UUID deleted when all values identical,NA
e5b6d44c-8bc3-4e02-8c60-6b809ab7f77b,DUPLICATE_UUID_DROPPED,uuid,2 rows,1 row,NA,UUID deleted when all values identical,NA
e67c5101-8b15-4d84-aae1-ba889faf85bc,DUPLICATE_UUID_DROPPED,uuid,2 rows,1 row,NA,UUID deleted when all values identical,NA
ebe6c9fc-ab2e-4baa-b927-efbef29529b7,DUPLICATE_UUID_DROPPED,uuid,2 rows,1 row,NA,UUID deleted when all values identical,NA
f055015c-7443-4e9a-abb8-0627b4845794,DUPLICATE_UUID_DROPPED,uuid,2 rows,1 row,NA,UUID deleted when all values identical,NA
f13a52f4-f56b-448e-9d16-919952672986,DUPLICATE_UUID_DROPPED,uuid,2 rows,1 row,NA,UUID deleted when all values identical,NA
f1476ae8-4beb-4848-a841-ccff9ead76f9,DUPLICATE_UUID_DROPPED,uuid,2 rows,1 row,NA,UUID deleted when all values identical,NA
fc64871f-dbbb-4c84-80b8-74b0873b39e6,DUPLICATE_UUID_DROPPED,uuid,2 rows,1 row,NA,UUID deleted when all values identical,NA
fd36a1a4-b7eb-4e02-a249-5dd732aa73b9,DUPLICATE_UUID_DROPPED,uuid,2 rows,1 row,NA,UUID deleted when all values identical,NA
87721a4b-d610-435f-b2ac-e1df10d1ec33,YEAR_RANGE,planteaar,2027,NA,NA,year outside allowed range,NA
43373361-4b74-46ec-a0cb-df509618025d,ILLEGAL_CHAR_LATIN,traeart,Liriodéndron tulipífera,Liriodendron tulipifera,NA,remove accents,NA
a812a452-5764-4fb1-b67b-65d2fb0be25f,ILLEGAL_CHAR_LATIN,traeart,Tetradium daniéllii,Tetradium daniellii,NA,remove accents,NA
0b129125-d5a4-4ae0-ad6a-37e6440fa48f,ILLEGAL_CHAR_LATIN,traeart,Prúnus sérrula,Prunus serrula,NA,remove accents,NA
e11cbee3-d24c-49db-9c24-d565effab7da,ILLEGAL_CHAR_LATIN,traeart,Fágus sylvática 'Atropunicea',Fagus sylvatica 'Atropunicea',NA,remove accents,NA
2e130a9d-7540-4002-910f-61d06f8f4e3e,ILLEGAL_CHAR_LATIN,traeart,Sórbus commíxta,Sorbus commixta,NA,remove accents,NA
a56c85b2-612a-4170-b212-c5a20414d8e1,ILLEGAL_CHAR_LATIN,traeart,Sórbus commíxta,Sorbus commixta,NA,remove accents,NA
6231f875-3a42-466d-947f-f7ccde9f7076,ILLEGAL_CHAR_LATIN,traeart,Bétula papyrífera,Betula papyrifera,NA,remove accents,NA
a1a068f9-856e-4b8d-b5db-0e2db953a9d0,ILLEGAL_CHAR_LATIN,traeart,Pterocárya fraxinifólia,Pterocarya fraxinifolia,NA,remove accents,NA
4a614081-f754-4c24-9321-670864d4f473,ILLEGAL_CHAR_LATIN,traeart,Liquidámbar styracíflua,Liquidambar styraciflua,NA,remove accents,NA
504c424c-a9dd-4506-9d6c-2f80afc263d8,ILLEGAL_CHAR_LATIN,traeart,Sórbus commixta 'Dodong',Sorbus commixta 'Dodong',NA,remove accents,NA
e5903494-d482-4fd9-96d8-ba57d7d8508b,ILLEGAL_CHAR_LATIN,traeart,Amelánchier laevis,Amelanchier laevis,NA,remove accents,NA
db76a552-8be0-4c01-9408-47370054348c,ILLEGAL_CHAR_LATIN,traeart,Prunus subhirtélla 'Accolade',Prunus subhirtella 'Accolade',NA,remove accents,NA
71d5c421-7fdb-49e2-88c1-c04f21d49f35,ILLEGAL_CHAR_LATIN,traeart,Méspilus germánica,Mespilus germanica,NA,remove accents,NA
c0bd14fe-4f79-41d3-ada7-b9974bfda79b,ILLEGAL_CHAR_LATIN,traeart,Sórbus commixta 'Dodong',Sorbus commixta 'Dodong',NA,remove accents,NA
a751a06c-e7ef-470f-9e06-88189c22fb71,ILLEGAL_CHAR_LATIN,traeart,Sórbus commixta 'Dodong',Sorbus commixta 'Dodong',NA,remove accents,NA
b7b039ec-3bf3-4716-80f7-a014c8818189,ILLEGAL_CHAR_LATIN,traeart,Nothofágus antárctica,Nothofagus antarctica,NA,remove accents,NA
6e85e10e-f539-40e3-9be9-5c48194e1b12,ILLEGAL_CHAR_LATIN,traeart,Davídia involuncráta,Davidia involuncrata,NA,remove accents,NA
3e1d9b18-b71a-4f16-929f-98ce5520bcaa,ILLEGAL_CHAR_LATIN,traeart,Davídia involuncráta,Davidia involuncrata,NA,remove accents,NA
afcb6621-7203-434e-8211-a787eb99a940,ILLEGAL_CHAR_LATIN,traeart,Paulównia tomentósa,Paulownia tomentosa,NA,remove accents,NA
46a6fb97-363d-48a0-bb4e-6cf745883097,ILLEGAL_CHAR_LATIN,traeart,Liriodéndron tulipífera,Liriodendron tulipifera,NA,remove accents,NA
32bbb98e-568c-4b02-9636-4b22685cfc2f,ILLEGAL_CHAR_LATIN,traeart,Liriodéndron tulipífera,Liriodendron tulipifera,NA,remove accents,NA
3ac78042-1983-4f9c-929a-79530d02d279,ILLEGAL_CHAR_LATIN,traeart,Liriodéndron tulipífera,Liriodendron tulipifera,NA,remove accents,NA
03c43738-e7e9-467f-8553-eec9703a6b1c,ILLEGAL_CHAR_LATIN,traeart,Sórbus commíxta,Sorbus commixta,NA,remove accents,NA
8baf207e-16b9-4430-b56f-2294d38f7b7c,ILLEGAL_CHAR_LATIN,traeart,Sórbus commíxta,Sorbus commixta,NA,remove accents,NA
7eb1826a-63af-40cb-a09a-ce86e62d6e39,ILLEGAL_CHAR_LATIN,traeart,Sórbus commixta 'Dodong',Sorbus commixta 'Dodong',NA,remove accents,NA
4cbde00f-61c8-4068-a213-42de517184eb,ILLEGAL_CHAR_LATIN,traeart,Pterocárya fraxinifólia,Pterocarya fraxinifolia,NA,remove accents,NA
9ec717e3-d962-4713-9c23-6c205374732e,ILLEGAL_CHAR_LATIN,traeart,Liriodéndron tulipífera,Liriodendron tulipifera,NA,remove accents,NA
3dd2c66d-506d-4373-aa30-40e5b942869b,ILLEGAL_CHAR_LATIN,traeart,Fágus orientális,Fagus orientalis,NA,remove accents,NA
f4c3d719-87b7-45e8-8f05-7b8ab3abfc06,ILLEGAL_CHAR_LATIN,traeart,Liriodéndron tulipífera,Liriodendron tulipifera,NA,remove accents,NA
cbf3f14e-3d00-4d2e-91ab-0705999d97e9,ILLEGAL_CHAR_LATIN,traeart,Fágus sylvática 'Asplenifolia',Fagus sylvatica 'Asplenifolia',NA,remove accents,NA
b44a2db1-d6cc-43ad-bdb0-01cb4dd103c6,ILLEGAL_CHAR_LATIN,traeart,Davídia involuncráta,Davidia involuncrata,NA,remove accents,NA
b6abb2ad-7b90-4542-8098-049b2b03dc08,ILLEGAL_CHAR_LATIN,traeart,Liriodéndron tulipífera,Liriodendron tulipifera,NA,remove accents,NA
53ef5ff2-1bfe-41d8-af25-726e4292570e,ILLEGAL_CHAR_LATIN,traeart,Cercidiphýllum japónicum,Cercidiphyllum japonicum,NA,remove accents,NA
b4b002a1-e1a6-4119-8d6d-a9aaf94b5773,ILLEGAL_CHAR_LATIN,traeart,Sórbus commixta 'Dodong',Sorbus commixta 'Dodong',NA,remove accents,NA
a1820d01-822e-47c1-ac01-9d0db90974b4,ILLEGAL_CHAR_LATIN,traeart,Prúnus sérrula,Prunus serrula,NA,remove accents,NA
9184bac7-684b-4b84-8ec5-baee13a1cfe9,ILLEGAL_CHAR_LATIN,traeart,Magnólia sp.,Magnolia sp.,NA,remove accents,NA
30014b3a-1fd1-4703-b001-e4fcbdef5b24,ILLEGAL_CHAR_LATIN,traeart,Magnólia sp.,Magnolia sp.,NA,remove accents,NA
9a4e3d16-f6f2-4117-8274-5b09ab79104c,ILLEGAL_CHAR_LATIN,traeart,Ácer rúbrum,Acer rubrum,NA,remove accents,NA
5bf47833-580b-46fd-9684-afc9c4e2b2a1,ILLEGAL_CHAR_LATIN,traeart,Amelánchier laevis,Amelanchier laevis,NA,remove accents,NA
843d9f92-bd6c-4ffa-8208-df3d27406ba3,ILLEGAL_CHAR_LATIN,traeart,Amelánchier laevis,Amelanchier laevis,NA,remove accents,NA
5d7c274c-f6bb-40cb-bf83-5dc3cf28f019,ILLEGAL_CHAR_LATIN,traeart,Táxus baccáta,Taxus baccata,NA,remove accents,NA
6259b1d9-307f-4a9c-90a6-2b0eb893c7fc,ILLEGAL_CHAR_LATIN,traeart,Cercidiphýllum japónicum,Cercidiphyllum japonicum,NA,remove accents,NA
683dfd55-b041-4b8e-b5a1-8e1b757182ce,ILLEGAL_CHAR_LATIN,traeart,Cercidiphýllum japónicum,Cercidiphyllum japonicum,NA,remove accents,NA
3c0ddbd4-7320-4170-ad18-57861d9200d9,ILLEGAL_CHAR_LATIN,traeart,Cercidiphýllum japónicum,Cercidiphyllum japonicum,NA,remove accents,NA
dbdf174f-72fa-4596-8040-d2618b56121a,ILLEGAL_CHAR_LATIN,traeart,Méspilus germánica,Mespilus germanica,NA,remove accents,NA
fa41fddd-59e9-469a-9411-a11c64315f3b,ILLEGAL_CHAR_LATIN,traeart,Mórus nígra,Morus nigra,NA,remove accents,NA
3d7ad2bd-402b-4c6b-81a1-85497cf0e4e3,ILLEGAL_CHAR_LATIN,traeart,Mórus nígra,Morus nigra,NA,remove accents,NA
d3d64778-09b6-4809-bf1f-5da7f692b60a,ILLEGAL_CHAR_LATIN,traeart,Cercidiphýllum japónicum,Cercidiphyllum japonicum,NA,remove accents,NA
8c25401e-7bdc-4182-b9bd-2813bfec6540,ILLEGAL_CHAR_LATIN,traeart,Mórus nígra,Morus nigra,NA,remove accents,NA
67f60b31-fce3-4fc1-9ecd-9f3612efc42b,ILLEGAL_CHAR_LATIN,traeart,Mórus nígra,Morus nigra,NA,remove accents,NA
afcba1c9-53bd-412a-8c96-584a67c9ee83,ILLEGAL_CHAR_LATIN,traeart,Cercidiphýllum japónicum,Cercidiphyllum japonicum,NA,remove accents,NA
47d04267-8bff-4dd3-9901-0565616049c0,ILLEGAL_CHAR_LATIN,traeart,Cercidiphýllum japónicum,Cercidiphyllum japonicum,NA,remove accents,NA
b243d887-e66a-42cb-b5e5-192f75d0185c,ILLEGAL_CHAR_LATIN,traeart,Cedrús líbani,Cedrus libani,NA,remove accents,NA
b6b31cfd-2c42-43e9-b4c2-a434da46f867,ILLEGAL_CHAR_LATIN,traeart,Sórbus commíxta,Sorbus commixta,NA,remove accents,NA
38ec41f1-d25f-44ea-a3ce-27368b86c9c8,ILLEGAL_CHAR_LATIN,traeart,Mórus álba,Morus alba,NA,remove accents,NA
ee2ad692-75d8-49e6-8e24-ffb8fd5ceaab,ILLEGAL_CHAR_LATIN,traeart,Cedrús líbani,Cedrus libani,NA,remove accents,NA
fa5827be-bd19-4282-862e-bdef6b0d05d8,ILLEGAL_CHAR_LATIN,traeart,Táxus baccáta,Taxus baccata,NA,remove accents,NA
58d14324-4f5a-4594-8945-f4d97572650c,ILLEGAL_CHAR_LATIN,traeart,Táxus baccáta,Taxus baccata,NA,remove accents,NA
ba6426b4-1717-4cb4-a879-9bb8bf9c6167,ILLEGAL_CHAR_LATIN,traeart,Táxus baccáta,Taxus baccata,NA,remove accents,NA
918a7cbf-cf16-414a-a212-b361e3d2af01,ILLEGAL_CHAR_LATIN,traeart,Táxus baccáta,Taxus baccata,NA,remove accents,NA
cb8796a6-9a1a-4477-a5fe-b823040b7f6d,ILLEGAL_CHAR_LATIN,traeart,Táxus baccáta,Taxus baccata,NA,remove accents,NA
8d0cd99d-7cb7-4893-bf97-52dcd558fbf2,ILLEGAL_CHAR_LATIN,traeart,Táxus baccáta,Taxus baccata,NA,remove accents,NA
6d467a23-e3f2-4991-af80-d9ddad88feb2,ILLEGAL_CHAR_LATIN,traeart,Táxus baccáta,Taxus baccata,NA,remove accents,NA
ea5782c7-0b96-4455-ad48-0966c0f39a40,ILLEGAL_CHAR_LATIN,traeart,Táxus baccáta,Taxus baccata,NA,remove accents,NA
477c580d-0198-4cda-863b-310d7dfa9b74,ILLEGAL_CHAR_LATIN,traeart,Táxus baccáta,Taxus baccata,NA,remove accents,NA
2f5c71de-f666-4db6-a980-f876c7ae3344,ILLEGAL_CHAR_LATIN,traeart,Mórus nígra,Morus nigra,NA,remove accents,NA
ec247f37-c270-4132-96a4-37cf7c7d8dfa,ILLEGAL_CHAR_LATIN,traeart,Pterocárya fraxinifólia,Pterocarya fraxinifolia,NA,remove accents,NA
fee42298-faf7-480c-b6df-7db5f477a1ba,ILLEGAL_CHAR_LATIN,traeart,Cedrús atlántica,Cedrus atlantica,NA,remove accents,NA
d4c1defb-d4c6-40cf-9ec8-397d74b65109,ILLEGAL_CHAR_LATIN,traeart,Davídia involuncráta,Davidia involuncrata,NA,remove accents,NA
c262c3c1-2502-4b42-ab32-d103f35ba0fc,ILLEGAL_CHAR_LATIN,traeart,Táxus baccáta,Taxus baccata,NA,remove accents,NA
d1849317-ea57-47f2-bace-dcde03fdee39,ILLEGAL_CHAR_LATIN,traeart,Mórus nígra,Morus nigra,NA,remove accents,NA
8c249f2b-bcd4-4ffe-8dc1-280372d47f6c,ILLEGAL_CHAR_LATIN,traeart,Júglans nígra,Juglans nigra,NA,remove accents,NA
d5615aad-f04f-4538-aba8-f20201505967,ILLEGAL_CHAR_LATIN,traeart,Paulównia tomentósa,Paulownia tomentosa,NA,remove accents,NA
8665a9c2-1785-4ce2-80b1-4cfdbf9ec56e,ILLEGAL_CHAR_LATIN,traeart,Nothofágus antárctica,Nothofagus antarctica,NA,remove accents,NA
ffe32374-5ffb-4e7e-ad3b-0c979621a82d,ILLEGAL_CHAR_LATIN,traeart,Nothofágus antárctica,Nothofagus antarctica,NA,remove accents,NA
ad20acc7-bf5b-44de-82c4-f7437f5ed84e,ILLEGAL_CHAR_LATIN,traeart,Catálpa bignonioídes,Catalpa bignonioides,NA,remove accents,NA
3e3682c5-3735-4af2-a068-f7b67118bcb7,ILLEGAL_CHAR_LATIN,traeart,Pterocárya fraxinifólia,Pterocarya fraxinifolia,NA,remove accents,NA
595981dc-d8e6-44f1-8fb8-e453ca4646d8,ILLEGAL_CHAR_LATIN,traeart,Amelánchier laevis,Amelanchier laevis,NA,remove accents,NA
878b3e36-fff8-48ec-a879-0930a57f15fe,ILLEGAL_CHAR_LATIN,traeart,Liquidámbar styracíflua,Liquidambar styraciflua,NA,remove accents,NA
608ae558-a501-486e-b961-9e96a7e7fb2d,ILLEGAL_CHAR_LATIN,traeart,Liquidámbar styracíflua,Liquidambar styraciflua,NA,remove accents,NA
66f060b8-ff3b-457f-9dec-15323acc347d,ILLEGAL_CHAR_LATIN,traeart,Cedrús líbani,Cedrus libani,NA,remove accents,NA
f7f86078-7f8d-47a3-8b9b-9f9c56c9e2b2,ILLEGAL_CHAR_LATIN,traeart,Catálpa bignonioídes,Catalpa bignonioides,NA,remove accents,NA
568351b7-7f73-41f9-a226-7691a56a512a,ILLEGAL_CHAR_LATIN,traeart,Fágus orientális,Fagus orientalis,NA,remove accents,NA
d74482bf-f883-4b4e-8b34-3ab609fa870f,ILLEGAL_CHAR_LATIN,traeart,Fágus orientális,Fagus orientalis,NA,remove accents,NA
f88777ea-8a87-4686-b872-4758101ed4b4,ILLEGAL_CHAR_LATIN,traeart,Prunus subhirtélla 'Accolade',Prunus subhirtella 'Accolade',NA,remove accents,NA
f10d5f74-7c2d-49f3-a7d4-1a2f263a484e,ILLEGAL_CHAR_LATIN,traeart,Prunus subhirtélla 'Accolade',Prunus subhirtella 'Accolade',NA,remove accents,NA
c37e3ca2-be70-4e8f-9a41-0858c8493e7c,ILLEGAL_CHAR_LATIN,traeart,Prunus subhirtélla 'Accolade',Prunus subhirtella 'Accolade',NA,remove accents,NA
7f1b2133-5464-4fc9-bad9-f298db0fa997,ILLEGAL_CHAR_LATIN,traeart,Prunus subhirtélla 'Accolade',Prunus subhirtella 'Accolade',NA,remove accents,NA
902bab0d-d6c7-4e36-a511-3470b9f2129e,ILLEGAL_CHAR_LATIN,traeart,Prunus subhirtélla 'Accolade',Prunus subhirtella 'Accolade',NA,remove accents,NA
9229646d-99bc-4a3c-b4c5-bc43dceff09f,ILLEGAL_CHAR_LATIN,traeart,Prunus subhirtélla 'Accolade',Prunus subhirtella 'Accolade',NA,remove accents,NA
bca6b167-e4c9-44f3-83c8-f30500ba14ab,ILLEGAL_CHAR_LATIN,traeart,Prunus subhirtélla 'Accolade',Prunus subhirtella 'Accolade',NA,remove accents,NA
3d8ba91e-10d3-477c-9629-cd7c2150ef6f,ILLEGAL_CHAR_LATIN,traeart,Prunus subhirtélla 'Accolade',Prunus subhirtella 'Accolade',NA,remove accents,NA
1d065c87-d78e-496f-ac3c-5d3fe7357b11,ILLEGAL_CHAR_LATIN,traeart,Prunus subhirtélla 'Accolade',Prunus subhirtella 'Accolade',NA,remove accents,NA
bf11a147-e739-4d75-922e-9ed54d40e0a9,ILLEGAL_CHAR_LATIN,traeart,Prunus subhirtélla 'Accolade',Prunus subhirtella 'Accolade',NA,remove accents,NA
7a4b5e91-a278-449a-8e6c-8a17a085b5e7,ILLEGAL_CHAR_LATIN,traeart,Prunus subhirtélla 'Accolade',Prunus subhirtella 'Accolade',NA,remove accents,NA
5f87d39e-8fa5-41f4-8b57-1e1405710059,ILLEGAL_CHAR_LATIN,traeart,Prunus subhirtélla 'Accolade',Prunus subhirtella 'Accolade',NA,remove accents,NA
07d69142-62ee-4728-9cb2-d19b9eec0aec,ILLEGAL_CHAR_LATIN,traeart,Prunus subhirtélla 'Accolade',Prunus subhirtella 'Accolade',NA,remove accents,NA
c4e0421d-16e6-449d-bc39-f0299fd81868,ILLEGAL_CHAR_LATIN,traeart,Fráxinus pennsylvánica,Fraxinus pennsylvanica,NA,remove accents,NA
d742d78a-2001-4be7-956a-474bd940c576,ILLEGAL_CHAR_LATIN,traeart,Fráxinus pennsylvánica,Fraxinus pennsylvanica,NA,remove accents,NA
7bd1c244-c502-4c56-9b08-4f9ea5d991c6,ILLEGAL_CHAR_LATIN,traeart,Fráxinus pennsylvánica,Fraxinus pennsylvanica,NA,remove accents,NA
efda72ef-f449-4c97-8151-b19d97efe613,ILLEGAL_CHAR_LATIN,traeart,Fráxinus pennsylvánica,Fraxinus pennsylvanica,NA,remove accents,NA
dcd1e18b-c372-4462-bbbb-fda96d3795a3,ILLEGAL_CHAR_LATIN,traeart,Fráxinus pennsylvánica,Fraxinus pennsylvanica,NA,remove accents,NA
1123f0e7-514e-4df3-92e4-3911203c04e7,ILLEGAL_CHAR_LATIN,traeart,Prunus subhirtélla 'Accolade',Prunus subhirtella 'Accolade',NA,remove accents,NA
119d9c0d-4ee2-47cd-b9c5-2ee3dfe2dc67,ILLEGAL_CHAR_LATIN,traeart,Prunus subhirtélla 'Accolade',Prunus subhirtella 'Accolade',NA,remove accents,NA
f44e36fa-58e5-425a-bf0a-26438aadcfba,ILLEGAL_CHAR_LATIN,traeart,Prunus subhirtélla 'Accolade',Prunus subhirtella 'Accolade',NA,remove accents,NA
a244216b-5853-4f8f-8999-5943517502c2,ILLEGAL_CHAR_LATIN,traeart,Prunus subhirtélla 'Accolade',Prunus subhirtella 'Accolade',NA,remove accents,NA
485e8e83-2380-4efd-8d24-3b92233862e8,ILLEGAL_CHAR_LATIN,traeart,Prunus subhirtélla 'Accolade',Prunus subhirtella 'Accolade',NA,remove accents,NA
1cdb6d54-9704-4469-9cc0-b9af9d899943,ILLEGAL_CHAR_LATIN,traeart,Prunus subhirtélla 'Accolade',Prunus subhirtella 'Accolade',NA,remove accents,NA
f177ce56-2be7-4b42-9c39-ac3a25599b6e,ILLEGAL_CHAR_LATIN,traeart,Prunus subhirtélla 'Accolade',Prunus subhirtella 'Accolade',NA,remove accents,NA
4e0bd754-9d37-4af2-9d4e-0a8e12b5fd22,ILLEGAL_CHAR_LATIN,traeart,Prunus subhirtélla 'Accolade',Prunus subhirtella 'Accolade',NA,remove accents,NA
e545a2b5-8003-4fd4-9ebf-597a058e9867,ILLEGAL_CHAR_LATIN,traeart,Prunus subhirtélla 'Accolade',Prunus subhirtella 'Accolade',NA,remove accents,NA
20fae3ad-48f1-4f75-a261-e39ca6b84ce1,ILLEGAL_CHAR_LATIN,traeart,Nothofágus antárctica,Nothofagus antarctica,NA,remove accents,NA
e233ef9d-f06a-4c0a-a763-7dd61ba6ea57,ILLEGAL_CHAR_LATIN,traeart,Nothofágus antárctica,Nothofagus antarctica,NA,remove accents,NA
0d9e7833-86ea-4aee-add6-f7a555dd7f7a,ILLEGAL_CHAR_LATIN,traeart,Fágus orientális,Fagus orientalis,NA,remove accents,NA
06c1ff20-9b25-4d97-9b3f-6a45af98d109,ILLEGAL_CHAR_LATIN,traeart,Cercidiphýllum japónicum,Cercidiphyllum japonicum,NA,remove accents,NA
edc5c30d-5281-4ee7-8603-5c1a377cd6ff,ILLEGAL_CHAR_LATIN,traeart,Quércus x túrneri,Quercus x turneri,NA,remove accents,NA
a202fd48-8033-430f-b5fc-a7ab6cb5350a,ILLEGAL_CHAR_LATIN,traeart,Davídia involuncráta,Davidia involuncrata,NA,remove accents,NA
4ba870c8-abea-43df-a50b-23a90195457e,ILLEGAL_CHAR_LATIN,traeart,Quércus x túrneri,Quercus x turneri,NA,remove accents,NA
43481bf9-9631-450c-b59a-2d4a4bc9cc69,ILLEGAL_CHAR_LATIN,traeart,Ácer tatáricum,Acer tataricum,NA,remove accents,NA
11cbee28-4eaa-4c66-b6db-4c4d5f2ca088,ILLEGAL_CHAR_LATIN,traeart,Sórbus commixta 'Dodong',Sorbus commixta 'Dodong',NA,remove accents,NA
0bcbf007-01e9-4218-9974-7f49d8ac4529,ILLEGAL_CHAR_LATIN,traeart,Liriodéndron tulipífera,Liriodendron tulipifera,NA,remove accents,NA
f7745fc2-e2b6-4cd3-99b9-034451d8ce16,ILLEGAL_CHAR_LATIN,traeart,Amelánchier laevis,Amelanchier laevis,NA,remove accents,NA
3f77ab73-4c9f-46b0-8af3-896ae18daf7d,ILLEGAL_CHAR_LATIN,traeart,Catálpa bignonioídes,Catalpa bignonioides,NA,remove accents,NA
8dbbf182-f057-41e6-9c19-41a91cd56c03,ILLEGAL_CHAR_LATIN,traeart,Nothofágus antárctica,Nothofagus antarctica,NA,remove accents,NA
f92ed75f-df78-4c2e-802a-5a5042ed9de3,ILLEGAL_CHAR_LATIN,traeart,Nothofágus antárctica,Nothofagus antarctica,NA,remove accents,NA
ea3e979c-047c-4ede-96c2-ed2126748bf6,ILLEGAL_CHAR_LATIN,traeart,Paulównia tomentósa,Paulownia tomentosa,NA,remove accents,NA
3892b894-9fa2-4efa-a247-d7454c1684de,ILLEGAL_CHAR_LATIN,traeart,Prunus subhirtélla 'Accolade',Prunus subhirtella 'Accolade',NA,remove accents,NA
6e8f2fa9-8ce4-4b61-878d-4c399792e98c,ILLEGAL_CHAR_LATIN,traeart,Prunus subhirtélla 'Accolade',Prunus subhirtella 'Accolade',NA,remove accents,NA
7c535c69-5498-49da-bf9a-54c4cd058479,ILLEGAL_CHAR_LATIN,traeart,Liriodéndron tulipífera,Liriodendron tulipifera,NA,remove accents,NA
3009f932-015d-4506-b05b-2a7bf0ea410a,ILLEGAL_CHAR_LATIN,traeart,Prunus subhirtélla 'Accolade',Prunus subhirtella 'Accolade',NA,remove accents,NA
7ed3ae87-9cb3-4f21-94da-648fd6413755,ILLEGAL_CHAR_LATIN,traeart,Liriodéndron tulipífera,Liriodendron tulipifera,NA,remove accents,NA
53fff200-16aa-454e-9e09-b6bc21112c34,ILLEGAL_CHAR_LATIN,traeart,Méspilus germánica,Mespilus germanica,NA,remove accents,NA
7eb87514-c99c-4604-af31-4b41c2fc6945,ILLEGAL_CHAR_LATIN,traeart,Zelkóva serráta,Zelkova serrata,NA,remove accents,NA
87f6b777-f87e-4b20-ac24-544683b8940e,ILLEGAL_CHAR_LATIN,traeart,Liquidámbar styracíflua,Liquidambar styraciflua,NA,remove accents,NA
abff3f32-88e7-4855-b473-4ff637b2d440,ILLEGAL_CHAR_LATIN,traeart,Amelánchier laevis,Amelanchier laevis,NA,remove accents,NA
3450fc69-e8d5-4d23-a9f9-4c92b3ba6629,ILLEGAL_CHAR_LATIN,traeart,Amelánchier laevis,Amelanchier laevis,NA,remove accents,NA
a5809bdf-abc4-418b-b19d-db560711b4e7,ILLEGAL_CHAR_LATIN,traeart,Liriodéndron tulipífera,Liriodendron tulipifera,NA,remove accents,NA
4a6ed06f-5bbe-4bf0-955c-5c00868ce58b,ILLEGAL_CHAR_LATIN,traeart,Júglans nígra,Juglans nigra,NA,remove accents,NA
b5db501c-9c5d-45c2-b993-235db002d5ae,ILLEGAL_CHAR_LATIN,traeart,Liquidámbar styracíflua,Liquidambar styraciflua,NA,remove accents,NA
562e3941-4b33-4a86-8474-8d5ded9a33d2,ILLEGAL_CHAR_LATIN,traeart,Liquidámbar styracíflua,Liquidambar styraciflua,NA,remove accents,NA
393a595d-8e4e-4b34-9f01-4ded4d233001,ILLEGAL_CHAR_LATIN,traeart,Mórus nígra,Morus nigra,NA,remove accents,NA
392dd8e2-e1b8-42a2-8e03-5f1ed7ca99ad,ILLEGAL_CHAR_LATIN,traeart,Ácer gríseum,Acer griseum,NA,remove accents,NA
ad018c7b-a8fc-4c3e-934d-a5119ba420db,ILLEGAL_CHAR_LATIN,traeart,Ácer tatáricum,Acer tataricum,NA,remove accents,NA
ce115391-9b29-4373-82fa-758756312a5e,ILLEGAL_CHAR_LATIN,traeart,Cedrús líbani,Cedrus libani,NA,remove accents,NA
b72b7b66-7a66-42b3-826b-880d49df65ff,ILLEGAL_CHAR_LATIN,traeart,Júglans nígra,Juglans nigra,NA,remove accents,NA
772e0324-c1c1-4492-8d14-cc73951219f0,ILLEGAL_CHAR_LATIN,traeart,Cydónia oblónga,Cydonia oblonga,NA,remove accents,NA
6559b8a2-be28-46e3-bf18-ef61947a54f6,ILLEGAL_CHAR_LATIN,traeart,Ácer rúbrum,Acer rubrum,NA,remove accents,NA
201b9880-25fe-4399-9ca1-f684abd8395d,ILLEGAL_CHAR_LATIN,traeart,Liriodéndron tulipífera,Liriodendron tulipifera,NA,remove accents,NA
ffff6f29-b656-456f-9892-58b817e40489,ILLEGAL_CHAR_LATIN,traeart,Cedrús líbani,Cedrus libani,NA,remove accents,NA
ae92b5f5-e8a7-46d3-9b8e-c3d4d15fbc43,ILLEGAL_CHAR_LATIN,traeart,Ácer carpinifólium,Acer carpinifolium,NA,remove accents,NA
7a9b461a-6f6c-4ed3-9944-14c99dd36f8b,ILLEGAL_CHAR_LATIN,traeart,Ácer rúbrum,Acer rubrum,NA,remove accents,NA
4bbb22cb-d737-40fa-8d06-3b348b38d377,ILLEGAL_CHAR_LATIN,traeart,Ácer tatáricum,Acer tataricum,NA,remove accents,NA
1ec698d7-decc-485b-b5e8-e6d6244a2cc0,ILLEGAL_CHAR_LATIN,traeart,Ácer gríseum,Acer griseum,NA,remove accents,NA
fcb3c64b-cfcb-48da-be2a-64d561180d21,ILLEGAL_CHAR_LATIN,traeart,Liquidámbar styracíflua,Liquidambar styraciflua,NA,remove accents,NA
42a5c23b-b510-4ebd-a66c-75e5193a157a,ILLEGAL_CHAR_LATIN,traeart,Cydónia oblónga,Cydonia oblonga,NA,remove accents,NA
5f84e9b8-0257-401d-b351-ac67da992221,ILLEGAL_CHAR_LATIN,traeart,Sórbus commixta 'Dodong',Sorbus commixta 'Dodong',NA,remove accents,NA
4190c14c-7587-4db9-b292-3f0450ab295f,ILLEGAL_CHAR_LATIN,traeart,Pterocárya sp.,Pterocarya sp.,NA,remove accents,NA
96738804-47f6-473b-b6f5-30e5e9bb8e42,ILLEGAL_CHAR_LATIN,traeart,Paulównia tomentósa,Paulownia tomentosa,NA,remove accents,NA
f84dbd81-4f9a-4921-b3af-8faffcacdabc,ILLEGAL_CHAR_LATIN,traeart,Paulównia tomentósa,Paulownia tomentosa,NA,remove accents,NA
4d5069e2-9178-4bad-a0ca-27c381cf7af8,ILLEGAL_CHAR_LATIN,traeart,Davídia involuncráta,Davidia involuncrata,NA,remove accents,NA
55ab228a-f9f4-48e3-82ee-0ef5e4f0d738,ILLEGAL_CHAR_LATIN,traeart,Cercidiphýllum japónicum,Cercidiphyllum japonicum,NA,remove accents,NA
a6c4d225-ca7b-4707-bfc5-25cda2de7d75,ILLEGAL_CHAR_LATIN,traeart,Liquidámbar styracíflua,Liquidambar styraciflua,NA,remove accents,NA
322c209c-ca4d-4c69-b7cd-9106b2f3f2c4,ILLEGAL_CHAR_LATIN,traeart,Prunus subhirtélla 'Accolade',Prunus subhirtella 'Accolade',NA,remove accents,NA
912b89b6-2a22-4df6-b6c0-50a3f2cde228,ILLEGAL_CHAR_LATIN,traeart,Amelánchier laevis,Amelanchier laevis,NA,remove accents,NA
e32e8f74-4b5e-4a30-a4dd-610d03af9b20,ILLEGAL_CHAR_LATIN,traeart,Amelánchier laevis,Amelanchier laevis,NA,remove accents,NA
59cd2e74-f709-410e-999b-f450527a18c0,ILLEGAL_CHAR_LATIN,traeart,Sequoiadéndron gigantéum,Sequoiadendron giganteum,NA,remove accents,NA
070ccec7-1814-4730-9842-d5f5f47c6250,ILLEGAL_CHAR_LATIN,traeart,Pterocárya fraxinifólia,Pterocarya fraxinifolia,NA,remove accents,NA
d7b510b6-12d4-473d-a524-a24e81e0ed13,ILLEGAL_CHAR_LATIN,traeart,Táxus baccáta,Taxus baccata,NA,remove accents,NA
28265f5b-ec7c-48a8-b75d-94989984538e,ILLEGAL_CHAR_LATIN,traeart,Prúnus sérrula,Prunus serrula,NA,remove accents,NA
950d10d1-2a4b-4036-9133-c3b19498baf9,ILLEGAL_CHAR_LATIN,traeart,Pterocárya fraxinifólia,Pterocarya fraxinifolia,NA,remove accents,NA
4c5d165a-594d-4aaf-97ae-029613ef19f5,ILLEGAL_CHAR_LATIN,traeart,Amelánchier laevis,Amelanchier laevis,NA,remove accents,NA
c6d137ee-fc69-454b-aed8-87308e1185a1,ILLEGAL_CHAR_LATIN,traeart,Liriodéndron tulipífera,Liriodendron tulipifera,NA,remove accents,NA
c3aa68f4-3c3b-4b0d-900e-1f12812817a4,ILLEGAL_CHAR_LATIN,traeart,Liquidámbar styracíflua,Liquidambar styraciflua,NA,remove accents,NA
244b6b68-e43d-456a-bcd9-fc18047d2b08,ILLEGAL_CHAR_LATIN,traeart,Sórbus commixta 'Dodong',Sorbus commixta 'Dodong',NA,remove accents,NA
0bfb57f5-f849-47f9-a39c-57ffc2b61581,ILLEGAL_CHAR_LATIN,traeart,Prunus subhirtélla 'Accolade',Prunus subhirtella 'Accolade',NA,remove accents,NA
5538d68c-73ea-4398-8b33-2c491028d258,ILLEGAL_CHAR_LATIN,traeart,Prunus subhirtélla 'Accolade',Prunus subhirtella 'Accolade',NA,remove accents,NA
760ce10e-1901-444d-9926-2e20ef19425f,ILLEGAL_CHAR_LATIN,traeart,Táxus baccáta,Taxus baccata,NA,remove accents,NA
7ceb7c63-b5df-4b7d-b5e0-3bd45a6e70ce,ILLEGAL_CHAR_LATIN,traeart,Táxus baccáta,Taxus baccata,NA,remove accents,NA
edb122f1-5971-4e74-aa79-f0a4621bf070,ILLEGAL_CHAR_LATIN,traeart,Liriodéndron tulipífera,Liriodendron tulipifera,NA,remove accents,NA
baf298ce-f792-4013-8be1-2786aeb28a8e,ILLEGAL_CHAR_LATIN,traeart,Liriodéndron tulipífera,Liriodendron tulipifera,NA,remove accents,NA
ce4294cc-ebf0-431b-8b40-133f4b1647b8,ILLEGAL_CHAR_LATIN,traeart,Cercidiphýllum japónicum,Cercidiphyllum japonicum,NA,remove accents,NA
b544b07e-629c-4d66-82bb-3943a197feca,ILLEGAL_CHAR_LATIN,traeart,Liriodéndron tulipífera,Liriodendron tulipifera,NA,remove accents,NA
d476da3f-cc54-4524-bdaa-a479f49f3338,ILLEGAL_CHAR_LATIN,traeart,Sórbus commíxta,Sorbus commixta,NA,remove accents,NA
7aed2ec8-681d-47fd-82cd-e6127f9557cc,ILLEGAL_CHAR_LATIN,traeart,Sórbus commíxta,Sorbus commixta,NA,remove accents,NA
3175ece4-768c-453c-856e-bbfaee473ffb,ILLEGAL_CHAR_LATIN,traeart,Bétula papyrífera,Betula papyrifera,NA,remove accents,NA
ca8077d3-0aa4-46d9-a6c3-82f22a63d9e2,ILLEGAL_CHAR_LATIN,traeart,Sequoiadéndron gigantéum,Sequoiadendron giganteum,NA,remove accents,NA
b97e06d3-fd7a-492a-a4e5-f791eb185946,ILLEGAL_CHAR_LATIN,traeart,Bétula papyrífera,Betula papyrifera,NA,remove accents,NA
e8e2e22a-7e7c-4bf2-9e37-d95f1bd875d2,ILLEGAL_CHAR_LATIN,traeart,Bétula papyrífera,Betula papyrifera,NA,remove accents,NA
26cd845a-8393-49a0-889a-2f8517657c96,ILLEGAL_CHAR_LATIN,traeart,Cercidiphýllum japónicum,Cercidiphyllum japonicum,NA,remove accents,NA
e52b3093-7ca6-4d70-a58e-62f6368c3911,ILLEGAL_CHAR_LATIN,traeart,Álnus inokumea,Alnus inokumea,NA,remove accents,NA
cd63e822-cfe7-4bce-8954-401b13304288,ILLEGAL_CHAR_LATIN,traeart,Ácer rúbrum,Acer rubrum,NA,remove accents,NA
d3b7ba18-d975-4471-b761-00927ab68874,ILLEGAL_CHAR_LATIN,traeart,Ácer rúbrum,Acer rubrum,NA,remove accents,NA
4117c6dd-7a81-452e-8b01-1ca33184d4d4,ILLEGAL_CHAR_LATIN,traeart,Ácer rúbrum,Acer rubrum,NA,remove accents,NA
33a054c5-e4e4-4cbb-b370-01a810bc34ff,ILLEGAL_CHAR_LATIN,traeart,Prunus subhirtélla 'Accolade',Prunus subhirtella 'Accolade',NA,remove accents,NA
bd8a8207-7bd9-4d26-b7df-050ac0a92646,ILLEGAL_CHAR_LATIN,traeart,Prunus subhirtélla 'Accolade',Prunus subhirtella 'Accolade',NA,remove accents,NA
10457f76-61a8-4d20-b6dc-c1064dda5097,ILLEGAL_CHAR_LATIN,traeart,Prunus subhirtélla 'Accolade',Prunus subhirtella 'Accolade',NA,remove accents,NA
a954133f-f411-4092-9d06-692bfa6979ab,ILLEGAL_CHAR_LATIN,traeart,Prunus subhirtélla 'Accolade',Prunus subhirtella 'Accolade',NA,remove accents,NA
0ce92b23-205c-4714-9feb-4c9768bbc442,ILLEGAL_CHAR_LATIN,traeart,Prunus subhirtélla 'Accolade',Prunus subhirtella 'Accolade',NA,remove accents,NA
a782cb7e-34cd-4be8-89cf-62d11c1f140a,ILLEGAL_CHAR_LATIN,traeart,Prunus subhirtélla 'Accolade',Prunus subhirtella 'Accolade',NA,remove accents,NA
4a28fe10-9c1b-42f7-87a5-b5134ecfad06,ILLEGAL_CHAR_LATIN,traeart,Liriodéndron tulipífera,Liriodendron tulipifera,NA,remove accents,NA
8a6a9354-c170-4423-9726-1adce13b01e3,ILLEGAL_CHAR_LATIN,traeart,Liquidámbar styracíflua,Liquidambar styraciflua,NA,remove accents,NA
748484ae-f224-46d4-99e0-80af94e7b05f,ILLEGAL_CHAR_LATIN,traeart,Liquidámbar styracíflua,Liquidambar styraciflua,NA,remove accents,NA
b235441d-5a53-4da0-a2be-0e95b4856627,ILLEGAL_CHAR_LATIN,traeart,Pterocárya fraxinifólia,Pterocarya fraxinifolia,NA,remove accents,NA
50de107e-3b7e-4afc-ba29-08e709e9608d,ILLEGAL_CHAR_LATIN,traeart,Cedrús líbani,Cedrus libani,NA,remove accents,NA
56b36e71-2be8-48fc-907f-b621c8691933,ILLEGAL_CHAR_LATIN,traeart,Zelkóva serráta,Zelkova serrata,NA,remove accents,NA
140bf87a-d0de-4db3-935b-0d72fa524d97,ILLEGAL_CHAR_LATIN,traeart,Zelkóva serráta,Zelkova serrata,NA,remove accents,NA
e87dfa28-174a-4175-b03d-88d33f51e65b,ILLEGAL_CHAR_LATIN,traeart,Zelkóva serráta,Zelkova serrata,NA,remove accents,NA
594ea5b6-7dfb-4f1f-9f91-5b48b8e5a47a,ILLEGAL_CHAR_LATIN,traeart,Liquidámbar styracíflua,Liquidambar styraciflua,NA,remove accents,NA
99d367c5-1148-4c67-93f1-2fbcdd92127d,ILLEGAL_CHAR_LATIN,traeart,Táxus baccáta,Taxus baccata,NA,remove accents,NA
4f7d9834-3845-4694-8baf-35cb14f3647f,ILLEGAL_CHAR_LATIN,traeart,Táxus baccáta,Taxus baccata,NA,remove accents,NA
eef08699-3df3-46d8-8a19-7bf7dafd6335,ILLEGAL_CHAR_LATIN,traeart,Táxus baccáta,Taxus baccata,NA,remove accents,NA
ace86946-e139-4cd5-9f51-7da1bf3c9d44,ILLEGAL_CHAR_LATIN,traeart,Davídia involuncráta,Davidia involuncrata,NA,remove accents,NA
74de1347-171f-4fe4-9847-a01e9d725167,ILLEGAL_CHAR_LATIN,traeart,Liriodéndron tulipífera,Liriodendron tulipifera,NA,remove accents,NA
d311a282-677d-4b41-ade2-d85f93ffb22a,ILLEGAL_CHAR_LATIN,traeart,Liriodéndron tulipífera,Liriodendron tulipifera,NA,remove accents,NA
5f5c0b3f-e015-4962-9a79-14d73fde2976,ILLEGAL_CHAR_LATIN,traeart,Ácer rúbrum,Acer rubrum,NA,remove accents,NA
e26c4263-8e88-4e70-9392-2aeaeeab7063,ILLEGAL_CHAR_LATIN,traeart,Liriodéndron tulipífera,Liriodendron tulipifera,NA,remove accents,NA
90af9d8a-1e12-477f-a900-b6e3e918d84c,ILLEGAL_CHAR_LATIN,traeart,Liriodéndron tulipífera,Liriodendron tulipifera,NA,remove accents,NA
09fc2744-2e51-42ad-9b20-f0f320d5aa11,ILLEGAL_CHAR_LATIN,traeart,Liriodéndron tulipífera,Liriodendron tulipifera,NA,remove accents,NA
38373865-d5d1-41cd-b0cf-66470ea7d404,ILLEGAL_CHAR_LATIN,traeart,Liriodéndron tulipífera,Liriodendron tulipifera,NA,remove accents,NA
dc739d68-0f95-46de-af76-4ad13ca872dc,ILLEGAL_CHAR_LATIN,traeart,Liriodéndron tulipífera,Liriodendron tulipifera,NA,remove accents,NA
3657d041-8658-4efd-80a5-8fae06a5ba01,ILLEGAL_CHAR_LATIN,traeart,Liriodéndron tulipífera,Liriodendron tulipifera,NA,remove accents,NA
74e033c3-57de-48f7-8cae-5be67825ade7,ILLEGAL_CHAR_LATIN,traeart,Liriodéndron tulipífera,Liriodendron tulipifera,NA,remove accents,NA
846cb39b-3122-41a8-b604-42f6d215aba8,ILLEGAL_CHAR_LATIN,traeart,Liriodéndron tulipífera,Liriodendron tulipifera,NA,remove accents,NA
b4ed4163-2bbe-4950-abd8-fbeb81ad4661,ILLEGAL_CHAR_LATIN,traeart,Liriodéndron tulipífera,Liriodendron tulipifera,NA,remove accents,NA
536c8bda-f554-417f-bf20-48ccc41992cd,ILLEGAL_CHAR_LATIN,traeart,Liriodéndron tulipífera,Liriodendron tulipifera,NA,remove accents,NA
79c39b9d-56e7-40de-9135-01552e81c470,ILLEGAL_CHAR_LATIN,traeart,Paulównia tomentósa,Paulownia tomentosa,NA,remove accents,NA
033d113e-205f-48b3-bb04-dc3245887b80,ILLEGAL_CHAR_LATIN,traeart,Paulównia tomentósa,Paulownia tomentosa,NA,remove accents,NA
49a00326-bc4b-4f7b-996d-5823246ae9b7,ILLEGAL_CHAR_LATIN,traeart,Sórbus commíxta,Sorbus commixta,NA,remove accents,NA
31f5fbbd-476a-4922-abbc-4f0d16078bab,ILLEGAL_CHAR_LATIN,traeart,Sórbus commíxta,Sorbus commixta,NA,remove accents,NA
ba1acea1-2f8f-45ea-a4b4-5900e26356d6,ILLEGAL_CHAR_LATIN,traeart,Sórbus commixta 'Dodong',Sorbus commixta 'Dodong',NA,remove accents,NA
c1556ad1-9589-4f89-ba6a-fac18b86ce41,ILLEGAL_CHAR_LATIN,traeart,Amelánchier laevis,Amelanchier laevis,NA,remove accents,NA
b78f272a-b399-4277-985d-e194ba15cc2e,ILLEGAL_CHAR_LATIN,traeart,Amelánchier laevis,Amelanchier laevis,NA,remove accents,NA
006a994f-cf9a-46e5-bedd-bedd0f8dbf5b,ILLEGAL_CHAR_LATIN,traeart,Liriodéndron tulipífera,Liriodendron tulipifera,NA,remove accents,NA
0c853f44-121b-43f1-85a7-6528657e4146,ILLEGAL_CHAR_LATIN,traeart,Liriodéndron tulipífera,Liriodendron tulipifera,NA,remove accents,NA
813fdba6-b325-43f3-b127-78e80a29937e,ILLEGAL_CHAR_LATIN,traeart,Liriodéndron tulipífera,Liriodendron tulipifera,NA,remove accents,NA
8dcf3b9b-3437-482f-b9ba-3a6c3864f756,ILLEGAL_CHAR_LATIN,traeart,Liriodéndron tulipífera,Liriodendron tulipifera,NA,remove accents,NA
340e33a2-bc60-4d1f-9ede-14cd23c6b2ea,ILLEGAL_CHAR_LATIN,traeart,Liriodéndron tulipífera,Liriodendron tulipifera,NA,remove accents,NA
f1b0eb28-a1c5-4217-902c-51738899b522,ILLEGAL_CHAR_LATIN,traeart,Liriodéndron tulipífera,Liriodendron tulipifera,NA,remove accents,NA
4b85f2b3-cde7-4709-8481-eeca61260665,ILLEGAL_CHAR_LATIN,traeart,Fráxinus pennsylvánica,Fraxinus pennsylvanica,NA,remove accents,NA
0980e7e0-3d27-46d7-9c36-f8319d319a0e,ILLEGAL_CHAR_LATIN,traeart,Prúnus sérrula,Prunus serrula,NA,remove accents,NA
e6decbe1-b606-4214-85be-af85c94ea222,ILLEGAL_CHAR_LATIN,traeart,Sórbus commixta 'Dodong',Sorbus commixta 'Dodong',NA,remove accents,NA
a43d78d2-a4eb-4bb6-9688-824aa1dc8e94,ILLEGAL_CHAR_LATIN,traeart,Cercidiphýllum japónicum,Cercidiphyllum japonicum,NA,remove accents,NA
7f26f5dd-e239-47c6-8e9c-5d9ee0b68258,ILLEGAL_CHAR_LATIN,traeart,Paulównia tomentósa,Paulownia tomentosa,NA,remove accents,NA
9c7ff484-dcb0-4ffe-a9d5-d37237fcb12c,ILLEGAL_CHAR_LATIN,traeart,Paulównia tomentósa,Paulownia tomentosa,NA,remove accents,NA
cc79b0a1-3858-47f8-bbfa-0be444440961,ILLEGAL_CHAR_LATIN,traeart,Cercidiphýllum japónicum,Cercidiphyllum japonicum,NA,remove accents,NA
3da70fd4-0647-4a88-ae5c-569fbb0f8ac8,ILLEGAL_CHAR_LATIN,traeart,Sórbus commixta 'Dodong',Sorbus commixta 'Dodong',NA,remove accents,NA
8e0299c7-ba2d-492a-afe0-a009f353c44e,ILLEGAL_CHAR_LATIN,traeart,Liriodéndron tulipífera,Liriodendron tulipifera,NA,remove accents,NA
65b84344-39ed-4443-b485-78e165e91c58,ILLEGAL_CHAR_LATIN,traeart,Sórbus commíxta,Sorbus commixta,NA,remove accents,NA
1e2d8f31-f093-4be8-b18b-97f69a34213c,ILLEGAL_CHAR_LATIN,traeart,Sórbus commixta 'Dodong',Sorbus commixta 'Dodong',NA,remove accents,NA
9a12f66d-ff8d-42fb-bdd6-568a7ff1c7bd,ILLEGAL_CHAR_LATIN,traeart,Júglans nígra,Juglans nigra,NA,remove accents,NA
f9624763-2e35-4edb-96a8-9f61af00debd,ILLEGAL_CHAR_LATIN,traeart,Júglans nígra,Juglans nigra,NA,remove accents,NA
98edcc0e-b775-4f82-b76a-b9904247f484,ILLEGAL_CHAR_LATIN,traeart,Fágus sylvática 'Atropunicea',Fagus sylvatica 'Atropunicea',NA,remove accents,NA
eff675f5-eeb5-4df4-b7b3-6d6491202fb5,ILLEGAL_CHAR_LATIN,traeart,Cydónia sp.,Cydonia sp.,NA,remove accents,NA
bb48dff7-e928-4604-8a36-462bfc91fb7c,ILLEGAL_CHAR_LATIN,traeart,Cydónia sp.,Cydonia sp.,NA,remove accents,NA
4d491fa1-99a2-43a6-a7aa-93380459dd0a,ILLEGAL_CHAR_LATIN,traeart,Cydónia sp.,Cydonia sp.,NA,remove accents,NA
87cc7239-666a-4801-ab5f-01db15ee5eb0,ILLEGAL_CHAR_LATIN,traeart,Liriodéndron tulipífera,Liriodendron tulipifera,NA,remove accents,NA
0ed19eed-0e41-4755-a668-023944114601,ILLEGAL_CHAR_LATIN,traeart,Liriodéndron tulipífera,Liriodendron tulipifera,NA,remove accents,NA
db549706-4a63-4c92-a773-52439a8921a5,ILLEGAL_CHAR_LATIN,traeart,Liriodéndron tulipífera,Liriodendron tulipifera,NA,remove accents,NA
1b74e99b-2314-484d-8cf0-1d748b94c2a1,ILLEGAL_CHAR_LATIN,traeart,Sórbus commixta 'Dodong',Sorbus commixta 'Dodong',NA,remove accents,NA
77f6705a-faae-4600-bc1c-fff4b1a30108,ILLEGAL_CHAR_LATIN,traeart,Catálpa bignonioídes,Catalpa bignonioides,NA,remove accents,NA
22b5a601-31e8-45b4-b91c-7a2b0c5f4187,ILLEGAL_CHAR_LATIN,traeart,Rhus potanínii,Rhus potaninii,NA,remove accents,NA
d855725f-bed4-435f-9e8c-ac9fd62d4a11,ILLEGAL_CHAR_LATIN,traeart,Cydónia oblónga,Cydonia oblonga,NA,remove accents,NA
93eb11ed-9c97-402c-bf95-4956de2cfb7d,ILLEGAL_CHAR_LATIN,traeart,Cydónia oblónga,Cydonia oblonga,NA,remove accents,NA
1b75fec3-1d6d-42a7-a37d-af5df63852f3,ILLEGAL_CHAR_LATIN,traeart,Zelkóva serráta,Zelkova serrata,NA,remove accents,NA
6e8fc54a-3527-4c5b-bed0-6b7940500e66,ILLEGAL_CHAR_LATIN,traeart,Zelkóva serráta,Zelkova serrata,NA,remove accents,NA
0cc8d055-acd6-480f-a1ef-b85362db0398,ILLEGAL_CHAR_LATIN,traeart,Liriodéndron tulipífera,Liriodendron tulipifera,NA,remove accents,NA
e84cf359-43af-4636-a13a-d505ad443817,ILLEGAL_CHAR_LATIN,traeart,Júglans nígra,Juglans nigra,NA,remove accents,NA
558686af-622a-4653-93e0-24a206a3b043,ILLEGAL_CHAR_LATIN,traeart,Liriodéndron tulipífera,Liriodendron tulipifera,NA,remove accents,NA
628e14fa-a537-4a1d-bb01-d1632da38e9a,ILLEGAL_CHAR_LATIN,traeart,Bétula maximowicziána,Betula maximowicziana,NA,remove accents,NA
b177966e-4739-43e2-abd3-e7c01e51c887,ILLEGAL_CHAR_LATIN,traeart,Cedrús atlántica,Cedrus atlantica,NA,remove accents,NA
f7815b0f-6416-43ca-98ac-e83316070052,ILLEGAL_CHAR_LATIN,traeart,Paulównia tomentósa,Paulownia tomentosa,NA,remove accents,NA
2e4656f0-2a93-4f1d-840c-a3113c3028dd,ILLEGAL_CHAR_LATIN,traeart,Cercidiphýllum japónicum,Cercidiphyllum japonicum,NA,remove accents,NA
de3bbc28-65ae-48de-8cef-b9e0d2cbd9df,ILLEGAL_CHAR_LATIN,traeart,Amelánchier laevis,Amelanchier laevis,NA,remove accents,NA
8de13d2f-2a8c-48ec-a772-20cdcc0a6748,ILLEGAL_CHAR_LATIN,traeart,Méspilus sp.,Mespilus sp.,NA,remove accents,NA
04c5c316-a66f-4667-a6ff-073a9f6a635f,ILLEGAL_CHAR_LATIN,traeart,Fágus sylvática 'Atropunicea',Fagus sylvatica 'Atropunicea',NA,remove accents,NA
66e31aad-2e92-4dce-96de-5f241e36c6ac,ILLEGAL_CHAR_LATIN,traeart,Mórus nígra,Morus nigra,NA,remove accents,NA
127c3e2f-c6c2-4266-b7be-0e765111d939,ILLEGAL_CHAR_LATIN,traeart,Mórus nígra,Morus nigra,NA,remove accents,NA
3a97759f-ffbd-4abd-b672-95a74ca3c275,ILLEGAL_CHAR_LATIN,traeart,Sórbus commixta 'Dodong',Sorbus commixta 'Dodong',NA,remove accents,NA
a864dcd4-8bde-46d4-8a93-7e6d46b004a4,ILLEGAL_CHAR_LATIN,traeart,Cydónia oblónga,Cydonia oblonga,NA,remove accents,NA
733176d0-8407-4368-ac3e-a7428bca4b8d,ILLEGAL_CHAR_LATIN,traeart,Sórbus commixta 'Dodong',Sorbus commixta 'Dodong',NA,remove accents,NA
b9773417-50da-44b7-9ad5-2b0f8c3cf35b,ILLEGAL_CHAR_LATIN,traeart,Robínia luxúrians,Robinia luxurians,NA,remove accents,NA
5054a9a1-0670-45e4-9091-18f4d78dede4,ILLEGAL_CHAR_LATIN,traeart,Liquidámbar styracíflua,Liquidambar styraciflua,NA,remove accents,NA
a1f0eed1-b6d0-4b4f-a9bd-beea49a05817,ILLEGAL_CHAR_LATIN,traeart,Prúnus sérrula,Prunus serrula,NA,remove accents,NA
213b1dd8-2dca-459b-9792-3691a89795d0,ILLEGAL_CHAR_LATIN,traeart,Ácer gríseum,Acer griseum,NA,remove accents,NA
5880df17-0f12-4d8f-8d7d-415be01c9a4a,ILLEGAL_CHAR_LATIN,traeart,Prúnus sérrula,Prunus serrula,NA,remove accents,NA
ed195a58-d0a5-497a-a3a2-269bec509c7d,ILLEGAL_CHAR_LATIN,traeart,Ácer gríseum,Acer griseum,NA,remove accents,NA
2ab89163-8c74-491b-93b8-7dd87404ffef,ILLEGAL_CHAR_LATIN,traeart,Fráxinus pennsylvánica,Fraxinus pennsylvanica,NA,remove accents,NA
db5aac4d-849b-4760-b369-31d43b28a5ec,ILLEGAL_CHAR_LATIN,traeart,Fráxinus pennsylvánica,Fraxinus pennsylvanica,NA,remove accents,NA
d4eaca7f-0f10-4e66-9872-0089846baf25,ILLEGAL_CHAR_LATIN,traeart,Fráxinus pennsylvánica,Fraxinus pennsylvanica,NA,remove accents,NA
e16574ad-ae15-498c-b6ef-202f8b32d104,ILLEGAL_CHAR_LATIN,traeart,Fráxinus pennsylvánica,Fraxinus pennsylvanica,NA,remove accents,NA
0bdd82d1-10fa-4673-bb37-0eed1d5af4dc,ILLEGAL_CHAR_LATIN,traeart,Táxus baccáta,Taxus baccata,NA,remove accents,NA
dc053126-29f5-46ee-a56c-b99888c8a43e,ILLEGAL_CHAR_LATIN,traeart,Ácer tatáricum,Acer tataricum,NA,remove accents,NA
b02c198b-65bc-45c5-8edc-841f4f1060f5,ILLEGAL_CHAR_LATIN,traeart,Táxus baccáta,Taxus baccata,NA,remove accents,NA
545ead90-d4ef-418a-a56a-27b82d623133,ILLEGAL_CHAR_LATIN,traeart,Pterocárya fraxinifólia,Pterocarya fraxinifolia,NA,remove accents,NA
a751e33b-d10d-43c5-858a-13e51ade3b62,ILLEGAL_CHAR_LATIN,traeart,Fráxinus pennsylvánica,Fraxinus pennsylvanica,NA,remove accents,NA
b415afe4-c98a-4392-9641-b5a12956af29,ILLEGAL_CHAR_LATIN,traeart,Táxus baccáta,Taxus baccata,NA,remove accents,NA
fe23e859-508c-4abf-8151-7d6dbbc7830b,ILLEGAL_CHAR_LATIN,traeart,Táxus baccáta,Taxus baccata,NA,remove accents,NA
5ba987fb-d215-4b9a-a24c-87e4cf8efdd9,ILLEGAL_CHAR_LATIN,traeart,Táxus baccáta,Taxus baccata,NA,remove accents,NA
33ef6722-ce4a-409e-bea3-5bf9c427a194,ILLEGAL_CHAR_LATIN,traeart,Táxus baccáta,Taxus baccata,NA,remove accents,NA
2f520962-47ba-491e-84d8-c6acbd74b80d,ILLEGAL_CHAR_LATIN,traeart,Táxus baccáta,Taxus baccata,NA,remove accents,NA
5b16cef4-aca7-449f-bb1d-c611620649cc,ILLEGAL_CHAR_LATIN,traeart,Táxus baccáta,Taxus baccata,NA,remove accents,NA
dadc3201-2616-4a4c-8e41-843f4ce61f86,ILLEGAL_CHAR_LATIN,traeart,Táxus baccáta,Taxus baccata,NA,remove accents,NA
8c7f5afe-a31c-4c1e-b7c1-e30148aeea5a,ILLEGAL_CHAR_LATIN,traeart,Liriodéndron tulipífera,Liriodendron tulipifera,NA,remove accents,NA
60017cf3-d85a-48c3-be3e-b53d0e9035be,ILLEGAL_CHAR_LATIN,traeart,Davídia involuncráta,Davidia involuncrata,NA,remove accents,NA
dcbaf623-f874-407a-a594-80fc6b4eee79,ILLEGAL_CHAR_LATIN,traeart,Táxus baccáta,Taxus baccata,NA,remove accents,NA
e9972e50-17b9-4c6f-ae25-a31a706bc24a,ILLEGAL_CHAR_LATIN,traeart,Táxus baccáta,Taxus baccata,NA,remove accents,NA
3a05887a-a843-47ff-8ad7-3b5f3b5f4a97,ILLEGAL_CHAR_LATIN,traeart,Magnólia sp.,Magnolia sp.,NA,remove accents,NA
c59717cc-e6e0-4dc9-822b-26dcd0756caf,ILLEGAL_CHAR_LATIN,traeart,Magnólia sp.,Magnolia sp.,NA,remove accents,NA
e6028cf5-5019-4c18-981f-6823c614b55a,ILLEGAL_CHAR_LATIN,traeart,Sórbus commixta 'Dodong',Sorbus commixta 'Dodong',NA,remove accents,NA
d83f2f2b-c122-4806-90b3-34019edfc7f4,ILLEGAL_CHAR_LATIN,traeart,Cercidiphýllum japónicum,Cercidiphyllum japonicum,NA,remove accents,NA
d598b25b-adfc-477a-9d2a-13197c228e4d,ILLEGAL_CHAR_LATIN,traeart,Pterocárya fraxinifólia,Pterocarya fraxinifolia,NA,remove accents,NA
6f94ce60-fcae-42d0-866e-7ab937b5a3ed,ILLEGAL_CHAR_LATIN,traeart,Sórbus commíxta,Sorbus commixta,NA,remove accents,NA
9cc6ed51-2ece-403e-b504-c64755b27fbe,ILLEGAL_CHAR_LATIN,traeart,Liriodéndron tulipífera,Liriodendron tulipifera,NA,remove accents,NA
03890b5b-041f-4f27-aec6-0d29575c2271,ILLEGAL_CHAR_LATIN,traeart,Liriodéndron tulipífera,Liriodendron tulipifera,NA,remove accents,NA
0e0e68e2-04a9-457f-841b-4c733a4401b9,ILLEGAL_CHAR_LATIN,traeart,Liriodéndron tulipífera,Liriodendron tulipifera,NA,remove accents,NA
6e22faec-8530-4d9c-8653-b564013fcc54,ILLEGAL_CHAR_LATIN,traeart,Liriodéndron tulipífera,Liriodendron tulipifera,NA,remove accents,NA
8d9f53ad-232a-41d5-959a-1d0116182015,ILLEGAL_CHAR_LATIN,traeart,Liriodéndron tulipífera,Liriodendron tulipifera,NA,remove accents,NA
a9b27e86-e8ea-4560-8754-7697a064381b,ILLEGAL_CHAR_LATIN,traeart,Táxus baccáta,Taxus baccata,NA,remove accents,NA
65a2d2a6-ace5-4070-89c3-9f631684adaf,ILLEGAL_CHAR_LATIN,traeart,Liriodéndron tulipífera,Liriodendron tulipifera,NA,remove accents,NA
b6ee1f6d-1a59-4a2a-ba8e-dd14c2844b57,ILLEGAL_CHAR_LATIN,traeart,Fráxinus pennsylvánica,Fraxinus pennsylvanica,NA,remove accents,NA
3787dc49-ae4c-4759-8d75-a8a86aa010fe,ILLEGAL_CHAR_LATIN,traeart,Amelánchier laevis,Amelanchier laevis,NA,remove accents,NA
341bcf71-7f57-440c-83a4-a0493fcdb926,ILLEGAL_CHAR_LATIN,traeart,Amelánchier laevis,Amelanchier laevis,NA,remove accents,NA
81f0784b-f67c-41b1-8abc-3c89d22e1c26,ILLEGAL_CHAR_LATIN,traeart,Pterocárya fraxinifólia,Pterocarya fraxinifolia,NA,remove accents,NA
fa3f66d7-de02-409a-84c5-e066e7f195db,ILLEGAL_CHAR_LATIN,traeart,Fráxinus pennsylvánica,Fraxinus pennsylvanica,NA,remove accents,NA
8e5214cd-52ba-4419-90d6-cc7103b24594,ILLEGAL_CHAR_LATIN,traeart,Fráxinus pennsylvánica,Fraxinus pennsylvanica,NA,remove accents,NA
45c8d92c-98e7-4931-8482-639b3d8e5c3d,ILLEGAL_CHAR_LATIN,traeart,Pínus tabulifórmis,Pinus tabuliformis,NA,remove accents,NA
b5febf87-4883-40b1-89b3-551893f669b5,ILLEGAL_CHAR_LATIN,traeart,Nothofágus antárctica,Nothofagus antarctica,NA,remove accents,NA
c0cd04db-c375-4380-aee4-c6fb18635b0f,ILLEGAL_CHAR_LATIN,traeart,Fágus sylvática 'Atropunicea',Fagus sylvatica 'Atropunicea',NA,remove accents,NA
febab46b-9dfc-4d73-8536-bc7011381475,ILLEGAL_CHAR_LATIN,traeart,Pterocárya fraxinifólia,Pterocarya fraxinifolia,NA,remove accents,NA
e4312f3d-ca53-4df3-9fae-9a2b53ff8886,ILLEGAL_CHAR_LATIN,traeart,Sórbus commixta 'Dodong',Sorbus commixta 'Dodong',NA,remove accents,NA
942308b6-09ab-484e-a00f-7bbc8d51a1c4,ILLEGAL_CHAR_LATIN,traeart,Liquidámbar styracíflua,Liquidambar styraciflua,NA,remove accents,NA
0828fd7e-63cc-4684-976c-b04e3eae2dbb,ILLEGAL_CHAR_LATIN,traeart,Ácer rúbrum,Acer rubrum,NA,remove accents,NA
84266661-0eec-4a86-a8a7-79e308bd10b9,ILLEGAL_CHAR_LATIN,traeart,Magnólia sp.,Magnolia sp.,NA,remove accents,NA
e5c0d906-1448-4872-a921-2091bcf988b1,ILLEGAL_CHAR_LATIN,traeart,Cydónia oblónga,Cydonia oblonga,NA,remove accents,NA
029ebbae-a5be-4d59-8071-609560b71408,ILLEGAL_CHAR_LATIN,traeart,Cercidiphýllum japónicum,Cercidiphyllum japonicum,NA,remove accents,NA
3da2ccf7-9c5e-4648-84e0-ea1cc3cbafe3,ILLEGAL_CHAR_LATIN,traeart,Prunus subhirtélla 'Accolade',Prunus subhirtella 'Accolade',NA,remove accents,NA
2e847838-914b-4def-8c75-0f372004883d,ILLEGAL_CHAR_LATIN,traeart,Prunus subhirtélla 'Accolade',Prunus subhirtella 'Accolade',NA,remove accents,NA
de866f24-24ed-4c2d-ba31-69ab578efbaf,ILLEGAL_CHAR_LATIN,traeart,Prunus subhirtélla 'Accolade',Prunus subhirtella 'Accolade',NA,remove accents,NA
c1f1d030-03bd-4881-9b67-66ccb556338b,ILLEGAL_CHAR_LATIN,traeart,Prunus subhirtélla 'Accolade',Prunus subhirtella 'Accolade',NA,remove accents,NA
68775924-c47d-4787-b9f1-5c991735eea8,ILLEGAL_CHAR_LATIN,traeart,Pterocárya fraxinifólia,Pterocarya fraxinifolia,NA,remove accents,NA
6e2d307e-8fdf-4d3e-ada5-903cd0211c4b,ILLEGAL_CHAR_LATIN,traeart,Fágus orientális,Fagus orientalis,NA,remove accents,NA
9ea262c4-30bc-430b-aef3-209f95ff92bb,ILLEGAL_CHAR_LATIN,traeart,Amelánchier laevis,Amelanchier laevis,NA,remove accents,NA
c87ed800-a1d4-47a3-8844-5a5df4ff9b6c,ILLEGAL_CHAR_LATIN,traeart,Liquidámbar styracíflua,Liquidambar styraciflua,NA,remove accents,NA
92bdf5ba-0e00-4e6d-93b6-daff0e7b8c5c,ILLEGAL_CHAR_LATIN,traeart,Pterocárya fraxinifólia,Pterocarya fraxinifolia,NA,remove accents,NA
1957d086-e5de-4fa1-99e1-6c84ebbb9085,ILLEGAL_CHAR_LATIN,traeart,Paulównia tomentósa,Paulownia tomentosa,NA,remove accents,NA
62a7150b-be2b-4fa5-a805-b118cf1aaf15,ILLEGAL_CHAR_LATIN,traeart,Magnólia sp.,Magnolia sp.,NA,remove accents,NA
2acf6f45-f030-4362-873e-ad1c27b6e8fa,ILLEGAL_CHAR_LATIN,traeart,Bétula papyrífera,Betula papyrifera,NA,remove accents,NA
b42120c9-5d21-4b8f-ad18-f1aeaf9fb857,ILLEGAL_CHAR_LATIN,traeart,Ácer argutum,Acer argutum,NA,remove accents,NA
2958702e-c1ea-459c-9a29-498c280d0229,ILLEGAL_CHAR_LATIN,traeart,Táxus baccáta,Taxus baccata,NA,remove accents,NA
d8f246e1-f5b8-458c-9454-317f7484e0f0,ILLEGAL_CHAR_LATIN,traeart,Táxus baccáta,Taxus baccata,NA,remove accents,NA
a80d7ac9-b307-44dd-a8e4-5a1de1e38e0d,ILLEGAL_CHAR_LATIN,traeart,Fágus sylvática 'Atropunicea',Fagus sylvatica 'Atropunicea',NA,remove accents,NA
21843134-3afc-4443-8f67-2819e624900c,ILLEGAL_CHAR_LATIN,traeart,Ácer gríseum,Acer griseum,NA,remove accents,NA
3f0d26ff-98e9-4404-a249-f22bac519365,ILLEGAL_CHAR_LATIN,traeart,Ácer gríseum,Acer griseum,NA,remove accents,NA
f01c9701-4323-49f3-9936-e997dc2949af,ILLEGAL_CHAR_LATIN,traeart,Ácer gríseum,Acer griseum,NA,remove accents,NA
c54d7c6a-0d72-43f4-8c8d-5c75d8c8c307,ILLEGAL_CHAR_LATIN,traeart,Cercidiphýllum japónicum,Cercidiphyllum japonicum,NA,remove accents,NA
5142d173-b65a-4799-8ade-3c93a85d0e3f,ILLEGAL_CHAR_LATIN,traeart,Ácer gríseum,Acer griseum,NA,remove accents,NA
2349e75a-8ec2-472e-811c-7210951000d3,ILLEGAL_CHAR_LATIN,traeart,Sórbus commixta 'Dodong',Sorbus commixta 'Dodong',NA,remove accents,NA
3c09fb7d-91bb-4d7f-bf08-fd9306a0b528,ILLEGAL_CHAR_LATIN,traeart,Sórbus commíxta,Sorbus commixta,NA,remove accents,NA
9dfd9f26-3059-47d9-b9bc-f1c181201502,ILLEGAL_CHAR_LATIN,traeart,Sórbus commíxta,Sorbus commixta,NA,remove accents,NA
c2580545-0e71-4515-af5e-502e4dcad8d4,ILLEGAL_CHAR_LATIN,traeart,Sórbus commíxta,Sorbus commixta,NA,remove accents,NA
72d5df29-0342-4b2a-b1c9-9c292df10000,ILLEGAL_CHAR_LATIN,traeart,Sórbus commíxta,Sorbus commixta,NA,remove accents,NA
52566674-3d22-4450-9e89-cab2b5d5e5ef,ILLEGAL_CHAR_LATIN,traeart,Liriodéndron tulipífera,Liriodendron tulipifera,NA,remove accents,NA
eb1bfe6f-8f65-42b6-9fdb-fcae7eff89b2,ILLEGAL_CHAR_LATIN,traeart,Liquidámbar styracíflua,Liquidambar styraciflua,NA,remove accents,NA
e1b44b1f-ca81-483f-96b7-998b612abae3,ILLEGAL_CHAR_LATIN,traeart,Liriodéndron tulipífera,Liriodendron tulipifera,NA,remove accents,NA
bc6e1903-3187-4f9c-bb91-a66ebbb59a92,ILLEGAL_CHAR_LATIN,traeart,Amelánchier laevis,Amelanchier laevis,NA,remove accents,NA
180f3c9b-1597-4a54-8cda-4f8524c99a19,ILLEGAL_CHAR_LATIN,traeart,Táxus baccáta,Taxus baccata,NA,remove accents,NA
94fbe2a4-5444-4209-8100-e6af895ee50f,ILLEGAL_CHAR_LATIN,traeart,Bétula papyrífera,Betula papyrifera,NA,remove accents,NA
2d7039d1-96c4-43c3-bd00-dd2d06932913,ILLEGAL_CHAR_LATIN,traeart,Paulównia tomentósa,Paulownia tomentosa,NA,remove accents,NA
bc9125cc-5937-4aa2-9f4b-3df83c4e2337,ILLEGAL_CHAR_LATIN,traeart,Sórbus commixta 'Dodong',Sorbus commixta 'Dodong',NA,remove accents,NA
e1f8c68c-05ed-43a9-9570-3c54d753b182,ILLEGAL_CHAR_LATIN,traeart,Amelánchier laevis,Amelanchier laevis,NA,remove accents,NA
ff5428cb-b4e7-492d-ab74-0bd70167afce,ILLEGAL_CHAR_LATIN,traeart,Amelánchier laevis,Amelanchier laevis,NA,remove accents,NA
06191caf-e6d2-4b06-ab14-68a80069df47,ILLEGAL_CHAR_LATIN,traeart,Liquidámbar styracíflua,Liquidambar styraciflua,NA,remove accents,NA
d9e5b017-b903-4e89-9c82-5d5a9d59dd40,ILLEGAL_CHAR_LATIN,traeart,Paulównia tomentósa,Paulownia tomentosa,NA,remove accents,NA
c6a78de0-3f14-40a2-85e8-ff3a2cb10ee0,ILLEGAL_CHAR_LATIN,traeart,Sórbus commíxta,Sorbus commixta,NA,remove accents,NA
92f55bd3-c07e-4c7f-b0c4-ad43251025c9,ILLEGAL_CHAR_LATIN,traeart,Sórbus commíxta,Sorbus commixta,NA,remove accents,NA
5965325e-b8d9-456b-b5fc-fcd683187bdb,ILLEGAL_CHAR_LATIN,traeart,Amelánchier laevis,Amelanchier laevis,NA,remove accents,NA
74dec8dd-121d-4171-9946-dbecb79cc678,ILLEGAL_CHAR_LATIN,traeart,Amelánchier laevis,Amelanchier laevis,NA,remove accents,NA
50dd2130-90d1-4886-a071-3091379b1c44,ILLEGAL_CHAR_LATIN,traeart,Amelánchier laevis,Amelanchier laevis,NA,remove accents,NA
aa471f06-b740-468e-8b95-06767a93aec9,ILLEGAL_CHAR_LATIN,traeart,Liriodéndron tulipífera,Liriodendron tulipifera,NA,remove accents,NA
48e6ae6d-18b2-4411-ad63-edfc882f51c1,ILLEGAL_CHAR_LATIN,traeart,Cercidiphýllum japónicum,Cercidiphyllum japonicum,NA,remove accents,NA
65f2543a-c3e3-4ac6-b4b3-507b186a2e34,ILLEGAL_CHAR_LATIN,traeart,Pterocárya fraxinifólia,Pterocarya fraxinifolia,NA,remove accents,NA
d8f35c8a-a530-4521-a397-b8c49be13ade,ILLEGAL_CHAR_LATIN,traeart,Pterocárya fraxinifólia,Pterocarya fraxinifolia,NA,remove accents,NA
b329e410-f20d-4215-ba0a-bd8b29f66357,ILLEGAL_CHAR_LATIN,traeart,Sórbus doméstica,Sorbus domestica,NA,remove accents,NA
a485f752-2b39-4c91-a1cb-658f67e0850b,ILLEGAL_CHAR_LATIN,traeart,Nothofágus antárctica,Nothofagus antarctica,NA,remove accents,NA
e20d3a52-66cd-4e6c-aa19-944bb0b6df63,ILLEGAL_CHAR_LATIN,traeart,Fágus sylvática 'Asplenifolia',Fagus sylvatica 'Asplenifolia',NA,remove accents,NA
95525700-f688-4366-8beb-30aad60e10b5,ILLEGAL_CHAR_LATIN,traeart,Cydónia oblónga,Cydonia oblonga,NA,remove accents,NA
c46fab05-9682-4c6f-9129-e02c710e91ae,ILLEGAL_CHAR_LATIN,traeart,Cydónia oblónga,Cydonia oblonga,NA,remove accents,NA
164f98e3-2392-49a0-954b-8f3f8ae2e933,ILLEGAL_CHAR_LATIN,traeart,Liquidámbar styracíflua,Liquidambar styraciflua,NA,remove accents,NA
634065b4-3111-44e6-a8a4-3e356106f383,ILLEGAL_CHAR_LATIN,traeart,Liquidámbar styracíflua,Liquidambar styraciflua,NA,remove accents,NA
bc07a21d-4ea5-40fe-80c4-f80e2d25a245,ILLEGAL_CHAR_LATIN,traeart,Amelánchier laevis,Amelanchier laevis,NA,remove accents,NA
09567900-e79f-4c4b-8194-6f58303b4999,ILLEGAL_CHAR_LATIN,traeart,Amelánchier laevis,Amelanchier laevis,NA,remove accents,NA
f96ab64f-65db-49eb-82d8-2468080935b7,ILLEGAL_CHAR_LATIN,traeart,Amelánchier laevis,Amelanchier laevis,NA,remove accents,NA
d0f47fd1-1c1c-4100-837f-8fca25cf5de7,ILLEGAL_CHAR_LATIN,traeart,Pterocárya fraxinifólia,Pterocarya fraxinifolia,NA,remove accents,NA
ba3ddba3-8631-434a-a88a-0540a79f3425,ILLEGAL_CHAR_LATIN,traeart,Cedrús líbani,Cedrus libani,NA,remove accents,NA
a3090e09-1dad-4dc8-891a-bfbb8d8bdef0,ILLEGAL_CHAR_LATIN,traeart,Cedrús líbani,Cedrus libani,NA,remove accents,NA
98cff605-1b6a-49f3-afdc-3eb5bd111e1f,ILLEGAL_CHAR_LATIN,traeart,Liquidámbar styracíflua,Liquidambar styraciflua,NA,remove accents,NA
b90142df-a7a1-4c7b-8099-b9ac0412093c,ILLEGAL_CHAR_LATIN,traeart,Liriodéndron tulipífera,Liriodendron tulipifera,NA,remove accents,NA
9880f7f6-fcae-4678-a423-7bf615ba4b20,ILLEGAL_CHAR_LATIN,traeart,Liquidámbar styracíflua,Liquidambar styraciflua,NA,remove accents,NA
77023c69-7323-409a-bf9f-857365722bfd,ILLEGAL_CHAR_LATIN,traeart,Quércus x túrneri,Quercus x turneri,NA,remove accents,NA
22a90def-5a7d-4538-afe3-2444ba1f7f72,ILLEGAL_CHAR_LATIN,traeart,Cercidiphýllum japónicum,Cercidiphyllum japonicum,NA,remove accents,NA
e5f3de58-de3e-4f49-8159-b6c428eae243,ILLEGAL_CHAR_LATIN,traeart,Táxus baccáta,Taxus baccata,NA,remove accents,NA
019ae01e-0b56-45e7-8707-be01bb99a1e3,ILLEGAL_CHAR_LATIN,traeart,Fágus orientális,Fagus orientalis,NA,remove accents,NA
a7a150de-ee79-4b84-be90-d90d056c6661,ILLEGAL_CHAR_LATIN,traeart,Prunus subhirtélla 'Accolade',Prunus subhirtella 'Accolade',NA,remove accents,NA
b8e280a3-b114-4411-ba8a-5d835f712993,ILLEGAL_CHAR_LATIN,traeart,Paulównia tomentósa,Paulownia tomentosa,NA,remove accents,NA
488cb664-d2c6-4546-9640-30eefdd3883b,ILLEGAL_CHAR_LATIN,traeart,Amelánchier laevis,Amelanchier laevis,NA,remove accents,NA
37a5f5b9-1051-43b6-a35d-2e0d3ad98670,ILLEGAL_CHAR_LATIN,traeart,Amelánchier laevis,Amelanchier laevis,NA,remove accents,NA
a5ed8c76-1174-4a25-8b01-cffbeecc9cac,ILLEGAL_CHAR_LATIN,traeart,Amelánchier laevis,Amelanchier laevis,NA,remove accents,NA
ac8ec156-999a-45bf-ba8c-baa3f40c2b92,ILLEGAL_CHAR_LATIN,traeart,Amelánchier laevis,Amelanchier laevis,NA,remove accents,NA
f4808385-c7e3-4732-af00-9d8e435eda47,ILLEGAL_CHAR_LATIN,traeart,Liquidámbar styracíflua,Liquidambar styraciflua,NA,remove accents,NA
8742fd8a-3ecf-40b6-a617-ad3501a6c9ff,ILLEGAL_CHAR_LATIN,traeart,Liriodéndron tulipífera,Liriodendron tulipifera,NA,remove accents,NA
9550efb3-e854-49fd-ba68-6e63ffb69716,ILLEGAL_CHAR_LATIN,traeart,Amelánchier laevis,Amelanchier laevis,NA,remove accents,NA
a8de5b20-7edf-4262-a662-e3a24e098c69,ILLEGAL_CHAR_LATIN,traeart,Sórbus commíxta,Sorbus commixta,NA,remove accents,NA
9f7b9e8d-7235-4520-b2c4-f51ca262dc95,ILLEGAL_CHAR_LATIN,traeart,Sórbus commíxta,Sorbus commixta,NA,remove accents,NA
f28ab97d-1577-45c7-8d91-68688fb906d5,ILLEGAL_CHAR_LATIN,traeart,Sórbus commíxta,Sorbus commixta,NA,remove accents,NA
1f92b8bd-d1b8-478d-83db-c5c98891f8d3,ILLEGAL_CHAR_LATIN,traeart,Amelánchier laevis,Amelanchier laevis,NA,remove accents,NA
a75b9812-fa6d-488f-8281-e15fb315d14c,ILLEGAL_CHAR_LATIN,traeart,Táxus baccáta,Taxus baccata,NA,remove accents,NA
d543c3d7-b122-46d1-b98e-1d52bc3ddd99,ILLEGAL_CHAR_LATIN,traeart,Pterocárya fraxinifólia,Pterocarya fraxinifolia,NA,remove accents,NA
3287cd71-63ed-4a1e-a0c4-fae43c11c7ba,ILLEGAL_CHAR_LATIN,traeart,Liquidámbar styracíflua,Liquidambar styraciflua,NA,remove accents,NA
76980eb4-98e2-483d-a2ba-2e67e0441d69,ILLEGAL_CHAR_LATIN,traeart,Magnólia sp.,Magnolia sp.,NA,remove accents,NA
a2f9ac94-69e0-470a-af27-1df0fa132173,ILLEGAL_CHAR_LATIN,traeart,Cedrús líbani,Cedrus libani,NA,remove accents,NA
f14f314e-5546-4b44-a1b1-47289000f711,ILLEGAL_CHAR_LATIN,traeart,Ácer rúbrum,Acer rubrum,NA,remove accents,NA
d1c9ed85-05b6-4046-ae86-1ddce4955b1e,ILLEGAL_CHAR_LATIN,traeart,Ácer rúbrum,Acer rubrum,NA,remove accents,NA
c425dd40-b9f2-4898-9f6d-785fc5482ee8,ILLEGAL_CHAR_LATIN,traeart,Nothofágus antárctica,Nothofagus antarctica,NA,remove accents,NA
5e43ae54-2d3e-424f-a1a3-7dd977c63971,ILLEGAL_CHAR_LATIN,traeart,Prunus subhirtélla 'Accolade',Prunus subhirtella 'Accolade',NA,remove accents,NA
8055faa4-316c-497d-91ef-52e43876a813,ILLEGAL_CHAR_LATIN,traeart,Ácer tatáricum,Acer tataricum,NA,remove accents,NA
9c4d9fc7-e2eb-48aa-a2bb-5285b0b3b8b1,ILLEGAL_CHAR_LATIN,traeart,Liriodéndron tulipífera,Liriodendron tulipifera,NA,remove accents,NA
05701580-a31f-49dd-a38f-4562054d6855,ILLEGAL_CHAR_LATIN,traeart,Liriodéndron tulipífera,Liriodendron tulipifera,NA,remove accents,NA
7fa10a4a-b540-453a-b3de-87728aee3483,ILLEGAL_CHAR_LATIN,traeart,Cydónia oblónga,Cydonia oblonga,NA,remove accents,NA
a5d77e1e-ad98-4fe6-b64e-64b0914992cc,ILLEGAL_CHAR_LATIN,traeart,Cydónia oblónga,Cydonia oblonga,NA,remove accents,NA
32a383b0-91e9-4320-a1c1-8a091fcd81ea,ILLEGAL_CHAR_LATIN,traeart,Liriodéndron tulipífera,Liriodendron tulipifera,NA,remove accents,NA
c075e8b2-2fc2-4828-b697-110d2731b64d,ILLEGAL_CHAR_LATIN,traeart,Liriodéndron tulipífera,Liriodendron tulipifera,NA,remove accents,NA
526b17f8-aa9a-4b86-b788-99013e51fd0e,ILLEGAL_CHAR_LATIN,traeart,Liriodéndron tulipífera,Liriodendron tulipifera,NA,remove accents,NA
a52c6c96-5dc6-4d01-9d86-acd2cf83f2ce,ILLEGAL_CHAR_LATIN,traeart,Liriodéndron tulipífera,Liriodendron tulipifera,NA,remove accents,NA
c357bb62-e09c-40fb-a151-4260b9224447,ILLEGAL_CHAR_LATIN,traeart,Liriodéndron tulipífera,Liriodendron tulipifera,NA,remove accents,NA
facf240f-4d44-4434-8bd6-f458c001be07,ILLEGAL_CHAR_LATIN,traeart,Liriodéndron tulipífera,Liriodendron tulipifera,NA,remove accents,NA
f5415dce-3e0a-429e-a207-94a5b6441c50,ILLEGAL_CHAR_LATIN,traeart,Liriodéndron tulipífera,Liriodendron tulipifera,NA,remove accents,NA
3904f25e-1207-4a48-b1c3-0343ccf89162,ILLEGAL_CHAR_LATIN,traeart,Bétula maximowicziána,Betula maximowicziana,NA,remove accents,NA
7e95813d-456c-40ee-9d46-b6ce988c8e56,ILLEGAL_CHAR_LATIN,traeart,Júglans nígra,Juglans nigra,NA,remove accents,NA
dc32b65c-1778-417b-bf4c-a8b1efba82a8,ILLEGAL_CHAR_LATIN,traeart,Cedrús líbani,Cedrus libani,NA,remove accents,NA
620ee86d-1b3d-4b2a-a96a-1c3a3933b5d0,ILLEGAL_CHAR_LATIN,traeart,Pterocárya fraxinifólia,Pterocarya fraxinifolia,NA,remove accents,NA
e565178b-a4ae-4b56-ae6d-0816119b97fe,ILLEGAL_CHAR_LATIN,traeart,Pterocárya fraxinifólia,Pterocarya fraxinifolia,NA,remove accents,NA
3806bec1-ed31-4a4a-bbdd-595f124ec678,ILLEGAL_CHAR_LATIN,traeart,Pterocárya fraxinifólia,Pterocarya fraxinifolia,NA,remove accents,NA
a5f31451-9eda-4035-a576-375573406ec2,ILLEGAL_CHAR_LATIN,traeart,Táxus baccáta,Taxus baccata,NA,remove accents,NA
3eb2e028-fd81-4a96-8e25-7ed9b28318d7,ILLEGAL_CHAR_LATIN,traeart,Catálpa bignonioídes,Catalpa bignonioides,NA,remove accents,NA
2b72ca00-1c9b-4d3f-92df-c15cbfd353eb,ILLEGAL_CHAR_LATIN,traeart,Táxus baccáta,Taxus baccata,NA,remove accents,NA
678de775-4959-4aa9-821c-32ae4a3c2ea1,ILLEGAL_CHAR_LATIN,traeart,Táxus baccáta,Taxus baccata,NA,remove accents,NA
e4ca73d4-6a56-480e-b5fe-d31b0cacfad9,ILLEGAL_CHAR_LATIN,traeart,Táxus baccáta,Taxus baccata,NA,remove accents,NA
c48f9ebe-8fef-4e54-ab3a-ed680ce350aa,ILLEGAL_CHAR_LATIN,traeart,Ácer argutum,Acer argutum,NA,remove accents,NA
d459b46c-06eb-4d0d-be4c-9320decefc8f,ILLEGAL_CHAR_LATIN,traeart,Magnólia sp.,Magnolia sp.,NA,remove accents,NA
2457f308-42e9-4a74-9981-929a21260a88,ILLEGAL_CHAR_LATIN,traeart,Méspilus germánica,Mespilus germanica,NA,remove accents,NA
ba7d11d6-fd0e-4641-9788-56d4e7b83269,ILLEGAL_CHAR_LATIN,traeart,Táxus baccáta,Taxus baccata,NA,remove accents,NA
9ae2cc40-9862-4702-9f7a-ca714493a4b6,ILLEGAL_CHAR_LATIN,traeart,Magnólia sp.,Magnolia sp.,NA,remove accents,NA
a257a1dd-83b7-4f75-9a0f-19a4c3815211,ILLEGAL_CHAR_LATIN,traeart,Cercidiphýllum japónicum,Cercidiphyllum japonicum,NA,remove accents,NA
dfb59cff-8a3a-49c9-8b32-0f9d0d555654,ILLEGAL_CHAR_LATIN,traeart,Cercidiphýllum japónicum,Cercidiphyllum japonicum,NA,remove accents,NA
c2da0985-5af4-4c5d-9f33-5e48f143c36a,ILLEGAL_CHAR_LATIN,traeart,Liriodéndron tulipífera,Liriodendron tulipifera,NA,remove accents,NA
b78ba8b4-02d4-498c-99f8-0fc2da5c597f,ILLEGAL_CHAR_LATIN,traeart,Nothofágus antárctica,Nothofagus antarctica,NA,remove accents,NA
9e82790b-9fa4-4168-b0e6-e5cd28123b02,ILLEGAL_CHAR_LATIN,traeart,Fráxinus pennsylvánica,Fraxinus pennsylvanica,NA,remove accents,NA
0ff4b9a8-5fbe-4640-8865-197360811c47,ILLEGAL_CHAR_LATIN,traeart,Cedrús líbani,Cedrus libani,NA,remove accents,NA
d6521e3e-d359-42e9-9858-975c799d6109,ILLEGAL_CHAR_LATIN,traeart,Amelánchier laevis,Amelanchier laevis,NA,remove accents,NA
1d582f3c-828f-456f-83c2-6632682a2da3,ILLEGAL_CHAR_LATIN,traeart,Amelánchier laevis,Amelanchier laevis,NA,remove accents,NA
f1c1f0cc-a13a-4fd7-aa2b-b2a38888d88b,ILLEGAL_CHAR_LATIN,traeart,Amelánchier laevis,Amelanchier laevis,NA,remove accents,NA
ea14397c-31c9-4a45-ba58-5da1d9f734e0,ILLEGAL_CHAR_LATIN,traeart,Amelánchier laevis,Amelanchier laevis,NA,remove accents,NA
86a8e8ec-0ab8-4306-9d31-813192cd975b,ILLEGAL_CHAR_LATIN,traeart,Amelánchier laevis,Amelanchier laevis,NA,remove accents,NA
1635a2f0-26bb-4d95-ad19-5d4f452d05a6,ILLEGAL_CHAR_LATIN,traeart,Sórbus commíxta,Sorbus commixta,NA,remove accents,NA
7926e44d-a2d7-419d-ae49-015bfc622dc4,ILLEGAL_CHAR_LATIN,traeart,Sórbus commíxta,Sorbus commixta,NA,remove accents,NA
83b3c115-c4c7-4227-afbb-1e77b6caa94e,ILLEGAL_CHAR_LATIN,traeart,Prúnus sérrula,Prunus serrula,NA,remove accents,NA
789eca45-a1da-4802-ae87-0b4b386eec5f,ILLEGAL_CHAR_LATIN,traeart,Liquidámbar styracíflua,Liquidambar styraciflua,NA,remove accents,NA
1753041a-96f4-452a-8ba9-38a2839161d6,ILLEGAL_CHAR_LATIN,traeart,Paulównia tomentósa,Paulownia tomentosa,NA,remove accents,NA
b3c9c26e-f468-4fca-8b8c-b3382670c6a4,ILLEGAL_CHAR_LATIN,traeart,Nothofágus antárctica,Nothofagus antarctica,NA,remove accents,NA
c7110911-16b3-47da-bfbc-22c8cad1764a,ILLEGAL_CHAR_LATIN,traeart,Prunus subhirtélla 'Accolade',Prunus subhirtella 'Accolade',NA,remove accents,NA
0126b153-b1b1-470c-9cea-6a5757535bea,ILLEGAL_CHAR_LATIN,traeart,Zelkóva serráta,Zelkova serrata,NA,remove accents,NA
42ad36f0-582e-4b88-846b-8098204c44d4,ILLEGAL_CHAR_LATIN,traeart,Davídia involuncráta,Davidia involuncrata,NA,remove accents,NA
6e7ec5db-a585-48b4-a931-6ef4217d3f2c,ILLEGAL_CHAR_LATIN,traeart,Davídia involuncráta,Davidia involuncrata,NA,remove accents,NA
4ffc2403-6b28-40ea-9e04-035ba906f330,ILLEGAL_CHAR_LATIN,traeart,Paulównia tomentósa,Paulownia tomentosa,NA,remove accents,NA
6b81e257-3771-42c0-9089-128e8052ab8a,ILLEGAL_CHAR_LATIN,traeart,Sórbus commíxta,Sorbus commixta,NA,remove accents,NA
d2998df4-55a9-44df-99ed-ee20476de666,ILLEGAL_CHAR_LATIN,traeart,Sórbus commíxta,Sorbus commixta,NA,remove accents,NA
7afb015b-8933-41b1-952e-729bd417b19f,ILLEGAL_CHAR_LATIN,traeart,Sórbus commíxta,Sorbus commixta,NA,remove accents,NA
540431a2-ff67-4f97-8b8e-d127cbee16e1,ILLEGAL_CHAR_LATIN,traeart,Sórbus commixta 'Dodong',Sorbus commixta 'Dodong',NA,remove accents,NA
63ac4a0f-18f4-46ca-9230-6bb0389e0720,ILLEGAL_CHAR_LATIN,traeart,Sórbus commixta 'Dodong',Sorbus commixta 'Dodong',NA,remove accents,NA
4de6b764-47a6-48d4-96f0-ea6808ba2ed6,ILLEGAL_CHAR_LATIN,traeart,Sórbus commixta 'Dodong',Sorbus commixta 'Dodong',NA,remove accents,NA
47ec3936-eb88-4a0c-910d-426c7fbd7cab,ILLEGAL_CHAR_LATIN,traeart,Ácer rúbrum,Acer rubrum,NA,remove accents,NA
8b66bff0-c6b3-4a3f-b24e-70e05219f9ce,ILLEGAL_CHAR_LATIN,traeart,Sórbus commixta 'Dodong',Sorbus commixta 'Dodong',NA,remove accents,NA
ae02dfc5-4359-49b6-8bdf-cb063d7ea6d4,ILLEGAL_CHAR_LATIN,traeart,Pterocárya fraxinifólia,Pterocarya fraxinifolia,NA,remove accents,NA
065631de-5b52-4dd7-b096-2e86f70e1840,ILLEGAL_CHAR_LATIN,traeart,Pterocárya fraxinifólia,Pterocarya fraxinifolia,NA,remove accents,NA
dfdaa8cc-09fe-4005-8a35-2c5d6ea4d40b,ILLEGAL_CHAR_LATIN,traeart,Pterocárya fraxinifólia,Pterocarya fraxinifolia,NA,remove accents,NA
ec0e4a98-cf39-47c2-ac0c-0a82bdfd14b9,ILLEGAL_CHAR_LATIN,traeart,Pterocárya fraxinifólia,Pterocarya fraxinifolia,NA,remove accents,NA
01cef22e-f818-41e1-8c57-af99e22454eb,ILLEGAL_CHAR_LATIN,traeart,Fágus orientális,Fagus orientalis,NA,remove accents,NA
4278db16-53ea-45ec-b363-c537079feecc,ILLEGAL_CHAR_LATIN,traeart,Cercidiphýllum japónicum,Cercidiphyllum japonicum,NA,remove accents,NA
9105e43c-ed26-4184-93d8-b612448babbc,ILLEGAL_CHAR_LATIN,traeart,Nothofágus antárctica,Nothofagus antarctica,NA,remove accents,NA
929efb25-2a6c-4437-ac92-37f5c51ad803,ILLEGAL_CHAR_LATIN,traeart,Táxus baccáta,Taxus baccata,NA,remove accents,NA
ed941514-9e8b-458c-a48e-d37b8030ce7c,ILLEGAL_CHAR_LATIN,traeart,Táxus baccáta,Taxus baccata,NA,remove accents,NA
3e7d9a7f-60db-4cb5-89bb-d79385ec18dd,ILLEGAL_CHAR_LATIN,traeart,Táxus baccáta,Taxus baccata,NA,remove accents,NA
890b50d1-3ff6-490b-83c7-a9241a875016,ILLEGAL_CHAR_LATIN,traeart,Táxus baccáta,Taxus baccata,NA,remove accents,NA
1ef672eb-d91a-4764-afc5-e7f99bc81544,ILLEGAL_CHAR_LATIN,traeart,Sórbus commixta 'Dodong',Sorbus commixta 'Dodong',NA,remove accents,NA
b45f5c4a-2b01-4180-805f-5eba5c5dbbfe,ILLEGAL_CHAR_LATIN,traeart,Amelánchier laevis,Amelanchier laevis,NA,remove accents,NA
3949d591-e6a6-4ae6-8d61-e8b4e05b2dd9,ILLEGAL_CHAR_LATIN,traeart,Magnólia sp.,Magnolia sp.,NA,remove accents,NA
68e687bd-5ede-4ffe-ad54-bd0b3637ec03,ILLEGAL_CHAR_LATIN,traeart,Liriodéndron tulipífera,Liriodendron tulipifera,NA,remove accents,NA
390c5178-a1f4-4111-9e60-0d61a1c0fb3d,ILLEGAL_CHAR_LATIN,traeart,Amelánchier laevis,Amelanchier laevis,NA,remove accents,NA
7a098c63-1860-4366-a17d-ca1dd0703acf,ILLEGAL_CHAR_LATIN,traeart,Amelánchier laevis,Amelanchier laevis,NA,remove accents,NA
7615a627-7f1c-4d68-969c-8ca65dcb862b,ILLEGAL_CHAR_LATIN,traeart,Cercidiphýllum japónicum,Cercidiphyllum japonicum,NA,remove accents,NA
f82e6314-04e8-4003-8c61-a7876643e880,ILLEGAL_CHAR_LATIN,traeart,Cercidiphýllum japónicum,Cercidiphyllum japonicum,NA,remove accents,NA
7861dea2-5bb3-4055-b933-c6672be0c215,ILLEGAL_CHAR_LATIN,traeart,Cercidiphýllum japónicum,Cercidiphyllum japonicum,NA,remove accents,NA
c04d3829-28af-4a41-af7b-e43bf1a13e55,ILLEGAL_CHAR_LATIN,traeart,Cercidiphýllum japónicum,Cercidiphyllum japonicum,NA,remove accents,NA
d50deb66-0601-4319-ad4a-435d15b78b98,ILLEGAL_CHAR_LATIN,traeart,Méspilus germánica,Mespilus germanica,NA,remove accents,NA
848c3f24-9226-44f3-9a27-4ba6db60b556,ILLEGAL_CHAR_LATIN,traeart,Cercidiphýllum japónicum,Cercidiphyllum japonicum,NA,remove accents,NA
a9201cac-6d21-4fd6-b335-0dede17b12ab,ILLEGAL_CHAR_LATIN,traeart,Cercidiphýllum japónicum,Cercidiphyllum japonicum,NA,remove accents,NA
62c68eb7-5a53-4032-a518-5613d896c6de,ILLEGAL_CHAR_LATIN,traeart,Méspilus germánica,Mespilus germanica,NA,remove accents,NA
c152ad1e-b58d-4ae7-804e-f2c7c44693f2,ILLEGAL_CHAR_LATIN,traeart,Méspilus germánica,Mespilus germanica,NA,remove accents,NA
c3720ad9-30bd-42f5-87c0-ef5411f4d6f7,ILLEGAL_CHAR_LATIN,traeart,Méspilus germánica,Mespilus germanica,NA,remove accents,NA
b6f6f5ed-12c7-4238-8c4c-5790cb596228,ILLEGAL_CHAR_LATIN,traeart,Mórus nígra,Morus nigra,NA,remove accents,NA
30b33be4-641c-4939-93dd-d8ecd23f3c1a,ILLEGAL_CHAR_LATIN,traeart,Mórus nígra,Morus nigra,NA,remove accents,NA
dae20861-1c83-4bb1-9e2b-8b2a4394e2eb,ILLEGAL_CHAR_LATIN,traeart,Mórus nígra,Morus nigra,NA,remove accents,NA
90355940-1097-4d31-a8eb-3974a815d490,ILLEGAL_CHAR_LATIN,traeart,Mórus nígra,Morus nigra,NA,remove accents,NA
5fb873c2-30d1-4b02-b8f7-07a81401bb05,ILLEGAL_CHAR_LATIN,traeart,Mórus nígra,Morus nigra,NA,remove accents,NA
3711b86f-e995-4cbe-8f24-90b72ee4f31b,ILLEGAL_CHAR_LATIN,traeart,Cercidiphýllum japónicum,Cercidiphyllum japonicum,NA,remove accents,NA
e035e59d-aaaf-4c6f-94d6-bb4b94ab675f,ILLEGAL_CHAR_LATIN,traeart,Cedrús líbani,Cedrus libani,NA,remove accents,NA
33857066-cde2-4d2e-871c-27c1b36dc99d,ILLEGAL_CHAR_LATIN,traeart,Pterocárya fraxinifólia,Pterocarya fraxinifolia,NA,remove accents,NA
209eefff-c057-42f9-b86d-902bbe20d933,ILLEGAL_CHAR_LATIN,traeart,Pterocárya fraxinifólia,Pterocarya fraxinifolia,NA,remove accents,NA
5a70f518-333a-487d-8cc8-eb89ab272308,ILLEGAL_CHAR_LATIN,traeart,Cedrús líbani,Cedrus libani,NA,remove accents,NA
7f70f432-1fb5-4d99-9787-efc4b3d34375,ILLEGAL_CHAR_LATIN,traeart,Sórbus commíxta,Sorbus commixta,NA,remove accents,NA
216ab793-2def-49f0-8abd-62deeb93c105,ILLEGAL_CHAR_LATIN,traeart,Pterocárya fraxinifólia,Pterocarya fraxinifolia,NA,remove accents,NA
786d844b-3c29-4c7a-bcbf-3a272c418431,ILLEGAL_CHAR_LATIN,traeart,Pterocárya fraxinifólia,Pterocarya fraxinifolia,NA,remove accents,NA
b6d9e22b-29aa-4521-9b87-75f1d7ed851b,ILLEGAL_CHAR_LATIN,traeart,Táxus baccáta,Taxus baccata,NA,remove accents,NA
c56766df-dcd6-4b59-b710-b0a48eaec20c,ILLEGAL_CHAR_LATIN,traeart,Táxus baccáta,Taxus baccata,NA,remove accents,NA
7ba84fc7-547f-4e7a-9a6e-cdaa6af55abf,ILLEGAL_CHAR_LATIN,traeart,Táxus baccáta,Taxus baccata,NA,remove accents,NA
fa42a97c-42bc-45f8-9dc3-60d9f94c56c7,ILLEGAL_CHAR_LATIN,traeart,Táxus baccáta,Taxus baccata,NA,remove accents,NA
5484324e-cde1-4f87-b089-2a0a36e9ebdc,ILLEGAL_CHAR_LATIN,traeart,Táxus baccáta,Taxus baccata,NA,remove accents,NA
e25effcb-165f-4df5-b878-4e23d2d72b43,ILLEGAL_CHAR_LATIN,traeart,Táxus baccáta,Taxus baccata,NA,remove accents,NA
4c9aed58-c752-4c91-b71b-1b4ddfc526be,ILLEGAL_CHAR_LATIN,traeart,Táxus baccáta,Taxus baccata,NA,remove accents,NA
b0e683dd-ad64-4d3e-b88a-d9ce744beab6,ILLEGAL_CHAR_LATIN,traeart,Quércus x túrneri,Quercus x turneri,NA,remove accents,NA
4bb524d2-4b6f-49d1-bd61-db6d4c80e882,ILLEGAL_CHAR_LATIN,traeart,Liquidámbar styracíflua,Liquidambar styraciflua,NA,remove accents,NA
5478bb48-53e6-4842-bee7-fcccd3018558,ILLEGAL_CHAR_LATIN,traeart,Liquidámbar styracíflua,Liquidambar styraciflua,NA,remove accents,NA
1b56a7b8-6f13-406e-9a64-735c921d36dc,ILLEGAL_CHAR_LATIN,traeart,Prúnus sérrula,Prunus serrula,NA,remove accents,NA
1056ab00-4931-486d-8389-57d26e9f03e6,ILLEGAL_CHAR_LATIN,traeart,Liriodéndron tulipífera,Liriodendron tulipifera,NA,remove accents,NA
c11762cb-7330-49ab-9554-350ffc31c0b2,ILLEGAL_CHAR_LATIN,traeart,Méspilus germánica,Mespilus germanica,NA,remove accents,NA
94528553-8c91-4d69-9ece-a89134a29561,ILLEGAL_CHAR_LATIN,traeart,Mórus nígra,Morus nigra,NA,remove accents,NA
a8b27178-2b8a-4372-87ba-f37d772a6dc8,ILLEGAL_CHAR_LATIN,traeart,Sórbus commixta 'Dodong',Sorbus commixta 'Dodong',NA,remove accents,NA
2f06edfe-e125-46c3-8115-333535855b58,ILLEGAL_CHAR_LATIN,traeart,Catálpa bignonioídes,Catalpa bignonioides,NA,remove accents,NA
0c2124af-16d1-4603-bb1c-5090e791fabb,ILLEGAL_CHAR_LATIN,traeart,Cydónia oblónga,Cydonia oblonga,NA,remove accents,NA
8f0c93a9-ebf0-46f5-af91-575500f0c7b6,ILLEGAL_CHAR_LATIN,traeart,Cydónia oblónga,Cydonia oblonga,NA,remove accents,NA
ea9b8a7a-bfbc-46ad-8732-4c3f4cc4d427,ILLEGAL_CHAR_LATIN,traeart,Liriodéndron tulipífera,Liriodendron tulipifera,NA,remove accents,NA
05bef5da-7f99-48a4-9840-3d62c9b92d76,ILLEGAL_CHAR_LATIN,traeart,Cydónia oblónga,Cydonia oblonga,NA,remove accents,NA
e2f7d62e-7a23-45bb-b391-930dded7ca59,ILLEGAL_CHAR_LATIN,traeart,Liriodéndron tulipífera,Liriodendron tulipifera,NA,remove accents,NA
602c670e-9e9f-42dd-8850-577854ef01e1,ILLEGAL_CHAR_LATIN,traeart,Liriodéndron tulipífera,Liriodendron tulipifera,NA,remove accents,NA
86040ede-4faa-40f0-a363-e68374c906e7,ILLEGAL_CHAR_LATIN,traeart,Nothofágus antárctica,Nothofagus antarctica,NA,remove accents,NA
8e52e33d-8854-4e48-b542-7284805b819f,ILLEGAL_CHAR_LATIN,traeart,Nothofágus antárctica,Nothofagus antarctica,NA,remove accents,NA
80f61709-e3fa-4e2e-8229-36bea974f1cf,ILLEGAL_CHAR_LATIN,traeart,Sórbus commixta 'Dodong',Sorbus commixta 'Dodong',NA,remove accents,NA
2073a15f-a1da-4b7e-b333-98ffa32b2b50,ILLEGAL_CHAR_LATIN,traeart,Nothofágus antárctica,Nothofagus antarctica,NA,remove accents,NA
5819e4b3-77fa-4889-9a44-f14ead000263,ILLEGAL_CHAR_LATIN,traeart,Liriodéndron tulipífera,Liriodendron tulipifera,NA,remove accents,NA
82c33038-01ac-4601-bf5a-ddd827e51a60,ILLEGAL_CHAR_LATIN,traeart,Ácer gríseum,Acer griseum,NA,remove accents,NA
ca395203-606b-4045-a389-b5a04052234e,ILLEGAL_CHAR_LATIN,traeart,Ácer gríseum,Acer griseum,NA,remove accents,NA
9803f18c-d462-4384-88de-51385966dbf1,ILLEGAL_CHAR_LATIN,traeart,Ácer gríseum,Acer griseum,NA,remove accents,NA
6c69a4d7-9b25-4d29-9289-c209b142844e,ILLEGAL_CHAR_LATIN,traeart,Ácer gríseum,Acer griseum,NA,remove accents,NA
c236181a-f234-4be1-b816-5594a76c7e26,ILLEGAL_CHAR_LATIN,traeart,Fágus orientális,Fagus orientalis,NA,remove accents,NA
a7cc1af4-a4cb-48f1-b79c-dbd3b37b8727,ILLEGAL_CHAR_LATIN,traeart,Ácer argutum,Acer argutum,NA,remove accents,NA
9c852b9e-ed67-4fc5-9e3d-bbb9ea44e608,ILLEGAL_CHAR_LATIN,traeart,Ácer argutum,Acer argutum,NA,remove accents,NA
7009b248-0c33-4070-bb73-a7f4a07d92a5,ILLEGAL_CHAR_LATIN,traeart,Prunus subhirtélla 'Accolade',Prunus subhirtella 'Accolade',NA,remove accents,NA
ddaddeee-fd6f-4abc-9077-f78492553add,ILLEGAL_CHAR_LATIN,traeart,Prunus subhirtélla 'Accolade',Prunus subhirtella 'Accolade',NA,remove accents,NA
430b4fb7-0282-470a-bee4-bb5cf33856b7,ILLEGAL_CHAR_LATIN,traeart,Prunus subhirtélla 'Accolade',Prunus subhirtella 'Accolade',NA,remove accents,NA
34f818c4-36fd-4180-98f1-abf41e63daf7,ILLEGAL_CHAR_LATIN,traeart,Catálpa bignonioídes,Catalpa bignonioides,NA,remove accents,NA
16374f68-8cf2-4971-9d44-70514061685b,ILLEGAL_CHAR_LATIN,traeart,Méspilus germánica,Mespilus germanica,NA,remove accents,NA
ba5a2a42-c402-4680-a0eb-64af217521c1,ILLEGAL_CHAR_LATIN,traeart,Prunus subhirtélla 'Accolade',Prunus subhirtella 'Accolade',NA,remove accents,NA
648f7b32-9b9d-418b-8fa8-2b30e79ffcb0,ILLEGAL_CHAR_LATIN,traeart,Liriodéndron tulipífera,Liriodendron tulipifera,NA,remove accents,NA
16754188-75a7-4754-8aa3-9cb5405f3533,ILLEGAL_CHAR_LATIN,traeart,Prunus subhirtélla 'Accolade',Prunus subhirtella 'Accolade',NA,remove accents,NA
fdb70c5c-fc2b-4877-a12b-e3d448aadb14,ILLEGAL_CHAR_LATIN,traeart,Prunus subhirtélla 'Accolade',Prunus subhirtella 'Accolade',NA,remove accents,NA
a6b66dee-6261-4032-b858-bbb72a716b19,ILLEGAL_CHAR_LATIN,traeart,Prunus subhirtélla 'Accolade',Prunus subhirtella 'Accolade',NA,remove accents,NA
78c89ece-a8fb-436f-887b-cb78f142969e,ILLEGAL_CHAR_LATIN,traeart,Prunus subhirtélla 'Accolade',Prunus subhirtella 'Accolade',NA,remove accents,NA
124cd1cb-04bc-42c3-adac-6509375bbe23,ILLEGAL_CHAR_LATIN,traeart,Prunus subhirtélla 'Accolade',Prunus subhirtella 'Accolade',NA,remove accents,NA
0ef6908c-14bc-4370-a7ee-f5480a81d556,ILLEGAL_CHAR_LATIN,traeart,Prunus subhirtélla 'Accolade',Prunus subhirtella 'Accolade',NA,remove accents,NA
eabae312-adb2-409f-9d07-58c7f78fdc69,ILLEGAL_CHAR_LATIN,traeart,Prunus subhirtélla 'Accolade',Prunus subhirtella 'Accolade',NA,remove accents,NA
bb554429-b1e0-474f-804f-de8637bc2e1b,ILLEGAL_CHAR_LATIN,traeart,Fráxinus pennsylvánica,Fraxinus pennsylvanica,NA,remove accents,NA
06eddbf2-6d92-479b-8cc7-13f83e3bd07e,ILLEGAL_CHAR_LATIN,traeart,Fráxinus pennsylvánica,Fraxinus pennsylvanica,NA,remove accents,NA
24569cac-fb34-4a28-91d0-a094444320bc,ILLEGAL_CHAR_LATIN,traeart,Fráxinus pennsylvánica,Fraxinus pennsylvanica,NA,remove accents,NA
8d490fa3-236a-45bf-aca0-978911831510,ILLEGAL_CHAR_LATIN,traeart,Fráxinus pennsylvánica,Fraxinus pennsylvanica,NA,remove accents,NA
fc192a44-3049-4845-919a-a1d9d1fb7cea,ILLEGAL_CHAR_LATIN,traeart,Fráxinus pennsylvánica,Fraxinus pennsylvanica,NA,remove accents,NA
71b703e4-76fa-4318-b6f6-e23f39d5910e,ILLEGAL_CHAR_LATIN,traeart,Fráxinus pennsylvánica,Fraxinus pennsylvanica,NA,remove accents,NA
74ebdaa4-84c9-4998-be29-21014001693e,ILLEGAL_CHAR_LATIN,traeart,Fráxinus pennsylvánica,Fraxinus pennsylvanica,NA,remove accents,NA
a47bb7f7-5845-4b55-a2a9-5199f525c083,ILLEGAL_CHAR_LATIN,traeart,Fráxinus pennsylvánica,Fraxinus pennsylvanica,NA,remove accents,NA
c4e2dd15-a1d4-49a4-92c1-26a189c548f2,ILLEGAL_CHAR_LATIN,traeart,Fráxinus pennsylvánica,Fraxinus pennsylvanica,NA,remove accents,NA
27b040a5-4422-408f-83bc-1e3cf2c8fc69,ILLEGAL_CHAR_LATIN,traeart,Prunus subhirtélla 'Accolade',Prunus subhirtella 'Accolade',NA,remove accents,NA
f11ebc50-ae4e-4fd2-8e13-12fc4bb0a470,ILLEGAL_CHAR_LATIN,traeart,Prunus subhirtélla 'Accolade',Prunus subhirtella 'Accolade',NA,remove accents,NA
e49ae167-e8e0-47b2-89ef-313152582d80,ILLEGAL_CHAR_LATIN,traeart,Prunus subhirtélla 'Accolade',Prunus subhirtella 'Accolade',NA,remove accents,NA
a88a88f5-dbfc-470d-9ae9-c7452a831651,ILLEGAL_CHAR_LATIN,traeart,Prunus subhirtélla 'Accolade',Prunus subhirtella 'Accolade',NA,remove accents,NA
53ecb770-18c4-4947-a133-8e743baf1741,ILLEGAL_CHAR_LATIN,traeart,Prunus subhirtélla 'Accolade',Prunus subhirtella 'Accolade',NA,remove accents,NA
65093b0d-8487-495d-8c3e-f9c1f7854af1,ILLEGAL_CHAR_LATIN,traeart,Prunus subhirtélla 'Accolade',Prunus subhirtella 'Accolade',NA,remove accents,NA
22472a5c-e523-4a75-954b-073c6266e505,ILLEGAL_CHAR_LATIN,traeart,Prunus subhirtélla 'Accolade',Prunus subhirtella 'Accolade',NA,remove accents,NA
75838837-2f4f-4317-9181-cdd8e7a0c1cb,ILLEGAL_CHAR_LATIN,traeart,Prunus subhirtélla 'Accolade',Prunus subhirtella 'Accolade',NA,remove accents,NA
6fceb97c-c89a-4df1-8b99-3fab5ae46cec,ILLEGAL_CHAR_LATIN,traeart,Fágus orientális,Fagus orientalis,NA,remove accents,NA
da3c8596-16d4-4def-86e4-77f81e2c2335,ILLEGAL_CHAR_LATIN,traeart,Liriodéndron tulipífera,Liriodendron tulipifera,NA,remove accents,NA
0cf0500b-ca95-4ad4-81ae-5d9daa1d77b4,ILLEGAL_CHAR_LATIN,traeart,Táxus baccáta,Taxus baccata,NA,remove accents,NA
400869b9-eeda-4f66-81b8-3e27372bbe0c,ILLEGAL_CHAR_LATIN,traeart,Liriodéndron tulipífera,Liriodendron tulipifera,NA,remove accents,NA
a5b70c5f-24e5-44d3-95ed-0f0f01a0328d,ILLEGAL_CHAR_LATIN,traeart,Quércus x túrneri,Quercus x turneri,NA,remove accents,NA
0e00be0b-b094-4f5f-9b01-1371784fad1a,ILLEGAL_CHAR_LATIN,traeart,Quércus x túrneri,Quercus x turneri,NA,remove accents,NA
b724cf7b-1afd-446a-a3a5-2817c6786e35,ILLEGAL_CHAR_LATIN,traeart,Ácer gríseum,Acer griseum,NA,remove accents,NA
bafebee4-aeca-411f-8326-2f5ebcbfb9c7,ILLEGAL_CHAR_LATIN,traeart,Mórus nígra,Morus nigra,NA,remove accents,NA
b4afc804-2e48-4ace-991e-6150be14eaea,ILLEGAL_CHAR_LATIN,traeart,Liriodéndron tulipífera,Liriodendron tulipifera,NA,remove accents,NA
50c14acf-3a90-472c-bd9b-b746caba1690,ILLEGAL_CHAR_LATIN,traeart,Amelánchier laevis,Amelanchier laevis,NA,remove accents,NA
ef516cad-b701-4370-bb2d-7e9e62650188,ILLEGAL_CHAR_LATIN,traeart,Liriodéndron tulipífera,Liriodendron tulipifera,NA,remove accents,NA
0bda83db-7865-4cba-9a18-6f0b2bf2f319,ILLEGAL_CHAR_LATIN,traeart,Nothofágus antárctica,Nothofagus antarctica,NA,remove accents,NA
a4c5a9d7-85b4-44c5-92b7-4374560facf4,ILLEGAL_CHAR_LATIN,traeart,Catálpa bignonioídes,Catalpa bignonioides,NA,remove accents,NA
0f58e680-3d7e-494c-b002-94e798d61dd8,ILLEGAL_CHAR_LATIN,traeart,Nothofágus antárctica,Nothofagus antarctica,NA,remove accents,NA
7836a05c-6a45-42e0-a646-e1ba5ba62fdd,ILLEGAL_CHAR_LATIN,traeart,Nothofágus antárctica,Nothofagus antarctica,NA,remove accents,NA
52d0be14-9448-470f-8a77-7cb564a93812,ILLEGAL_CHAR_LATIN,traeart,Sequoiadéndron gigantéum,Sequoiadendron giganteum,NA,remove accents,NA
b36501fb-933f-4215-8acc-bc5f1e590b20,ILLEGAL_CHAR_LATIN,traeart,Prunus subhirtélla 'Accolade',Prunus subhirtella 'Accolade',NA,remove accents,NA
ea90235f-91a2-4ce5-8e76-b178091c6e0a,ILLEGAL_CHAR_LATIN,traeart,Prunus subhirtélla 'Accolade',Prunus subhirtella 'Accolade',NA,remove accents,NA
938826f9-be25-455d-a6cd-9815a08d7291,ILLEGAL_CHAR_LATIN,traeart,Fágus sylvática 'Atropunicea',Fagus sylvatica 'Atropunicea',NA,remove accents,NA
5c95cc44-f074-42f9-8e14-b77de9473f59,ILLEGAL_CHAR_LATIN,traeart,Amelánchier laevis,Amelanchier laevis,NA,remove accents,NA
216ecc22-b69f-4761-9299-23cfbf0900ca,ILLEGAL_CHAR_LATIN,traeart,Ácer tatáricum,Acer tataricum,NA,remove accents,NA
1386559c-5093-4477-a0c3-b7dee0eff99c,ILLEGAL_CHAR_LATIN,traeart,Sórbus commixta 'Dodong',Sorbus commixta 'Dodong',NA,remove accents,NA
45bea320-94dd-4e82-b83c-98a209d0bde8,ILLEGAL_CHAR_LATIN,traeart,Rhus potanínii,Rhus potaninii,NA,remove accents,NA
b0254456-9741-471d-9ad0-0f0548680343,ILLEGAL_CHAR_LATIN,traeart,Sórbus commixta 'Dodong',Sorbus commixta 'Dodong',NA,remove accents,NA
ea75f7c4-7bcb-42d3-b7c7-7b3cc281e002,ILLEGAL_CHAR_LATIN,traeart,Sórbus commixta 'Dodong',Sorbus commixta 'Dodong',NA,remove accents,NA
cecea3c9-8885-4420-ba11-1132a62bc46a,ILLEGAL_CHAR_LATIN,traeart,Ácer argutum,Acer argutum,NA,remove accents,NA
01085c74-914a-4900-b3f2-8a9d74ec2f9f,ILLEGAL_CHAR_LATIN,traeart,Liriodéndron tulipífera,Liriodendron tulipifera,NA,remove accents,NA
4e3ca390-6a67-4a69-82a7-79c81eacda41,ILLEGAL_CHAR_LATIN,traeart,Rhus potanínii,Rhus potaninii,NA,remove accents,NA
5fe3d9d9-c415-4d3a-b25b-d62caf544fff,ILLEGAL_CHAR_LATIN,traeart,Prúnus sérrula,Prunus serrula,NA,remove accents,NA
cd62a0f2-83f3-466f-8abd-3d88d8a89851,ILLEGAL_CHAR_LATIN,traeart,Paulównia tomentósa,Paulownia tomentosa,NA,remove accents,NA
cbc721c8-276f-4d79-aa80-3c49cfd14ca9,ILLEGAL_CHAR_LATIN,traeart,Paulównia tomentósa,Paulownia tomentosa,NA,remove accents,NA
24eb085b-d19e-4823-8b47-c650b4132fe4,ILLEGAL_CHAR_LATIN,traeart,Sequoiadéndron gigantéum,Sequoiadendron giganteum,NA,remove accents,NA
92ef4b6d-711a-4f9a-8517-a85a636cd1d6,ILLEGAL_CHAR_LATIN,traeart,Liquidámbar styracíflua,Liquidambar styraciflua,NA,remove accents,NA
3e3c4fb8-93a9-4523-9854-be30b74fcde3,ILLEGAL_CHAR_LATIN,traeart,Liquidámbar styracíflua,Liquidambar styraciflua,NA,remove accents,NA
f99e8e6a-4fce-4453-966c-cc4e97873677,ILLEGAL_CHAR_LATIN,traeart,Magnólia sp.,Magnolia sp.,NA,remove accents,NA
a704243e-7de2-4e59-bf4d-6e184248deb8,ILLEGAL_CHAR_LATIN,traeart,Magnólia sp.,Magnolia sp.,NA,remove accents,NA
de5fe3ef-ec54-409c-bfa2-143e757c43c5,ILLEGAL_CHAR_LATIN,traeart,Nothofágus antárctica,Nothofagus antarctica,NA,remove accents,NA
84421107-8488-4897-9eca-cf96c5de1eb0,ILLEGAL_CHAR_LATIN,traeart,Ácer rúbrum,Acer rubrum,NA,remove accents,NA
4689a86c-67b6-4097-ab93-09b604e89346,ILLEGAL_CHAR_LATIN,traeart,Ácer rúbrum,Acer rubrum,NA,remove accents,NA
8a20bc3e-7a4a-4054-bd65-1e2ce98c005d,ILLEGAL_CHAR_LATIN,traeart,Pterocárya fraxinifólia,Pterocarya fraxinifolia,NA,remove accents,NA
22617d3b-395d-464f-8b31-116efb50c420,ILLEGAL_CHAR_LATIN,traeart,Ácer gríseum,Acer griseum,NA,remove accents,NA
95be6f8e-d77e-47da-93fb-352538231d22,ILLEGAL_CHAR_LATIN,traeart,Mórus álba,Morus alba,NA,remove accents,NA
81e19b9f-5b7f-426a-9737-22f6153ce043,ILLEGAL_CHAR_LATIN,traeart,Amelánchier laevis,Amelanchier laevis,NA,remove accents,NA
734201d9-8e9f-4103-831e-7487f7197f77,ILLEGAL_CHAR_LATIN,traeart,Sórbus commixta 'Dodong',Sorbus commixta 'Dodong',NA,remove accents,NA
a671c0d2-b3d5-4e84-9187-1c20eb92e1ae,ILLEGAL_CHAR_LATIN,traeart,Liriodéndron tulipífera,Liriodendron tulipifera,NA,remove accents,NA
f58b2a12-1375-4f9e-882a-518c8bb95694,ILLEGAL_CHAR_LATIN,traeart,Sórbus commixta 'Dodong',Sorbus commixta 'Dodong',NA,remove accents,NA
dc67b24e-b673-47b3-bbd1-88f97093deea,ILLEGAL_CHAR_LATIN,traeart,Paulównia tomentósa,Paulownia tomentosa,NA,remove accents,NA
9065bc71-6048-4235-85db-0b6d5191429f,ILLEGAL_CHAR_LATIN,traeart,Liquidámbar styracíflua,Liquidambar styraciflua,NA,remove accents,NA
253245f3-2172-4323-95a7-cc8d3b0988d7,ILLEGAL_CHAR_LATIN,traeart,Cercidiphýllum japónicum,Cercidiphyllum japonicum,NA,remove accents,NA
0c08b148-e476-4096-8757-7a64725f37d7,ILLEGAL_CHAR_LATIN,traeart,Davídia involuncráta,Davidia involuncrata,NA,remove accents,NA
e8080b40-4109-41d5-878e-e11c37509894,ILLEGAL_CHAR_LATIN,traeart,Davídia involuncráta,Davidia involuncrata,NA,remove accents,NA
f5e4bb59-18db-4aea-896e-91891cf9a30e,ILLEGAL_CHAR_LATIN,traeart,Liquidámbar styracíflua,Liquidambar styraciflua,NA,remove accents,NA
a4d6deef-46e0-4fcf-903b-f17e6e0ad373,ILLEGAL_CHAR_LATIN,traeart,Zelkóva serráta,Zelkova serrata,NA,remove accents,NA
449ec662-62e6-4623-9a09-bc9156af0867,ILLEGAL_CHAR_LATIN,traeart,Sórbus commixta 'Dodong',Sorbus commixta 'Dodong',NA,remove accents,NA
be3cdaa6-6b0d-4dcf-a982-bb8be5096c2b,ILLEGAL_CHAR_LATIN,traeart,Tetradium daniéllii,Tetradium daniellii,NA,remove accents,NA
9dd94cfd-9e32-4589-a9e7-44ef467dd583,ILLEGAL_CHAR_LATIN,traeart,Tetradium daniéllii,Tetradium daniellii,NA,remove accents,NA
041f2a81-fea2-4a5c-a751-9287d3d227ae,ILLEGAL_CHAR_LATIN,traeart,Fágus sylvática 'Atropunicea',Fagus sylvatica 'Atropunicea',NA,remove accents,NA
8ae40b87-47c2-4dbd-baea-e594510fe777,ILLEGAL_CHAR_LATIN,traeart,Amelánchier laevis,Amelanchier laevis,NA,remove accents,NA
8e1f4bcd-8edf-41df-8ad4-3d74bf9b26c8,ILLEGAL_CHAR_LATIN,traeart,Liquidámbar styracíflua,Liquidambar styraciflua,NA,remove accents,NA
4889d26b-d8ad-4688-9575-fdf762281de2,ILLEGAL_CHAR_LATIN,traeart,Cydónia oblónga,Cydonia oblonga,NA,remove accents,NA
b9ef6611-4b00-46ee-bf7b-8d3ce9c801c1,ILLEGAL_CHAR_LATIN,traeart,Liquidámbar styracíflua,Liquidambar styraciflua,NA,remove accents,NA
cbe19def-ba2d-4acb-8514-3a333cc9c476,ILLEGAL_CHAR_LATIN,traeart,Táxus baccáta,Taxus baccata,NA,remove accents,NA
f65a20e6-a081-4d64-a41f-f2a749009238,ILLEGAL_CHAR_LATIN,traeart,Táxus baccáta,Taxus baccata,NA,remove accents,NA
ef541b5d-926e-47d6-960e-d2e5302184b6,ILLEGAL_CHAR_LATIN,traeart,Táxus baccáta,Taxus baccata,NA,remove accents,NA
7a9e7a1f-7ba4-4dc0-875e-96cb1a1e916e,ILLEGAL_CHAR_LATIN,traeart,Amelánchier laevis,Amelanchier laevis,NA,remove accents,NA
6fdf5d8a-1c24-4205-a9ad-937f1140625d,ILLEGAL_CHAR_LATIN,traeart,Táxus baccáta,Taxus baccata,NA,remove accents,NA
db2839a4-fdfd-4ded-b649-127747fefc14,ILLEGAL_CHAR_LATIN,traeart,Táxus baccáta,Taxus baccata,NA,remove accents,NA
f43f35b1-a742-4c9e-8e18-c939c34ad3c1,ILLEGAL_CHAR_LATIN,traeart,Táxus baccáta,Taxus baccata,NA,remove accents,NA
2c57e168-5414-4eee-b6a7-9f3bb78feca2,ILLEGAL_CHAR_LATIN,traeart,Paulównia tomentósa,Paulownia tomentosa,NA,remove accents,NA
e7db1160-7877-4785-a0cd-ff6bafde0594,ILLEGAL_CHAR_LATIN,traeart,Paulównia tomentósa,Paulownia tomentosa,NA,remove accents,NA
2ff46282-9f87-42ed-8e91-1d0f9420cef1,ILLEGAL_CHAR_LATIN,traeart,Cercidiphýllum japónicum,Cercidiphyllum japonicum,NA,remove accents,NA
ba1343cb-540f-4bcf-a91a-de22be28aa3c,ILLEGAL_CHAR_LATIN,traeart,Sórbus commíxta,Sorbus commixta,NA,remove accents,NA
7e080333-e9e1-462d-966d-85f10eac19c2,ILLEGAL_CHAR_LATIN,traeart,Bétula papyrífera,Betula papyrifera,NA,remove accents,NA
8861c509-b9f1-4919-9b27-62440748f0aa,ILLEGAL_CHAR_LATIN,traeart,Liriodéndron tulipífera,Liriodendron tulipifera,NA,remove accents,NA
195ccb1b-e497-47e3-9443-1e756ff8db62,ILLEGAL_CHAR_LATIN,traeart,Catálpa bignonioídes,Catalpa bignonioides,NA,remove accents,NA
cb1808d3-ae59-405e-936b-26ee7e7dd91c,ILLEGAL_CHAR_LATIN,traeart,Bétula papyrífera,Betula papyrifera,NA,remove accents,NA
e7e504e0-d624-422d-a9f5-df0353332ab1,ILLEGAL_CHAR_LATIN,traeart,Bétula papyrífera,Betula papyrifera,NA,remove accents,NA
4fff98e8-771d-4f86-b05f-f417f5f65854,ILLEGAL_CHAR_LATIN,traeart,Bétula papyrífera,Betula papyrifera,NA,remove accents,NA
2ebd38f9-4540-44d6-8e0e-8afba7b3d24c,ILLEGAL_CHAR_LATIN,traeart,Bétula papyrífera,Betula papyrifera,NA,remove accents,NA
17456ee4-c153-4a03-9665-6234da0da318,ILLEGAL_CHAR_LATIN,traeart,Álnus inokumea,Alnus inokumea,NA,remove accents,NA
34b1e28f-6ea7-4157-b6a5-f3a83640c495,ILLEGAL_CHAR_LATIN,traeart,Álnus inokumea,Alnus inokumea,NA,remove accents,NA
04d1508a-75de-4598-a248-75bbd615294f,ILLEGAL_CHAR_LATIN,traeart,Álnus inokumea,Alnus inokumea,NA,remove accents,NA
c5cc200e-cfe8-456f-8726-31b145eb9cc4,ILLEGAL_CHAR_LATIN,traeart,Mórus nígra,Morus nigra,NA,remove accents,NA
b52e8057-7579-4ae7-adb3-eed07fbc24a7,ILLEGAL_CHAR_LATIN,traeart,Júglans nígra,Juglans nigra,NA,remove accents,NA
7639c5e1-25a7-42b1-8dba-ef02d86325db,ILLEGAL_CHAR_LATIN,traeart,Ácer rúbrum,Acer rubrum,NA,remove accents,NA
5f1229fd-fee6-42fc-aa37-b50ca29f05d8,ILLEGAL_CHAR_LATIN,traeart,Ácer rúbrum,Acer rubrum,NA,remove accents,NA
1e27e047-4052-4573-a139-3e85cdd25048,ILLEGAL_CHAR_LATIN,traeart,Ácer rúbrum,Acer rubrum,NA,remove accents,NA
657af4a4-a517-4969-82ed-a65159041b16,ILLEGAL_CHAR_LATIN,traeart,Prunus subhirtélla 'Accolade',Prunus subhirtella 'Accolade',NA,remove accents,NA
80bb3eec-4a5e-490f-a35e-345142c3adc2,ILLEGAL_CHAR_LATIN,traeart,Prunus subhirtélla 'Accolade',Prunus subhirtella 'Accolade',NA,remove accents,NA
8d412dbf-2677-4e5c-a3c4-201f7e9414a6,ILLEGAL_CHAR_LATIN,traeart,Pterocárya fraxinifólia,Pterocarya fraxinifolia,NA,remove accents,NA
39b3b355-c8c7-433f-a51a-303ad5d3c42b,ILLEGAL_CHAR_LATIN,traeart,Fráxinus pennsylvánica,Fraxinus pennsylvanica,NA,remove accents,NA
acf6aa6d-d949-4297-8118-887879d1414a,ILLEGAL_CHAR_LATIN,traeart,Álnus inokumea,Alnus inokumea,NA,remove accents,NA
a2294d4c-4644-4ea7-bc98-d8f59d977b50,ILLEGAL_CHAR_LATIN,traeart,Álnus inokumea,Alnus inokumea,NA,remove accents,NA
36c342a5-3dea-40da-91f9-0d6afae480e0,ILLEGAL_CHAR_LATIN,traeart,Fágus sylvática 'Asplenifolia',Fagus sylvatica 'Asplenifolia',NA,remove accents,NA
6c5797b2-50e9-4644-aa8d-0786a1000b37,ILLEGAL_CHAR_LATIN,traeart,Pterocárya fraxinifólia,Pterocarya fraxinifolia,NA,remove accents,NA
e01cc05e-738b-4e13-a62f-f650735394ef,ILLEGAL_CHAR_LATIN,traeart,Pterocárya fraxinifólia,Pterocarya fraxinifolia,NA,remove accents,NA
c432b845-03f9-416e-8efc-6d320b45c04f,ILLEGAL_CHAR_LATIN,traeart,Pterocárya fraxinifólia,Pterocarya fraxinifolia,NA,remove accents,NA
300f36bf-a4ea-447b-9182-c20899871038,ILLEGAL_CHAR_LATIN,traeart,Liquidámbar styracíflua,Liquidambar styraciflua,NA,remove accents,NA
60695d56-8be1-4bfe-81ab-459da207e864,ILLEGAL_CHAR_LATIN,traeart,Méspilus germánica,Mespilus germanica,NA,remove accents,NA
a6d1600b-304e-4f85-9fd2-75290cce09a0,ILLEGAL_CHAR_LATIN,traeart,Zelkóva serráta,Zelkova serrata,NA,remove accents,NA
f70ec2a7-7cef-4eeb-8aa3-b7598c381a67,ILLEGAL_CHAR_LATIN,traeart,Méspilus germánica,Mespilus germanica,NA,remove accents,NA
14cddf8a-0ead-43cc-95ed-10ae48328b59,ILLEGAL_CHAR_LATIN,traeart,Liquidámbar styracíflua,Liquidambar styraciflua,NA,remove accents,NA
ef74ec64-3500-44b9-9b0f-8b6443466a75,ILLEGAL_CHAR_LATIN,traeart,Táxus baccáta,Taxus baccata,NA,remove accents,NA
5aaecf87-b1c9-4fcf-bb08-071811d171a7,ILLEGAL_CHAR_LATIN,traeart,Táxus baccáta,Taxus baccata,NA,remove accents,NA
c79d90ef-71f3-40c3-9261-8b06e0fe7fba,ILLEGAL_CHAR_LATIN,traeart,Catálpa bignonioídes,Catalpa bignonioides,NA,remove accents,NA
111876cf-088c-410e-afde-e9b022350990,ILLEGAL_CHAR_LATIN,traeart,Catálpa bignonioídes,Catalpa bignonioides,NA,remove accents,NA
8e8992ec-cdcf-4db6-8d40-6782ec093fa1,ILLEGAL_CHAR_LATIN,traeart,Fágus sylvática 'Asplenifolia',Fagus sylvatica 'Asplenifolia',NA,remove accents,NA
b9000d86-3713-477f-9cd1-8104214a9971,ILLEGAL_CHAR_LATIN,traeart,Davídia involuncráta,Davidia involuncrata,NA,remove accents,NA
060a76b8-2585-49cd-90cb-9189ffd364e6,ILLEGAL_CHAR_LATIN,traeart,Amelánchier laevis,Amelanchier laevis,NA,remove accents,NA
55e5669b-aca1-4bf5-81a1-d310ce0342e9,ILLEGAL_CHAR_LATIN,traeart,Liriodéndron tulipífera,Liriodendron tulipifera,NA,remove accents,NA
33a47eae-9504-4e1b-9f4e-b3ea0789724a,ILLEGAL_CHAR_LATIN,traeart,Paulównia tomentósa,Paulownia tomentosa,NA,remove accents,NA
c42e4514-255c-4988-82e4-7d17d9e98994,ILLEGAL_CHAR_LATIN,traeart,Liriodéndron tulipífera,Liriodendron tulipifera,NA,remove accents,NA
d9e8e0a6-1763-45f6-a5c1-c788cf24da4e,ILLEGAL_CHAR_LATIN,traeart,Fráxinus pennsylvánica,Fraxinus pennsylvanica,NA,remove accents,NA
b85c5ec7-ee9b-414b-9212-1ed93bc8623e,ILLEGAL_CHAR_LATIN,traeart,Liriodéndron tulipífera,Liriodendron tulipifera,NA,remove accents,NA
0a12a8ab-a023-4919-827d-aad17940a211,ILLEGAL_CHAR_LATIN,traeart,Liriodéndron tulipífera,Liriodendron tulipifera,NA,remove accents,NA
257b0350-4574-4ac8-8dfd-c9c4be13b27e,ILLEGAL_CHAR_LATIN,traeart,Liriodéndron tulipífera,Liriodendron tulipifera,NA,remove accents,NA
11a7fa32-9b54-43f5-939a-aada7a19eb8d,ILLEGAL_CHAR_LATIN,traeart,Liriodéndron tulipífera,Liriodendron tulipifera,NA,remove accents,NA
af1a579f-627f-457a-a1a5-c0c2d9c56790,ILLEGAL_CHAR_LATIN,traeart,Liriodéndron tulipífera,Liriodendron tulipifera,NA,remove accents,NA
21c51683-8a72-40b5-98d3-3c91a3656c97,ILLEGAL_CHAR_LATIN,traeart,Paulównia tomentósa,Paulownia tomentosa,NA,remove accents,NA
e5d7f6d1-2f9b-4a3b-866e-1e6e3b83f1ff,ILLEGAL_CHAR_LATIN,traeart,Paulównia tomentósa,Paulownia tomentosa,NA,remove accents,NA
0736c40f-69a3-4eea-8aa3-11469ccbb1ed,ILLEGAL_CHAR_LATIN,traeart,Liriodéndron tulipífera,Liriodendron tulipifera,NA,remove accents,NA
0b545cad-24dd-4e03-923b-bfe3d97ecc95,ILLEGAL_CHAR_LATIN,traeart,Liriodéndron tulipífera,Liriodendron tulipifera,NA,remove accents,NA
dd8aaefb-907c-4323-8cdd-31189f68bbe4,ILLEGAL_CHAR_LATIN,traeart,Liriodéndron tulipífera,Liriodendron tulipifera,NA,remove accents,NA
0883c33d-6ec9-4a14-ba04-dcbd14e18f14,ILLEGAL_CHAR_LATIN,traeart,Liriodéndron tulipífera,Liriodendron tulipifera,NA,remove accents,NA
c4d16d7c-fb30-46ab-8715-91c83ea39e5b,ILLEGAL_CHAR_LATIN,traeart,Liriodéndron tulipífera,Liriodendron tulipifera,NA,remove accents,NA
320c2ebf-3ede-4c5a-931c-fd059f0e2225,ILLEGAL_CHAR_LATIN,traeart,Paulównia tomentósa,Paulownia tomentosa,NA,remove accents,NA
f6b01af9-28aa-49c4-9691-7a7b47ca478e,ILLEGAL_CHAR_LATIN,traeart,Paulównia tomentósa,Paulownia tomentosa,NA,remove accents,NA
a4c76131-83f5-4715-9509-539d70c771b1,ILLEGAL_CHAR_LATIN,traeart,Paulównia tomentósa,Paulownia tomentosa,NA,remove accents,NA
005b9704-769d-414b-8a28-629af883db76,ILLEGAL_CHAR_LATIN,traeart,Paulównia tomentósa,Paulownia tomentosa,NA,remove accents,NA
2dcee6a5-cdc8-4f86-9a16-77b87839bd35,ILLEGAL_CHAR_LATIN,traeart,Paulównia tomentósa,Paulownia tomentosa,NA,remove accents,NA
b1d28d90-00f2-4f66-ad69-36bb196a8f2b,ILLEGAL_CHAR_LATIN,traeart,Sórbus commíxta,Sorbus commixta,NA,remove accents,NA
6257e178-73d7-4463-929c-ae545f5dfe9c,ILLEGAL_CHAR_LATIN,traeart,Liriodéndron tulipífera,Liriodendron tulipifera,NA,remove accents,NA
a907825f-648e-485c-b436-6f0c9de74c99,ILLEGAL_CHAR_LATIN,traeart,Sórbus commixta 'Dodong',Sorbus commixta 'Dodong',NA,remove accents,NA
40ceeb51-7019-41c6-924c-64cab516e4ad,ILLEGAL_CHAR_LATIN,traeart,Sórbus commixta 'Dodong',Sorbus commixta 'Dodong',NA,remove accents,NA
82a44d8e-8d8e-48c2-9dec-f705b5208c96,ILLEGAL_CHAR_LATIN,traeart,Paulównia tomentósa,Paulownia tomentosa,NA,remove accents,NA
87b4f2ea-6091-4794-b106-08032e865377,ILLEGAL_CHAR_LATIN,traeart,Liriodéndron tulipífera,Liriodendron tulipifera,NA,remove accents,NA
5bf50bac-0a17-4500-9c4e-fcd22d0a31af,ILLEGAL_CHAR_LATIN,traeart,Fráxinus pennsylvánica,Fraxinus pennsylvanica,NA,remove accents,NA
6ba741dc-3822-4985-8a44-5e4a930670a0,ILLEGAL_CHAR_LATIN,traeart,Fráxinus pennsylvánica,Fraxinus pennsylvanica,NA,remove accents,NA
82068270-ca69-45b9-92a7-f36dad95b0c9,ILLEGAL_CHAR_LATIN,traeart,Fráxinus pennsylvánica,Fraxinus pennsylvanica,NA,remove accents,NA
c3a153fa-4afa-4c5a-8eca-04c23e4b5dc1,ILLEGAL_CHAR_LATIN,traeart,Paulównia tomentósa,Paulownia tomentosa,NA,remove accents,NA
9206017c-0fda-44d3-b538-a25462e96036,ILLEGAL_CHAR_LATIN,traeart,Paulównia tomentósa,Paulownia tomentosa,NA,remove accents,NA
c5a951b9-12a0-43d9-b457-4b1576b62bf6,ILLEGAL_CHAR_LATIN,traeart,Paulównia tomentósa,Paulownia tomentosa,NA,remove accents,NA
9253ac15-7bda-4982-a5c3-6bb0cf340705,ILLEGAL_CHAR_LATIN,traeart,Liriodéndron tulipífera,Liriodendron tulipifera,NA,remove accents,NA
690cf668-489d-4f5f-8b71-b0901fc4fcd0,ILLEGAL_CHAR_LATIN,traeart,Sórbus commixta 'Dodong',Sorbus commixta 'Dodong',NA,remove accents,NA
e2882582-dbac-4032-9c9c-425ced643953,ILLEGAL_CHAR_LATIN,traeart,Nothofágus antárctica,Nothofagus antarctica,NA,remove accents,NA
ba9199c7-8bc2-494a-bff6-e2ece08097d9,ILLEGAL_CHAR_LATIN,traeart,Nothofágus antárctica,Nothofagus antarctica,NA,remove accents,NA
83090b49-a9ca-4809-ac45-7b75d3869e9c,ILLEGAL_CHAR_LATIN,traeart,Sórbus commixta 'Dodong',Sorbus commixta 'Dodong',NA,remove accents,NA
50dcb17f-1638-491d-b81d-78b32ce6ef4d,ILLEGAL_CHAR_LATIN,traeart,Bétula papyrífera,Betula papyrifera,NA,remove accents,NA
61ea65e1-6c8b-4b60-8707-b14bd52ef7bb,ILLEGAL_CHAR_LATIN,traeart,Cercidiphýllum japónicum,Cercidiphyllum japonicum,NA,remove accents,NA
624a2508-373c-4afb-8e5a-e1a79a4e1281,ILLEGAL_CHAR_LATIN,traeart,Cydónia sp.,Cydonia sp.,NA,remove accents,NA
eeec13dd-0961-4b6a-8e0b-a5dc82ac6fa1,ILLEGAL_CHAR_LATIN,traeart,Cydónia sp.,Cydonia sp.,NA,remove accents,NA
b4044628-00a0-40c0-a996-fa0c73f14f9b,ILLEGAL_CHAR_LATIN,traeart,Liriodéndron tulipífera,Liriodendron tulipifera,NA,remove accents,NA
2ccf6f5e-69df-47bd-9513-a6e58b3a48f7,ILLEGAL_CHAR_LATIN,traeart,Sórbus commíxta,Sorbus commixta,NA,remove accents,NA
6376d8fe-11b7-4562-9256-491652efe715,ILLEGAL_CHAR_LATIN,traeart,Sórbus commíxta,Sorbus commixta,NA,remove accents,NA
458b300e-3906-4002-8922-013ebdd6dc00,ILLEGAL_CHAR_LATIN,traeart,Cydónia oblónga,Cydonia oblonga,NA,remove accents,NA
f54596ed-dd16-4e67-b863-14dcc9f79f4e,ILLEGAL_CHAR_LATIN,traeart,Sórbus commixta 'Dodong',Sorbus commixta 'Dodong',NA,remove accents,NA
dd9afd47-590a-4b2c-8c66-9b319ab9da0c,ILLEGAL_CHAR_LATIN,traeart,Rhus potanínii,Rhus potaninii,NA,remove accents,NA
29d69ded-2f0e-422e-aab4-bd601574ca11,ILLEGAL_CHAR_LATIN,traeart,Davídia involuncráta,Davidia involuncrata,NA,remove accents,NA
d0d5e1d2-6461-4f6d-96c3-3cd2bf9e97d7,ILLEGAL_CHAR_LATIN,traeart,Liquidámbar styracíflua,Liquidambar styraciflua,NA,remove accents,NA
e5b65ee8-9d2f-4372-ab56-4fd796319a82,ILLEGAL_CHAR_LATIN,traeart,Cydónia oblónga,Cydonia oblonga,NA,remove accents,NA
3c00cec6-8bca-4baa-9e2f-0a76065d089a,ILLEGAL_CHAR_LATIN,traeart,Mórus álba,Morus alba,NA,remove accents,NA
cc466df6-bce7-4e24-a3fc-4a6a98f420e8,ILLEGAL_CHAR_LATIN,traeart,Pterocárya rhederiana,Pterocarya rhederiana,NA,remove accents,NA
f7a76162-c042-47d0-9338-843bbfa74038,ILLEGAL_CHAR_LATIN,traeart,Júglans nígra,Juglans nigra,NA,remove accents,NA
4842d5ad-311f-47a8-9b2f-8dbc12544f67,ILLEGAL_CHAR_LATIN,traeart,Pínus tabulifórmis,Pinus tabuliformis,NA,remove accents,NA
4a617da7-8602-4c71-a7fb-3165f274826d,ILLEGAL_CHAR_LATIN,traeart,Bétula maximowicziána,Betula maximowicziana,NA,remove accents,NA
7aed1fbf-2358-42ef-ab75-7eda725cc380,ILLEGAL_CHAR_LATIN,traeart,Liquidámbar styracíflua,Liquidambar styraciflua,NA,remove accents,NA
05141225-0e44-42af-87f7-4562bd9291f9,ILLEGAL_CHAR_LATIN,traeart,Paulównia tomentósa,Paulownia tomentosa,NA,remove accents,NA
637599cb-3d22-460b-985a-d0e9a4f7d1dd,ILLEGAL_CHAR_LATIN,traeart,Cercidiphýllum japónicum,Cercidiphyllum japonicum,NA,remove accents,NA
6f135aec-5fe1-4433-b200-774ef08c0bdc,ILLEGAL_CHAR_LATIN,traeart,Amelánchier laevis,Amelanchier laevis,NA,remove accents,NA
6552847f-a675-45f8-b32f-fe916c294eef,ILLEGAL_CHAR_LATIN,traeart,Amelánchier laevis,Amelanchier laevis,NA,remove accents,NA
d4bc782a-ca98-4893-b53f-a436bb54e883,ILLEGAL_CHAR_LATIN,traeart,Amelánchier laevis,Amelanchier laevis,NA,remove accents,NA
91201477-b6ce-4fdf-bab6-6cb942d1290c,ILLEGAL_CHAR_LATIN,traeart,Fágus sylvática 'Atropunicea',Fagus sylvatica 'Atropunicea',NA,remove accents,NA
15038338-d5e9-46cb-95f4-ab04a917feeb,ILLEGAL_CHAR_LATIN,traeart,Fágus sylvática 'Atropunicea',Fagus sylvatica 'Atropunicea',NA,remove accents,NA
8963f3f1-7aa0-45a7-95cb-0296c37b68c8,ILLEGAL_CHAR_LATIN,traeart,Fágus sylvática 'Atropunicea',Fagus sylvatica 'Atropunicea',NA,remove accents,NA
f6917ed7-800d-429c-aab1-e2171e9dd52f,ILLEGAL_CHAR_LATIN,traeart,Mórus nígra,Morus nigra,NA,remove accents,NA
08ea8196-1d51-41e7-b195-139e9391cf7a,ILLEGAL_CHAR_LATIN,traeart,Sórbus commixta 'Dodong',Sorbus commixta 'Dodong',NA,remove accents,NA
1c28aed0-3030-42ff-ad22-e0ac0e2bdaf3,ILLEGAL_CHAR_LATIN,traeart,Sórbus commixta 'Dodong',Sorbus commixta 'Dodong',NA,remove accents,NA
1b4cb8a9-21eb-403f-84a4-b4c3a98b83a2,ILLEGAL_CHAR_LATIN,traeart,Sórbus commixta 'Dodong',Sorbus commixta 'Dodong',NA,remove accents,NA
2cf0787d-febc-41cf-8c36-ef861d292ee8,ILLEGAL_CHAR_LATIN,traeart,Zelkóva serráta,Zelkova serrata,NA,remove accents,NA
f7f1d734-894c-490a-9398-8bc313cb5f6f,ILLEGAL_CHAR_LATIN,traeart,Méspilus sp.,Mespilus sp.,NA,remove accents,NA
7e4aee0b-ec1d-49c7-bb06-c81c33a3ff7f,ILLEGAL_CHAR_LATIN,traeart,Liquidámbar styracíflua,Liquidambar styraciflua,NA,remove accents,NA
c5b32769-4e4a-4c96-88e6-30cd8167c32a,ILLEGAL_CHAR_LATIN,traeart,Liquidámbar styracíflua,Liquidambar styraciflua,NA,remove accents,NA
182fca26-18d2-499f-ac27-d02ffcc2bc0d,ILLEGAL_CHAR_LATIN,traeart,Cedrús atlántica,Cedrus atlantica,NA,remove accents,NA
a6909fa4-5dac-4961-b86a-603cf618b11b,ILLEGAL_CHAR_LATIN,traeart,Liquidámbar styracíflua,Liquidambar styraciflua,NA,remove accents,NA
a30089c2-b9da-436a-8e8f-42d44456037e,ILLEGAL_CHAR_LATIN,traeart,Ácer gríseum,Acer griseum,NA,remove accents,NA
5cf05f29-396b-432f-939a-09ce4cd5f22a,ILLEGAL_CHAR_LATIN,traeart,Prúnus sérrula,Prunus serrula,NA,remove accents,NA
123ec49d-30e4-4b32-a63d-f8d06043d611,ILLEGAL_CHAR_LATIN,traeart,Prúnus sérrula,Prunus serrula,NA,remove accents,NA
b1c6a8ee-b321-4785-a557-f50cc5db2a6f,ILLEGAL_CHAR_LATIN,traeart,Ácer gríseum,Acer griseum,NA,remove accents,NA
504114cf-c491-4d7c-aa77-d8df933177b7,ILLEGAL_CHAR_LATIN,traeart,Prúnus sérrula,Prunus serrula,NA,remove accents,NA
d5893cb9-4b35-4c6d-93ee-57cfd81f454b,ILLEGAL_CHAR_LATIN,traeart,Ácer gríseum,Acer griseum,NA,remove accents,NA
d2571ee8-b778-4604-8c9d-a6f27f755a33,ILLEGAL_CHAR_LATIN,traeart,Ácer gríseum,Acer griseum,NA,remove accents,NA
29b4e63f-038a-4458-90df-80aa8cf58109,ILLEGAL_CHAR_LATIN,traeart,Táxus baccáta,Taxus baccata,NA,remove accents,NA
2f0a9e16-2c24-4b18-89c2-11b9d0b6f080,ILLEGAL_CHAR_LATIN,traeart,Fráxinus pennsylvánica,Fraxinus pennsylvanica,NA,remove accents,NA
04dabe33-54d0-4723-b08a-934347257e8b,ILLEGAL_CHAR_LATIN,traeart,Fráxinus pennsylvánica,Fraxinus pennsylvanica,NA,remove accents,NA
a45a4d61-3777-4677-a921-bf2a4aea8c80,ILLEGAL_CHAR_LATIN,traeart,Sórbus commíxta,Sorbus commixta,NA,remove accents,NA
d6f90bf9-13de-424c-9346-8d00d0f643d2,ILLEGAL_CHAR_LATIN,traeart,Nothofágus antárctica,Nothofagus antarctica,NA,remove accents,NA
84635675-7363-4a88-a710-e6a416a9f497,ILLEGAL_CHAR_LATIN,traeart,Nothofágus antárctica,Nothofagus antarctica,NA,remove accents,NA
1a0aaff5-560a-4c1f-bd80-95fd3b7a6045,ILLEGAL_CHAR_LATIN,traeart,Liquidámbar styracíflua,Liquidambar styraciflua,NA,remove accents,NA
f72e742b-fc46-41a3-a01f-4321d04a6b0d,ILLEGAL_CHAR_LATIN,traeart,Táxus baccáta,Taxus baccata,NA,remove accents,NA
459e5fcf-95cd-4dbb-9148-72967d5d6783,ILLEGAL_CHAR_LATIN,traeart,Táxus baccáta,Taxus baccata,NA,remove accents,NA
f4cbe633-fba6-4e90-91db-94ee472d25ac,ILLEGAL_CHAR_LATIN,traeart,Táxus baccáta,Taxus baccata,NA,remove accents,NA
65787d28-7097-4bd6-adaf-b8e1d710078d,ILLEGAL_CHAR_LATIN,traeart,Táxus baccáta,Taxus baccata,NA,remove accents,NA
e6b2a2b7-8701-454e-9128-404d499d7c99,ILLEGAL_CHAR_LATIN,traeart,Táxus baccáta,Taxus baccata,NA,remove accents,NA
a4f3fe3b-1033-4d4a-9f4e-22d0fe5d6f2a,ILLEGAL_CHAR_LATIN,traeart,Sórbus commixta 'Dodong',Sorbus commixta 'Dodong',NA,remove accents,NA
20be50b0-074e-4686-921a-56be0e725cac,ILLEGAL_CHAR_LATIN,traeart,Davídia involuncráta,Davidia involuncrata,NA,remove accents,NA
79d073b3-0886-4701-a8f6-111cba6676b4,ILLEGAL_CHAR_LATIN,traeart,Táxus baccáta,Taxus baccata,NA,remove accents,NA
5d26a01b-6ad2-4ef4-9804-2e4230669d49,ILLEGAL_CHAR_LATIN,traeart,Táxus baccáta,Taxus baccata,NA,remove accents,NA
85162056-3879-42ce-b1c3-4272e20ab1f8,ILLEGAL_CHAR_LATIN,traeart,Táxus baccáta,Taxus baccata,NA,remove accents,NA
a9878d35-fd2e-4e99-9e21-b2dc401a7660,ILLEGAL_CHAR_LATIN,traeart,Táxus baccáta,Taxus baccata,NA,remove accents,NA
b06c0c71-e20d-45c9-9fb6-a27d37bbb71b,ILLEGAL_CHAR_LATIN,traeart,Táxus baccáta,Taxus baccata,NA,remove accents,NA
d487f425-2283-442f-8b56-4327cb033beb,ILLEGAL_CHAR_LATIN,traeart,Táxus baccáta,Taxus baccata,NA,remove accents,NA
f5decb79-ec9d-477a-b22b-bdc9ab7aef9f,ILLEGAL_CHAR_LATIN,traeart,Magnólia sp.,Magnolia sp.,NA,remove accents,NA
08d3c058-26a7-4793-9dee-1021743aa92b,ILLEGAL_CHAR_LATIN,traeart,Magnólia sp.,Magnolia sp.,NA,remove accents,NA
4ad8c2d2-2520-41b7-8aac-46f48591e29c,ILLEGAL_CHAR_LATIN,traeart,Magnólia sp.,Magnolia sp.,NA,remove accents,NA
edee5f40-c120-47b0-94e5-abf9c54772da,ILLEGAL_CHAR_LATIN,traeart,Paulównia tomentósa,Paulownia tomentosa,NA,remove accents,NA
5aeae06e-544a-4138-b770-9edf2287dd3b,ILLEGAL_CHAR_LATIN,traeart,Cercidiphýllum japónicum,Cercidiphyllum japonicum,NA,remove accents,NA
c219f404-f638-49ca-a9b5-c67624346e25,ILLEGAL_CHAR_LATIN,traeart,Prunus subhirtélla 'Accolade',Prunus subhirtella 'Accolade',NA,remove accents,NA
d2715ed3-8dae-47ce-8e8c-00e3857669aa,ILLEGAL_CHAR_LATIN,traeart,Liriodéndron tulipífera,Liriodendron tulipifera,NA,remove accents,NA
eddbc3bd-0182-434b-ba80-bea814e88500,ILLEGAL_CHAR_LATIN,traeart,Liriodéndron tulipífera,Liriodendron tulipifera,NA,remove accents,NA
5ce99091-8c8a-43da-9ab7-6f5fee15eede,ILLEGAL_CHAR_LATIN,traeart,Sórbus commíxta,Sorbus commixta,NA,remove accents,NA
4804f491-82cc-48ff-bae0-d349b974d16d,ILLEGAL_CHAR_LATIN,traeart,Prúnus sérrula,Prunus serrula,NA,remove accents,NA
2ec3701c-aeb3-4e0c-ab0f-3625ceb4d1cb,ILLEGAL_CHAR_LATIN,traeart,Táxus baccáta,Taxus baccata,NA,remove accents,NA
04f624fa-5092-44ac-aad5-786280779c7e,ILLEGAL_CHAR_LATIN,traeart,Táxus baccáta,Taxus baccata,NA,remove accents,NA
9fc49123-fb53-47e3-b983-f73c5a91451c,ILLEGAL_CHAR_LATIN,traeart,Táxus baccáta,Taxus baccata,NA,remove accents,NA
971a6179-a8bc-4177-aa50-9aa3cea0eec8,ILLEGAL_CHAR_LATIN,traeart,Mórus álba,Morus alba,NA,remove accents,NA
120023e8-0982-430e-a3de-46178a93b427,ILLEGAL_CHAR_LATIN,traeart,Sórbus commixta 'Dodong',Sorbus commixta 'Dodong',NA,remove accents,NA
66f64c65-2d42-43ee-af41-569877252098,ILLEGAL_CHAR_LATIN,traeart,Nothofágus antárctica,Nothofagus antarctica,NA,remove accents,NA
2fbf6038-6564-460a-9745-945018fca8f6,ILLEGAL_CHAR_LATIN,traeart,Liriodéndron tulipífera,Liriodendron tulipifera,NA,remove accents,NA
b55f0862-b79e-4542-828e-0f9a5f1bf27e,ILLEGAL_CHAR_LATIN,traeart,Amelánchier laevis,Amelanchier laevis,NA,remove accents,NA
3e17542b-f8f1-4f1d-9be4-a75a716a67f7,ILLEGAL_CHAR_LATIN,traeart,Amelánchier laevis,Amelanchier laevis,NA,remove accents,NA
004863f6-c873-482c-a8f8-5a9c166b0050,ILLEGAL_CHAR_LATIN,traeart,Amelánchier laevis,Amelanchier laevis,NA,remove accents,NA
b5f46510-001d-4470-9780-6fb922b2e493,ILLEGAL_CHAR_LATIN,traeart,Prunus subhirtélla 'Accolade',Prunus subhirtella 'Accolade',NA,remove accents,NA
df2023e5-ef3e-4b53-a7ef-ef73801a50e8,ILLEGAL_CHAR_LATIN,traeart,Fráxinus pennsylvánica,Fraxinus pennsylvanica,NA,remove accents,NA
b2837086-5d25-41a4-af99-1f0689d055ec,ILLEGAL_CHAR_LATIN,traeart,Fráxinus pennsylvánica,Fraxinus pennsylvanica,NA,remove accents,NA
f23468a5-b976-4fc9-996e-3895e89db668,ILLEGAL_CHAR_LATIN,traeart,Sórbus commíxta,Sorbus commixta,NA,remove accents,NA
eca5fd4e-96c8-4179-83f9-b3f177573b83,ILLEGAL_CHAR_LATIN,traeart,Fágus sylvática 'Atropunicea',Fagus sylvatica 'Atropunicea',NA,remove accents,NA
ac975c68-cb1b-4f8d-9ce9-84de1328e545,ILLEGAL_CHAR_LATIN,traeart,Bétula maximowicziána,Betula maximowicziana,NA,remove accents,NA
f8497fcd-c8b7-4f90-b6d0-dd6dfb85793f,ILLEGAL_CHAR_LATIN,traeart,Catálpa bignonioídes,Catalpa bignonioides,NA,remove accents,NA
8b233d50-acb5-439d-9ff7-2a0dc4623d15,ILLEGAL_CHAR_LATIN,traeart,Sórbus commíxta,Sorbus commixta,NA,remove accents,NA
526c2b84-61fc-4687-b1b8-52a4e90bb741,ILLEGAL_CHAR_LATIN,traeart,Fágus sylvática 'Atropunicea',Fagus sylvatica 'Atropunicea',NA,remove accents,NA
406836d2-ef03-4ce9-b199-0cc531dbd29b,ILLEGAL_CHAR_LATIN,traeart,Fágus sylvática 'Atropunicea',Fagus sylvatica 'Atropunicea',NA,remove accents,NA
f51e5ca9-c084-40e5-ae86-1167b9181547,ILLEGAL_CHAR_LATIN,traeart,Fráxinus pennsylvánica,Fraxinus pennsylvanica,NA,remove accents,NA
bf335c34-8cb4-4ba5-81b3-da39d46087f1,ILLEGAL_CHAR_LATIN,traeart,Liquidámbar styracíflua,Liquidambar styraciflua,NA,remove accents,NA
12c8859d-b8b6-446d-b801-c21233c04a36,ILLEGAL_CHAR_LATIN,traeart,Fráxinus pennsylvánica,Fraxinus pennsylvanica,NA,remove accents,NA
25a9c0ef-2901-488d-8b57-e0237bffa788,ILLEGAL_CHAR_LATIN,traeart,Liriodéndron tulipífera,Liriodendron tulipifera,NA,remove accents,NA
4381bd8d-93a1-456d-bfa9-fbafca69c6e6,ILLEGAL_CHAR_LATIN,traeart,Mórus álba,Morus alba,NA,remove accents,NA
c0b32056-e90e-4c29-9b26-2ac15006587e,ILLEGAL_CHAR_LATIN,traeart,Davídia involuncráta,Davidia involuncrata,NA,remove accents,NA
902c3cff-419b-4387-aa4f-c5f41c006d6f,ILLEGAL_CHAR_LATIN,traeart,Pterocárya fraxinifólia,Pterocarya fraxinifolia,NA,remove accents,NA
5d19b12f-81dc-4753-a485-cfcb7b140faa,ILLEGAL_CHAR_LATIN,traeart,Liriodéndron tulipífera,Liriodendron tulipifera,NA,remove accents,NA
c0a32c3a-3e74-42c0-9ced-35f2a38457f5,ILLEGAL_CHAR_LATIN,traeart,Mórus nígra,Morus nigra,NA,remove accents,NA
ce06f638-933d-4fec-a739-2a53f818d590,ILLEGAL_CHAR_LATIN,traeart,Mórus nígra,Morus nigra,NA,remove accents,NA
9fe2d109-9b25-4c4d-b28f-9a180bbc9675,ILLEGAL_CHAR_LATIN,traeart,Cydónia oblónga,Cydonia oblonga,NA,remove accents,NA
c8157acc-ab23-4efd-8e15-087743b6dfcf,ILLEGAL_CHAR_LATIN,traeart,Nothofágus antárctica,Nothofagus antarctica,NA,remove accents,NA
1e20b7bd-7c5b-4c65-b2af-5221f774153d,ILLEGAL_CHAR_LATIN,traeart,Quércus x túrneri,Quercus x turneri,NA,remove accents,NA
4435a377-3cd1-497a-9359-dd47e1b08727,ILLEGAL_CHAR_LATIN,traeart,Prunus subhirtélla 'Accolade',Prunus subhirtella 'Accolade',NA,remove accents,NA
151206fc-8afa-4aeb-8598-daa19fda963d,ILLEGAL_CHAR_LATIN,traeart,Magnólia sp.,Magnolia sp.,NA,remove accents,NA
2de7797b-92f6-4e7b-802f-ffcc4d865d55,ILLEGAL_CHAR_LATIN,traeart,Sórbus commíxta,Sorbus commixta,NA,remove accents,NA
25423765-3e3a-4d12-8815-1506d1574dd7,ILLEGAL_CHAR_LATIN,traeart,Bétula papyrífera,Betula papyrifera,NA,remove accents,NA
b86e4324-8e75-4cf7-8a85-f8ad752e9f86,ILLEGAL_CHAR_LATIN,traeart,Amelánchier laevis,Amelanchier laevis,NA,remove accents,NA
6c9b0e04-5e02-4bff-b1c5-0b25213dda0f,ILLEGAL_CHAR_LATIN,traeart,Amelánchier laevis,Amelanchier laevis,NA,remove accents,NA
2453647b-df4a-49e4-8197-e23cb86ebd23,ILLEGAL_CHAR_LATIN,traeart,Amelánchier laevis,Amelanchier laevis,NA,remove accents,NA
a57398db-77e1-4c6e-998f-9c89f0a36c30,ILLEGAL_CHAR_LATIN,traeart,Táxus baccáta,Taxus baccata,NA,remove accents,NA
b7e2be2d-99db-4e37-a362-4e4be5e3490a,ILLEGAL_CHAR_LATIN,traeart,Ácer gríseum,Acer griseum,NA,remove accents,NA
aaeb41f3-4dda-4afe-bb70-1019ca1bf751,ILLEGAL_CHAR_LATIN,traeart,Cercidiphýllum japónicum,Cercidiphyllum japonicum,NA,remove accents,NA
0f4527ca-e691-42a5-813c-ec5570d913c2,ILLEGAL_CHAR_LATIN,traeart,Ácer gríseum,Acer griseum,NA,remove accents,NA
34d07eb9-bc09-4e88-8f36-e582ad102525,ILLEGAL_CHAR_LATIN,traeart,Cercidiphýllum japónicum,Cercidiphyllum japonicum,NA,remove accents,NA
c6caaff5-5525-49fd-8d21-0f0f5ffe760f,ILLEGAL_CHAR_LATIN,traeart,Cercidiphýllum japónicum,Cercidiphyllum japonicum,NA,remove accents,NA
02c31ddf-ecfa-4cba-a3a4-e57a65b5f285,ILLEGAL_CHAR_LATIN,traeart,Amelánchier laevis,Amelanchier laevis,NA,remove accents,NA
05029f68-78fa-4116-a288-3b6fe4cb9734,ILLEGAL_CHAR_LATIN,traeart,Amelánchier laevis,Amelanchier laevis,NA,remove accents,NA
3786945a-5a3f-45fe-b436-d6001075f8c7,ILLEGAL_CHAR_LATIN,traeart,Amelánchier laevis,Amelanchier laevis,NA,remove accents,NA
c39d09f5-62c7-4b4a-8032-796ee547a06c,ILLEGAL_CHAR_LATIN,traeart,Cercidiphýllum japónicum,Cercidiphyllum japonicum,NA,remove accents,NA
f054d9da-e8a2-41bb-93f9-d09752cd589b,ILLEGAL_CHAR_LATIN,traeart,Sórbus commixta 'Dodong',Sorbus commixta 'Dodong',NA,remove accents,NA
69810d15-3b8d-4aa4-9dac-d321ab2da998,ILLEGAL_CHAR_LATIN,traeart,Sórbus commíxta,Sorbus commixta,NA,remove accents,NA
c16706c5-65a9-4b8a-a136-484bc324f849,ILLEGAL_CHAR_LATIN,traeart,Sórbus commíxta,Sorbus commixta,NA,remove accents,NA
ec28c556-7a43-46b6-ae3c-5d5744cda6a2,ILLEGAL_CHAR_LATIN,traeart,Fágus sylvática 'Atropunicea',Fagus sylvatica 'Atropunicea',NA,remove accents,NA
b0fa7eeb-9e29-450b-94fc-191d5dd4e721,ILLEGAL_CHAR_LATIN,traeart,Táxus baccáta,Taxus baccata,NA,remove accents,NA
59a65d21-3eae-4448-92c9-24bcddc9b007,ILLEGAL_CHAR_LATIN,traeart,Liriodéndron tulipífera,Liriodendron tulipifera,NA,remove accents,NA
67664f52-750c-4e12-a2bc-3eb749745615,ILLEGAL_CHAR_LATIN,traeart,Liriodéndron tulipífera,Liriodendron tulipifera,NA,remove accents,NA
0ae12463-e3b3-4cd2-9580-50015bce8102,ILLEGAL_CHAR_LATIN,traeart,Prúnus sérrula,Prunus serrula,NA,remove accents,NA
40a0d01d-ecff-4457-b8cd-53382a5fe433,ILLEGAL_CHAR_LATIN,traeart,Zelkóva serráta,Zelkova serrata,NA,remove accents,NA
f375522e-5728-4f64-9502-ee834bd481af,ILLEGAL_CHAR_LATIN,traeart,Liriodéndron tulipífera,Liriodendron tulipifera,NA,remove accents,NA
bb6bf07a-441b-476e-844c-b17ee00ffbb5,ILLEGAL_CHAR_LATIN,traeart,Liriodéndron tulipífera,Liriodendron tulipifera,NA,remove accents,NA
bb1839de-47e9-4427-87f0-58d8deee3b89,ILLEGAL_CHAR_LATIN,traeart,Bétula papyrífera,Betula papyrifera,NA,remove accents,NA
04c7f5b0-37c7-4a9e-b3d3-e296c0fa013a,ILLEGAL_CHAR_LATIN,traeart,Paulównia tomentósa,Paulownia tomentosa,NA,remove accents,NA
4916f8e6-ab66-4db2-96fa-059c51cc7001,ILLEGAL_CHAR_LATIN,traeart,Sórbus commixta 'Dodong',Sorbus commixta 'Dodong',NA,remove accents,NA
0cba2dbc-8390-483a-a4a4-5d262b75b722,ILLEGAL_CHAR_LATIN,traeart,Sórbus commixta 'Dodong',Sorbus commixta 'Dodong',NA,remove accents,NA
6915edaa-b998-4aec-b578-0554fb31ef49,ILLEGAL_CHAR_LATIN,traeart,Pterocárya fraxinifólia,Pterocarya fraxinifolia,NA,remove accents,NA
9471e343-e983-4618-84ef-a07e0f10ebb6,ILLEGAL_CHAR_LATIN,traeart,Amelánchier laevis,Amelanchier laevis,NA,remove accents,NA
a7cafe14-cbf4-4692-82ed-ff44aeee4316,ILLEGAL_CHAR_LATIN,traeart,Amelánchier laevis,Amelanchier laevis,NA,remove accents,NA
d3c63927-a783-4fae-851b-3ec3b2431632,ILLEGAL_CHAR_LATIN,traeart,Cercidiphýllum japónicum,Cercidiphyllum japonicum,NA,remove accents,NA
7a5e2e11-6364-4143-8c50-3a6340fdaca4,ILLEGAL_CHAR_LATIN,traeart,Cercidiphýllum japónicum,Cercidiphyllum japonicum,NA,remove accents,NA
6a166c7a-e4f1-43ce-aa1c-3b06760edc82,ILLEGAL_CHAR_LATIN,traeart,Nothofágus antárctica,Nothofagus antarctica,NA,remove accents,NA
af5bfcf6-8f6d-4d48-aae4-8acbd0362190,ILLEGAL_CHAR_LATIN,traeart,Nothofágus antárctica,Nothofagus antarctica,NA,remove accents,NA
a98cd0f1-da46-46bf-be06-f1d1f63ac9c9,ILLEGAL_CHAR_LATIN,traeart,Cercidiphýllum japónicum,Cercidiphyllum japonicum,NA,remove accents,NA
6255e37c-0dd8-44dc-8d6d-569caacb180f,ILLEGAL_CHAR_LATIN,traeart,Catálpa bignonioídes,Catalpa bignonioides,NA,remove accents,NA
7e693402-a7c5-4775-a11a-29a032406237,ILLEGAL_CHAR_LATIN,traeart,Catálpa bignonioídes,Catalpa bignonioides,NA,remove accents,NA
815bd8a7-1e14-425a-89b7-43af37aa4176,ILLEGAL_CHAR_LATIN,traeart,Davídia involuncráta,Davidia involuncrata,NA,remove accents,NA
598bc700-5011-43f1-8115-739d16b2c07f,ILLEGAL_CHAR_LATIN,traeart,Paulównia tomentósa,Paulownia tomentosa,NA,remove accents,NA
d8e631db-3738-40fb-ae4a-8948f0930ed2,ILLEGAL_CHAR_LATIN,traeart,Cedrús atlántica,Cedrus atlantica,NA,remove accents,NA
e1111155-837e-4f65-ae2f-0acdd837db2a,ILLEGAL_CHAR_LATIN,traeart,Ácer rúbrum,Acer rubrum,NA,remove accents,NA
86b8c26d-dec6-4a1c-88fa-4793282da9a9,ILLEGAL_CHAR_LATIN,traeart,Sórbus doméstica,Sorbus domestica,NA,remove accents,NA
fc62181b-f7c2-4cb0-828a-0343df4b4f5d,ILLEGAL_CHAR_LATIN,traeart,Sórbus doméstica,Sorbus domestica,NA,remove accents,NA
c1f883a4-b5f1-4be9-b81a-efa307ebbf25,ILLEGAL_CHAR_LATIN,traeart,Júglans nígra,Juglans nigra,NA,remove accents,NA
966e42ed-dafc-466e-b88c-9f6d9ae451b0,ILLEGAL_CHAR_LATIN,traeart,Fágus orientális,Fagus orientalis,NA,remove accents,NA
3db816e9-bbe5-4812-a66f-7b662eb429eb,ILLEGAL_CHAR_LATIN,traeart,Amelánchier laevis,Amelanchier laevis,NA,remove accents,NA
ae3ed7f5-8b18-4e45-9c53-bd06baa73091,ILLEGAL_CHAR_LATIN,traeart,Liquidámbar styracíflua,Liquidambar styraciflua,NA,remove accents,NA
3b9dca49-9202-4052-8d01-cfaf1f3114af,ILLEGAL_CHAR_LATIN,traeart,Amelánchier laevis,Amelanchier laevis,NA,remove accents,NA
2a2e4338-a99d-422f-b272-cf5a9c31cdd3,ILLEGAL_CHAR_LATIN,traeart,Amelánchier laevis,Amelanchier laevis,NA,remove accents,NA
370d4a28-50aa-46d0-a267-79b9cb40295f,ILLEGAL_CHAR_LATIN,traeart,Cedrús atlántica,Cedrus atlantica,NA,remove accents,NA
d8ddb650-6862-4c7f-a0ad-95cc224ef3dc,ILLEGAL_CHAR_LATIN,traeart,Amelánchier laevis,Amelanchier laevis,NA,remove accents,NA
a9bc2216-083c-4b39-88f4-dd35d6bcf7b7,ILLEGAL_CHAR_LATIN,traeart,Amelánchier laevis,Amelanchier laevis,NA,remove accents,NA
c29a533b-fb97-4050-b19b-ec507f6f0f8a,ILLEGAL_CHAR_LATIN,traeart,Cedrús líbani,Cedrus libani,NA,remove accents,NA
52ac9d66-c38d-49c9-a02f-57a093bb7315,ILLEGAL_CHAR_LATIN,traeart,Liquidámbar styracíflua,Liquidambar styraciflua,NA,remove accents,NA
8365e94d-940e-4f75-8760-2ef433d08cd3,ILLEGAL_CHAR_LATIN,traeart,Amelánchier laevis,Amelanchier laevis,NA,remove accents,NA
bec0392d-a272-4c9a-953f-5f7a125e36ec,ILLEGAL_CHAR_LATIN,traeart,Sequoiadéndron gigantéum,Sequoiadendron giganteum,NA,remove accents,NA
39ebd973-20cc-4f2c-8b70-4abdcd9491e5,ILLEGAL_CHAR_LATIN,traeart,Paulównia tomentósa,Paulownia tomentosa,NA,remove accents,NA
2cf9b4da-2f1b-4cec-9dc6-40065559f8f8,ILLEGAL_CHAR_LATIN,traeart,Liriodéndron tulipífera,Liriodendron tulipifera,NA,remove accents,NA
a7d8f6be-7f3a-4173-b579-9fbe701d3d65,ILLEGAL_CHAR_LATIN,traeart,Táxus baccáta,Taxus baccata,NA,remove accents,NA
2d0c489c-c8fd-4dfb-9a5c-9768f052f2c3,ILLEGAL_CHAR_LATIN,traeart,Táxus baccáta,Taxus baccata,NA,remove accents,NA
200db4fa-701c-470c-9a29-752f6d5cd2b7,ILLEGAL_CHAR_LATIN,traeart,Prunus subhirtélla 'Accolade',Prunus subhirtella 'Accolade',NA,remove accents,NA
00acffa4-1b05-4679-96a4-91e6483d3ddf,ILLEGAL_CHAR_LATIN,traeart,Prunus subhirtélla 'Accolade',Prunus subhirtella 'Accolade',NA,remove accents,NA
18b01e88-2ae6-43ee-8536-6fd91006521b,ILLEGAL_CHAR_LATIN,traeart,Prunus subhirtélla 'Accolade',Prunus subhirtella 'Accolade',NA,remove accents,NA
42b1d408-d6a2-4b1e-8384-485149b7b46e,ILLEGAL_CHAR_LATIN,traeart,Paulównia tomentósa,Paulownia tomentosa,NA,remove accents,NA
7b52906b-eac5-4946-a54e-0c53ebc00fa7,ILLEGAL_CHAR_LATIN,traeart,Amelánchier laevis,Amelanchier laevis,NA,remove accents,NA
06c59368-543c-4d60-b45e-f44490467e19,ILLEGAL_CHAR_LATIN,traeart,Rhus potanínii,Rhus potaninii,NA,remove accents,NA
0bc55d11-ef98-4ee2-981b-5acb58c932e8,ILLEGAL_CHAR_LATIN,traeart,Amelánchier laevis,Amelanchier laevis,NA,remove accents,NA
41da80fb-6925-4d8d-8dcd-805dd0936d4a,ILLEGAL_CHAR_LATIN,traeart,Magnólia sp.,Magnolia sp.,NA,remove accents,NA
73f160a6-0dab-4c01-917c-fe2a4cb64003,ILLEGAL_CHAR_LATIN,traeart,Amelánchier laevis,Amelanchier laevis,NA,remove accents,NA
cbb4f7d8-f52a-4807-a1c3-32b883121fc7,ILLEGAL_CHAR_LATIN,traeart,Prunus subhirtélla 'Accolade',Prunus subhirtella 'Accolade',NA,remove accents,NA
e97595cd-aa93-4005-9efc-35055a37cc1d,ILLEGAL_CHAR_LATIN,traeart,Prunus subhirtélla 'Accolade',Prunus subhirtella 'Accolade',NA,remove accents,NA
4bd9169a-fd85-4807-8ed6-e623f2dcdeea,ILLEGAL_CHAR_LATIN,traeart,Amelánchier laevis,Amelanchier laevis,NA,remove accents,NA
f4621486-ffb2-4bfa-83b7-388e6688dffa,ILLEGAL_CHAR_LATIN,traeart,Liquidámbar styracíflua,Liquidambar styraciflua,NA,remove accents,NA
b754e620-7814-479f-85dc-ab2ba9cfacf9,ILLEGAL_CHAR_LATIN,traeart,Liriodéndron tulipífera,Liriodendron tulipifera,NA,remove accents,NA
3d02545e-31fa-4898-92e1-e7370e559c91,ILLEGAL_CHAR_LATIN,traeart,Sórbus commixta 'Dodong',Sorbus commixta 'Dodong',NA,remove accents,NA
ccbc2ea2-70cd-4473-a249-1c914caef238,ILLEGAL_CHAR_LATIN,traeart,Táxus baccáta,Taxus baccata,NA,remove accents,NA
cac3423a-234b-495d-af90-768b1c271f38,ILLEGAL_CHAR_LATIN,traeart,Táxus baccáta,Taxus baccata,NA,remove accents,NA
9ae03bbb-40ba-4183-84fc-fa3e4f647383,ILLEGAL_CHAR_LATIN,traeart,Cedrús atlántica,Cedrus atlantica,NA,remove accents,NA
399aca8a-eb48-4675-a892-3b548539fa49,ILLEGAL_CHAR_LATIN,traeart,Pterocárya fraxinifólia,Pterocarya fraxinifolia,NA,remove accents,NA
17b4b623-cef5-41e2-8a2f-f5caf0f016c1,ILLEGAL_CHAR_LATIN,traeart,Sequoiadéndron gigantéum,Sequoiadendron giganteum,NA,remove accents,NA
4fa63c90-cf98-4815-b190-c267c661f54a,ILLEGAL_CHAR_LATIN,traeart,Quércus x túrneri,Quercus x turneri,NA,remove accents,NA
873fcb36-4759-41cb-9fae-ccd18e1961dc,ILLEGAL_CHAR_LATIN,traeart,Prunus subhirtélla 'Accolade',Prunus subhirtella 'Accolade',NA,remove accents,NA
bdb8cdff-5e5a-4f0f-a80d-e70f6a229158,ILLEGAL_CHAR_LATIN,traeart,Pterocárya fraxinifólia,Pterocarya fraxinifolia,NA,remove accents,NA
c83ea1eb-c967-4221-b093-a0c5dda0a6bf,ILLEGAL_CHAR_LATIN,traeart,Liriodéndron tulipífera,Liriodendron tulipifera,NA,remove accents,NA
7aedb1ee-b34c-470d-8b06-8977f72503fc,ILLEGAL_CHAR_LATIN,traeart,Nothofágus antárctica,Nothofagus antarctica,NA,remove accents,NA
2e639857-dde5-4467-8735-3f0b6335208d,ILLEGAL_CHAR_LATIN,traeart,Júglans nígra,Juglans nigra,NA,remove accents,NA
00fc0d53-288e-4d1e-8496-2ed246373eec,ILLEGAL_CHAR_LATIN,traeart,Nothofágus antárctica,Nothofagus antarctica,NA,remove accents,NA
7f1a2e61-32ea-4b92-a4ee-ea451c4ec28a,ILLEGAL_CHAR_LATIN,traeart,Ácer tatáricum,Acer tataricum,NA,remove accents,NA
926e8c17-4a5a-4136-b5d0-cf8270ce8f31,ILLEGAL_CHAR_LATIN,traeart,Ácer tatáricum,Acer tataricum,NA,remove accents,NA
96c8cc31-886c-4c67-9373-e3edc036167a,ILLEGAL_CHAR_LATIN,traeart,Liriodéndron tulipífera,Liriodendron tulipifera,NA,remove accents,NA
f0a6a3ef-0c26-4a83-81b9-99a642cbf3df,ILLEGAL_CHAR_LATIN,traeart,Liriodéndron tulipífera,Liriodendron tulipifera,NA,remove accents,NA
c97a6e93-741a-4dd8-811a-f86993a7da44,ILLEGAL_CHAR_LATIN,traeart,Cedrús líbani,Cedrus libani,NA,remove accents,NA
349c80d6-8355-4887-a7f6-5714874efab5,ILLEGAL_CHAR_LATIN,traeart,Cedrús líbani,Cedrus libani,NA,remove accents,NA
5dbc72d3-9840-478a-89aa-ea37d11ec0a6,ILLEGAL_CHAR_LATIN,traeart,Cedrús líbani,Cedrus libani,NA,remove accents,NA
96522e8d-6fc8-4903-891c-a04c863edd03,ILLEGAL_CHAR_LATIN,traeart,Pterocárya fraxinifólia,Pterocarya fraxinifolia,NA,remove accents,NA
2a444ae7-8860-4100-85d7-fbcad3bff588,ILLEGAL_CHAR_LATIN,traeart,Pterocárya fraxinifólia,Pterocarya fraxinifolia,NA,remove accents,NA
14d5e919-de80-4969-a678-90e14f2004ec,ILLEGAL_CHAR_LATIN,traeart,Pínus tabulifórmis,Pinus tabuliformis,NA,remove accents,NA
a28e486b-ae21-4e19-a9c0-52fdb23436d4,ILLEGAL_CHAR_LATIN,traeart,Táxus baccáta,Taxus baccata,NA,remove accents,NA
aaba2991-edd3-41ad-b020-423cb00c5c8b,APPLIED_REGEX_RULE,traeart,Tilia x 'Zwarte Linde',Tilia hybr. 'Zwarte Linde',markers,normalize hybrid marker,NA
3f08b728-05fd-491d-984a-eaca51e795c9,APPLIED_REGEX_RULE,traeart,Tilia x 'Zwarte Linde',Tilia hybr. 'Zwarte Linde',markers,normalize hybrid marker,NA
8427b4a6-27ed-46cd-982e-4577b7074e17,APPLIED_REGEX_RULE,traeart,Tilia x 'Zwarte Linde',Tilia hybr. 'Zwarte Linde',markers,normalize hybrid marker,NA
2b5134b0-5fee-49df-8c68-61c34a60a608,APPLIED_REGEX_RULE,traeart,Tilia x 'Zwarte Linde',Tilia hybr. 'Zwarte Linde',markers,normalize hybrid marker,NA
02b3848c-9cf6-4520-9928-53099142cc53,APPLIED_REGEX_RULE,traeart,Tilia x 'Zwarte Linde',Tilia hybr. 'Zwarte Linde',markers,normalize hybrid marker,NA
67ec5ebf-4bc1-4b86-8c37-acf69f62547a,APPLIED_REGEX_RULE,traeart,Malus x 'Elstar',Malus hybr. 'Elstar',markers,normalize hybrid marker,NA
1aac3743-7b3a-48e2-8111-3911e7fbc93a,APPLIED_REGEX_RULE,traeart,Tilia x 'Zwarte Linde',Tilia hybr. 'Zwarte Linde',markers,normalize hybrid marker,NA
2a97462f-cbb3-446c-ae05-dce74f53ba85,APPLIED_REGEX_RULE,traeart,Malus x 'Elstar',Malus hybr. 'Elstar',markers,normalize hybrid marker,NA
7af60601-4782-4db1-bf4a-3fb78eb5aa8c,APPLIED_REGEX_RULE,traeart,Robinia x margaretta 'Pink Cascade',Robinia hybr. margaretta 'Pink Cascade',markers,normalize hybrid marker,NA
235083c9-4a8f-403a-8fe5-31e78ad349c8,APPLIED_REGEX_RULE,traeart,Prunus x 'Stella',Prunus hybr. 'Stella',markers,normalize hybrid marker,NA
87d650b9-6c96-40c7-8db1-324955f0a6c2,APPLIED_REGEX_RULE,traeart,Prunus x 'Stevnsbær',Prunus hybr. 'Stevnsbær',markers,normalize hybrid marker,NA
edc5c30d-5281-4ee7-8603-5c1a377cd6ff,APPLIED_REGEX_RULE,traeart,Quercus x turneri,Quercus hybr. turneri,markers,normalize hybrid marker,NA
4ba870c8-abea-43df-a50b-23a90195457e,APPLIED_REGEX_RULE,traeart,Quercus x turneri,Quercus hybr. turneri,markers,normalize hybrid marker,NA
316f982c-8eb0-4953-9b85-93cac02d741e,APPLIED_REGEX_RULE,traeart,Magnolia x 'Galaxy',Magnolia hybr. 'Galaxy',markers,normalize hybrid marker,NA
3244771b-924e-40eb-92d2-55fe182c58c3,APPLIED_REGEX_RULE,traeart,Magnolia x 'Galaxy',Magnolia hybr. 'Galaxy',markers,normalize hybrid marker,NA
296e185f-7649-4f50-8f86-c3d0b3c80035,APPLIED_REGEX_RULE,traeart,Hamamelis X intermedia,Hamamelis hybr. intermedia,markers,normalize hybrid marker,NA
497d1059-de4d-4ed2-8b67-16f9837e9767,APPLIED_REGEX_RULE,traeart,Magnolia x Soulangiana,Magnolia hybr. Soulangiana,markers,normalize hybrid marker,NA
30b77d7e-50ee-447c-af11-47cc497c4d59,APPLIED_REGEX_RULE,traeart,Prunus x 'Stevnsbær',Prunus hybr. 'Stevnsbær',markers,normalize hybrid marker,NA
1766aafe-27d0-4e5c-8a95-b28e14fcf78a,APPLIED_REGEX_RULE,traeart,Prunus X amygdalo-persica,Prunus hybr. amygdalo-persica,markers,normalize hybrid marker,NA
0425f1b9-5804-40f3-a904-2d3a79f43523,APPLIED_REGEX_RULE,traeart,Magnolia x thompsoniana,Magnolia hybr. thompsoniana,markers,normalize hybrid marker,NA
598612e7-e5c7-4fe2-bbba-ec36fd1496f3,APPLIED_REGEX_RULE,traeart,Hamamelis X intermedia,Hamamelis hybr. intermedia,markers,normalize hybrid marker,NA
0adac194-6df9-4b28-9386-a75c969b9ea2,APPLIED_REGEX_RULE,traeart,Malus x 'Elstar',Malus hybr. 'Elstar',markers,normalize hybrid marker,NA
135b29f4-a3fe-4484-9ff6-bcdab8c6104b,APPLIED_REGEX_RULE,traeart,Magnolia x Soulangiana,Magnolia hybr. Soulangiana,markers,normalize hybrid marker,NA
c1f3159b-5972-45de-ad7d-275b18c7d453,APPLIED_REGEX_RULE,traeart,Malus x 'Elstar',Malus hybr. 'Elstar',markers,normalize hybrid marker,NA
4bbeb368-e726-4e00-9c02-0492dee7b451,APPLIED_REGEX_RULE,traeart,Malus x 'Elstar',Malus hybr. 'Elstar',markers,normalize hybrid marker,NA
d17d9abf-c21d-4c2b-a166-86343ae323d3,APPLIED_REGEX_RULE,traeart,Malus x 'James Greive',Malus hybr. 'James Greive',markers,normalize hybrid marker,NA
97fecb00-a955-4490-8b83-c01c6bb58749,APPLIED_REGEX_RULE,traeart,Viburnum x bodnantense,Viburnum hybr. bodnantense,markers,normalize hybrid marker,NA
57207fee-159d-48a3-9fc9-171371c89a33,APPLIED_REGEX_RULE,traeart,Tilia x 'Zwarte Linde',Tilia hybr. 'Zwarte Linde',markers,normalize hybrid marker,NA
2fbd92a1-92f3-4511-a815-a9d4cc3a7fa8,APPLIED_REGEX_RULE,traeart,Prunus x 'Stevnsbær',Prunus hybr. 'Stevnsbær',markers,normalize hybrid marker,NA
44ea0bf1-04ec-4a2b-b221-4b63f9e29f85,APPLIED_REGEX_RULE,traeart,Prunus x 'Stevnsbær',Prunus hybr. 'Stevnsbær',markers,normalize hybrid marker,NA
a4b2a0d6-c088-4477-b2a5-8b3040d48c3f,APPLIED_REGEX_RULE,traeart,Malus x 'Elstar',Malus hybr. 'Elstar',markers,normalize hybrid marker,NA
9349d05f-280f-4c65-993f-4c00443249c3,APPLIED_REGEX_RULE,traeart,Prunus x 'Stella',Prunus hybr. 'Stella',markers,normalize hybrid marker,NA
5afcab94-ca05-43b3-968b-e56cd34702d8,APPLIED_REGEX_RULE,traeart,Prunus x hilleri 'Spire',Prunus hybr. hilleri 'Spire',markers,normalize hybrid marker,NA
5eb10630-7df3-4662-831c-376c2a721f05,APPLIED_REGEX_RULE,traeart,Prunus x hilleri 'Spire',Prunus hybr. hilleri 'Spire',markers,normalize hybrid marker,NA
bffd975e-6c81-4e7d-9520-c48b0d5279f7,APPLIED_REGEX_RULE,traeart,Tilia x 'Zwarte Linde',Tilia hybr. 'Zwarte Linde',markers,normalize hybrid marker,NA
e316a079-a9e3-4a0d-9004-cea1b904860b,APPLIED_REGEX_RULE,traeart,Prunus x hilleri 'Spire',Prunus hybr. hilleri 'Spire',markers,normalize hybrid marker,NA
fb6d2612-22f3-4070-9ff6-702442934b01,APPLIED_REGEX_RULE,traeart,Prunus x hilleri 'Spire',Prunus hybr. hilleri 'Spire',markers,normalize hybrid marker,NA
e4567f9a-b1e8-41e1-b133-ca7c460df128,APPLIED_REGEX_RULE,traeart,Prunus x hilleri 'Spire',Prunus hybr. hilleri 'Spire',markers,normalize hybrid marker,NA
4cd5d0c5-d1b6-49de-81fc-dfc1b1a71a9a,APPLIED_REGEX_RULE,traeart,Prunus x hilleri 'Spire',Prunus hybr. hilleri 'Spire',markers,normalize hybrid marker,NA
bafb00b7-e376-4db2-98f3-c97f7847d0e9,APPLIED_REGEX_RULE,traeart,Hamamelis X intermedia,Hamamelis hybr. intermedia,markers,normalize hybrid marker,NA
4d9102c4-2979-4fe8-8d95-30495b62f7e6,APPLIED_REGEX_RULE,traeart,Prunus x 'Stevnsbær',Prunus hybr. 'Stevnsbær',markers,normalize hybrid marker,NA
e33cf505-33a8-495c-8c93-64eadae00478,APPLIED_REGEX_RULE,traeart,Prunus x 'Stevnsbær',Prunus hybr. 'Stevnsbær',markers,normalize hybrid marker,NA
c9c744f9-7283-4fb2-9588-8b50a79d31b6,APPLIED_REGEX_RULE,traeart,Malus x 'Elstar',Malus hybr. 'Elstar',markers,normalize hybrid marker,NA
77023c69-7323-409a-bf9f-857365722bfd,APPLIED_REGEX_RULE,traeart,Quercus x turneri,Quercus hybr. turneri,markers,normalize hybrid marker,NA
d272fae5-c392-42ee-9513-aa411b242ad0,APPLIED_REGEX_RULE,traeart,Malus x 'James Greive',Malus hybr. 'James Greive',markers,normalize hybrid marker,NA
a298891a-8143-4edc-b8ee-4e6d301efd08,APPLIED_REGEX_RULE,traeart,Malus x 'Elstar',Malus hybr. 'Elstar',markers,normalize hybrid marker,NA
9d458178-5cac-43e6-aa78-bb356d3af905,APPLIED_REGEX_RULE,traeart,Malus x 'James Greive',Malus hybr. 'James Greive',markers,normalize hybrid marker,NA
3a4fb7e4-3441-480f-81e7-d550ade8d339,APPLIED_REGEX_RULE,traeart,Magnolia x Soulangiana,Magnolia hybr. Soulangiana,markers,normalize hybrid marker,NA
ae0c3aba-9dd0-4f58-9d64-0c81f2f31cba,APPLIED_REGEX_RULE,traeart,Tilia x 'Zwarte Linde',Tilia hybr. 'Zwarte Linde',markers,normalize hybrid marker,NA
06ee1f89-7296-4f33-bbda-ca9187696f8b,APPLIED_REGEX_RULE,traeart,Malus x 'Elstar',Malus hybr. 'Elstar',markers,normalize hybrid marker,NA
3979f9bd-8ddf-4ffd-ae6c-41075746e7fa,APPLIED_REGEX_RULE,traeart,Viburnum x bodnantense,Viburnum hybr. bodnantense,markers,normalize hybrid marker,NA
1d2fc2c8-5bd8-4329-a57f-4666f71f289a,APPLIED_REGEX_RULE,traeart,Tilia x 'Zwarte Linde',Tilia hybr. 'Zwarte Linde',markers,normalize hybrid marker,NA
846938d8-9144-474b-8bb3-8c1b1ecc73aa,APPLIED_REGEX_RULE,traeart,Robinia x margaretta 'Pink Cascade',Robinia hybr. margaretta 'Pink Cascade',markers,normalize hybrid marker,NA
3d5dfa81-077b-4ea7-9ed0-93901a821c5f,APPLIED_REGEX_RULE,traeart,Prunus x 'Stella',Prunus hybr. 'Stella',markers,normalize hybrid marker,NA
b0e683dd-ad64-4d3e-b88a-d9ce744beab6,APPLIED_REGEX_RULE,traeart,Quercus x turneri,Quercus hybr. turneri,markers,normalize hybrid marker,NA
93f91128-d64f-49c9-b3b8-7ae279710ee3,APPLIED_REGEX_RULE,traeart,Malus x 'James Greive',Malus hybr. 'James Greive',markers,normalize hybrid marker,NA
2beb1eff-786f-4c9d-acac-726cd04e6a7d,APPLIED_REGEX_RULE,traeart,Malus x 'Elstar',Malus hybr. 'Elstar',markers,normalize hybrid marker,NA
595bd36f-8861-4970-9190-9fa1905b80d1,APPLIED_REGEX_RULE,traeart,Malus x 'Elstar',Malus hybr. 'Elstar',markers,normalize hybrid marker,NA
474e7b88-79a0-47e0-a514-d8a2cb85d863,APPLIED_REGEX_RULE,traeart,Magnolia x Soulangiana,Magnolia hybr. Soulangiana,markers,normalize hybrid marker,NA
6ded8e18-2088-4f1f-a877-d1429c56a968,APPLIED_REGEX_RULE,traeart,Magnolia x Soulangiana,Magnolia hybr. Soulangiana,markers,normalize hybrid marker,NA
b946f6a8-5dd1-4e87-a736-b65687d2232f,APPLIED_REGEX_RULE,traeart,Malus x 'James Greive',Malus hybr. 'James Greive',markers,normalize hybrid marker,NA
7004e301-55ba-4305-b359-958e8c34ec03,APPLIED_REGEX_RULE,traeart,Magnolia x Soulangiana,Magnolia hybr. Soulangiana,markers,normalize hybrid marker,NA
1b6861a3-d1e2-47ed-a33a-a4ebd97d2ef8,APPLIED_REGEX_RULE,traeart,Malus x 'James Greive',Malus hybr. 'James Greive',markers,normalize hybrid marker,NA
a6279c12-688e-4e42-b92f-e8749c13ab14,APPLIED_REGEX_RULE,traeart,Malus x 'Elstar',Malus hybr. 'Elstar',markers,normalize hybrid marker,NA
2853b17b-cd27-45d7-a43f-193e3c945a37,APPLIED_REGEX_RULE,traeart,Malus x 'Elstar',Malus hybr. 'Elstar',markers,normalize hybrid marker,NA
a5b70c5f-24e5-44d3-95ed-0f0f01a0328d,APPLIED_REGEX_RULE,traeart,Quercus x turneri,Quercus hybr. turneri,markers,normalize hybrid marker,NA
0e00be0b-b094-4f5f-9b01-1371784fad1a,APPLIED_REGEX_RULE,traeart,Quercus x turneri,Quercus hybr. turneri,markers,normalize hybrid marker,NA
eae79c6e-05ce-4b87-afe7-9fb180ff11cb,APPLIED_REGEX_RULE,traeart,Magnolia x Soulangiana,Magnolia hybr. Soulangiana,markers,normalize hybrid marker,NA
d924d7e8-f11d-4a14-a0b9-4d9f5da3e141,APPLIED_REGEX_RULE,traeart,Magnolia x Soulangiana,Magnolia hybr. Soulangiana,markers,normalize hybrid marker,NA
57c0a599-b587-4068-afff-8c0e95598645,APPLIED_REGEX_RULE,traeart,Catalpa X erubescens,Catalpa hybr. erubescens,markers,normalize hybrid marker,NA
ecdebc7b-30af-43ee-bf59-b2d940b4718f,APPLIED_REGEX_RULE,traeart,Prunus x 'Stevnsbær',Prunus hybr. 'Stevnsbær',markers,normalize hybrid marker,NA
1aa72d7a-87f2-4f25-84e8-c90f55dfa843,APPLIED_REGEX_RULE,traeart,Prunus x 'Stevnsbær',Prunus hybr. 'Stevnsbær',markers,normalize hybrid marker,NA
4f4a8b80-5969-451c-9a88-24c59b3677ae,APPLIED_REGEX_RULE,traeart,Prunus x 'Stevnsbær',Prunus hybr. 'Stevnsbær',markers,normalize hybrid marker,NA
9a601def-4a9a-496b-b2a2-e3d81477752f,APPLIED_REGEX_RULE,traeart,Prunus X amygdalo-persica,Prunus hybr. amygdalo-persica,markers,normalize hybrid marker,NA
a3702482-003b-4164-a59d-36509d0076be,APPLIED_REGEX_RULE,traeart,Malus x 'Elstar',Malus hybr. 'Elstar',markers,normalize hybrid marker,NA
79c4d137-f477-4506-a241-01a2f74b0162,APPLIED_REGEX_RULE,traeart,Malus x 'Elstar',Malus hybr. 'Elstar',markers,normalize hybrid marker,NA
c2f15746-f4a7-45f9-a27b-89029b6a0726,APPLIED_REGEX_RULE,traeart,Malus x 'Elstar',Malus hybr. 'Elstar',markers,normalize hybrid marker,NA
0858ca1f-b504-4bdf-b02a-0e37eca55ced,APPLIED_REGEX_RULE,traeart,Malus x 'Elstar',Malus hybr. 'Elstar',markers,normalize hybrid marker,NA
2f0c2999-c4b7-42a8-8c97-cdd50f0f259f,APPLIED_REGEX_RULE,traeart,Tilia x 'Zwarte Linde',Tilia hybr. 'Zwarte Linde',markers,normalize hybrid marker,NA
7c01beb1-cf20-454a-9a05-e32eb4e56d1c,APPLIED_REGEX_RULE,traeart,Acer x zoeschense 'Annae',Acer hybr. zoeschense 'Annae',markers,normalize hybrid marker,NA
c1e86b51-1597-4877-a2b1-a986fdd88d76,APPLIED_REGEX_RULE,traeart,Tilia x 'Zwarte Linde',Tilia hybr. 'Zwarte Linde',markers,normalize hybrid marker,NA
ec8636a9-16fe-4194-8e2d-164bda67a280,APPLIED_REGEX_RULE,traeart,Viburnum x bodnantense,Viburnum hybr. bodnantense,markers,normalize hybrid marker,NA
902f353f-f9fe-4948-9120-3652a94eaaa9,APPLIED_REGEX_RULE,traeart,Viburnum x bodnantense,Viburnum hybr. bodnantense,markers,normalize hybrid marker,NA
8dc8cda5-578e-4c28-9b70-e0aebff3a455,APPLIED_REGEX_RULE,traeart,Tilia x 'Zwarte Linde',Tilia hybr. 'Zwarte Linde',markers,normalize hybrid marker,NA
204c92eb-5d20-46dd-bf6d-6977c7a9daf8,APPLIED_REGEX_RULE,traeart,Tilia x 'Zwarte Linde',Tilia hybr. 'Zwarte Linde',markers,normalize hybrid marker,NA
bc9fac4a-a4ff-4a70-a41d-9deb6113b50f,APPLIED_REGEX_RULE,traeart,Tilia x 'Zwarte Linde',Tilia hybr. 'Zwarte Linde',markers,normalize hybrid marker,NA
e2fdfe58-1604-46fe-908d-d41782d5e2cf,APPLIED_REGEX_RULE,traeart,Malus x 'Elstar',Malus hybr. 'Elstar',markers,normalize hybrid marker,NA
e2bdc8fe-f841-4b44-a4fc-eec812c994b7,APPLIED_REGEX_RULE,traeart,Prunus x 'Stevnsbær',Prunus hybr. 'Stevnsbær',markers,normalize hybrid marker,NA
03be2d78-a19c-423d-86b0-8ed441c90b70,APPLIED_REGEX_RULE,traeart,Prunus x 'Stevnsbær',Prunus hybr. 'Stevnsbær',markers,normalize hybrid marker,NA
891a5ee2-c261-42f2-a469-bd2ee9aa74fa,APPLIED_REGEX_RULE,traeart,Prunus x 'Stevnsbær',Prunus hybr. 'Stevnsbær',markers,normalize hybrid marker,NA
8fc6e917-c1c5-4c44-9332-fd228c3ef882,APPLIED_REGEX_RULE,traeart,Prunus x 'Stevnsbær',Prunus hybr. 'Stevnsbær',markers,normalize hybrid marker,NA
a00c9f77-f734-4521-8d5d-a6b1ae9dafef,APPLIED_REGEX_RULE,traeart,Prunus x 'Stella',Prunus hybr. 'Stella',markers,normalize hybrid marker,NA
bedda986-b7c9-4570-aae1-579d728cc600,APPLIED_REGEX_RULE,traeart,Prunus x hilleri 'Spire',Prunus hybr. hilleri 'Spire',markers,normalize hybrid marker,NA
78a84833-aa9f-45fa-8445-b851f23eb467,APPLIED_REGEX_RULE,traeart,Prunus x hilleri 'Spire',Prunus hybr. hilleri 'Spire',markers,normalize hybrid marker,NA
3822b062-7df2-4ba5-88b7-058312b5404c,APPLIED_REGEX_RULE,traeart,Prunus x hilleri 'Spire',Prunus hybr. hilleri 'Spire',markers,normalize hybrid marker,NA
0cdfda04-ed36-489c-af88-acdf526ac3d9,APPLIED_REGEX_RULE,traeart,Prunus x hilleri 'Spire',Prunus hybr. hilleri 'Spire',markers,normalize hybrid marker,NA
d0855d9d-4fd1-4b20-b881-0a97e0d2c8ef,APPLIED_REGEX_RULE,traeart,Prunus x 'Stevnsbær',Prunus hybr. 'Stevnsbær',markers,normalize hybrid marker,NA
1861be0b-05c9-47ef-a202-0db9a6c31844,APPLIED_REGEX_RULE,traeart,Prunus x 'Stevnsbær',Prunus hybr. 'Stevnsbær',markers,normalize hybrid marker,NA
6b0535bf-91cf-4323-bca2-b888d9c55ac7,APPLIED_REGEX_RULE,traeart,Malus x 'Elstar',Malus hybr. 'Elstar',markers,normalize hybrid marker,NA
1e20b7bd-7c5b-4c65-b2af-5221f774153d,APPLIED_REGEX_RULE,traeart,Quercus x turneri,Quercus hybr. turneri,markers,normalize hybrid marker,NA
a030464d-53b4-4fd3-835f-0a6b5884f747,APPLIED_REGEX_RULE,traeart,Malus x 'Elstar',Malus hybr. 'Elstar',markers,normalize hybrid marker,NA
ebebb4e8-cf3a-472c-993f-39399d841d03,APPLIED_REGEX_RULE,traeart,Malus x 'James Greive',Malus hybr. 'James Greive',markers,normalize hybrid marker,NA
4fa63c90-cf98-4815-b190-c267c661f54a,APPLIED_REGEX_RULE,traeart,Quercus x turneri,Quercus hybr. turneri,markers,normalize hybrid marker,NA
e81c7e67-7193-4794-ae24-2837a691027d,APPLIED_REGEX_RULE,traeart,"Carpinus betulus ""Frans Fontaine""",Carpinus betulus 'Frans Fontaine',markers,normalize cultivar style,NA
4dda1956-9ee6-49f9-9fa6-3708f8b2442e,APPLIED_REGEX_RULE,traeart,"Carpinus betulus ""Frans Fontaine""",Carpinus betulus 'Frans Fontaine',markers,normalize cultivar style,NA
84a60aac-830c-4667-9610-be42c27a075f,APPLIED_REGEX_RULE,traeart,Ulmus minor  ”Suberosa”,Ulmus minor  'Suberosa',markers,normalize cultivar style,NA
8156f887-a266-46fd-b2fe-fc297eda5a44,APPLIED_REGEX_RULE,traeart,"Carpinus betulus ""Frans Fontaine""",Carpinus betulus 'Frans Fontaine',markers,normalize cultivar style,NA
f703f3cd-17b8-45c9-b736-71ee27e418aa,APPLIED_REGEX_RULE,traeart,"Carpinus betulus ""Frans Fontaine""",Carpinus betulus 'Frans Fontaine',markers,normalize cultivar style,NA
b9690c23-676f-40f8-9782-a7777f1dd5f8,APPLIED_REGEX_RULE,traeart,"Carpinus betulus ""Frans Fontaine""",Carpinus betulus 'Frans Fontaine',markers,normalize cultivar style,NA
db2699d1-105d-4c6c-890b-2ed8df49a800,APPLIED_REGEX_RULE,traeart,"Carpinus betulus ""Frans Fontaine""",Carpinus betulus 'Frans Fontaine',markers,normalize cultivar style,NA
40277bbd-58a0-4655-836b-311c5f9da23e,APPLIED_REGEX_RULE,traeart,"Carpinus betulus ""Frans Fontaine""",Carpinus betulus 'Frans Fontaine',markers,normalize cultivar style,NA
acb10ddf-b1e0-4f2e-9aaf-d0de9b38c8ec,APPLIED_REGEX_RULE,traeart,"Carpinus betulus ""Frans Fontaine""",Carpinus betulus 'Frans Fontaine',markers,normalize cultivar style,NA
e48ed7e1-0b5f-458a-8e29-485727aa8af9,APPLIED_REGEX_RULE,traeart,"Carpinus betulus ""Frans Fontaine""",Carpinus betulus 'Frans Fontaine',markers,normalize cultivar style,NA
72137d9e-0bbe-4afc-a510-e8fa95902375,APPLIED_REGEX_RULE,traeart,"Carpinus betulus ""Frans Fontaine""",Carpinus betulus 'Frans Fontaine',markers,normalize cultivar style,NA
bf0c02c2-a258-4519-b661-370691e82377,APPLIED_REGEX_RULE,traeart,"Carpinus betulus ""Frans Fontaine""",Carpinus betulus 'Frans Fontaine',markers,normalize cultivar style,NA
8a670b42-9518-46bb-9f8c-a7fff75e73c4,APPLIED_REGEX_RULE,traeart,"Carpinus betulus ""Frans Fontaine""",Carpinus betulus 'Frans Fontaine',markers,normalize cultivar style,NA
662f7e5f-4866-4759-bf0e-0ba9d0eb1914,APPLIED_REGEX_RULE,traeart,"Carpinus betulus ""Frans Fontaine""",Carpinus betulus 'Frans Fontaine',markers,normalize cultivar style,NA
33f48407-5fed-4383-ad9c-a2e7d2bae2e5,APPLIED_REGEX_RULE,traeart,"Carpinus betulus ""Frans Fontaine""",Carpinus betulus 'Frans Fontaine',markers,normalize cultivar style,NA
58346b35-57f0-45d5-b34c-379c9418c485,APPLIED_REGEX_RULE,traeart,"Carpinus betulus ""Frans Fontaine""",Carpinus betulus 'Frans Fontaine',markers,normalize cultivar style,NA
2c6d4efa-47b3-4197-b6d8-6eb8c3b8a3b1,APPLIED_REGEX_RULE,traeart,"Carpinus betulus ""Frans Fontaine""",Carpinus betulus 'Frans Fontaine',markers,normalize cultivar style,NA
560ef8a9-7fe3-4503-b0ce-38419b2c524b,APPLIED_REGEX_RULE,traeart,"Carpinus betulus ""Frans Fontaine""",Carpinus betulus 'Frans Fontaine',markers,normalize cultivar style,NA
3de00655-faee-4737-9010-06325e3cb23c,APPLIED_REGEX_RULE,traeart,"Carpinus betulus ""Frans Fontaine""",Carpinus betulus 'Frans Fontaine',markers,normalize cultivar style,NA
94745061-2fee-480f-a937-388367f36623,APPLIED_REGEX_RULE,traeart,"Fagus sylvatica ""Dawyck""",Fagus sylvatica 'Dawyck',markers,normalize cultivar style,NA
cc80377c-d6f2-4e33-83db-11b1a6387a1f,APPLIED_REGEX_RULE,traeart,"Carpinus betulus ""Frans Fontaine""",Carpinus betulus 'Frans Fontaine',markers,normalize cultivar style,NA
70d07035-c9dd-441f-83ce-02aa08067de5,APPLIED_REGEX_RULE,traeart,"Carpinus betulus ""Frans Fontaine""",Carpinus betulus 'Frans Fontaine',markers,normalize cultivar style,NA
f039bcc6-65bd-4c96-95a1-f5b2c64c82bd,APPLIED_REGEX_RULE,traeart,"Carpinus betulus ""Frans Fontaine""",Carpinus betulus 'Frans Fontaine',markers,normalize cultivar style,NA
d481a8e9-e645-4457-9e3f-6d2796e7e12b,APPLIED_REGEX_RULE,traeart,"Carpinus betulus ""Frans Fontaine""",Carpinus betulus 'Frans Fontaine',markers,normalize cultivar style,NA
af9d535e-84df-44b8-8a97-06253a55117f,APPLIED_REGEX_RULE,traeart,"Carpinus betulus ""Frans Fontaine""",Carpinus betulus 'Frans Fontaine',markers,normalize cultivar style,NA
e00e0d12-ee03-40f1-9d37-fb6747211046,APPLIED_REGEX_RULE,traeart,"Carpinus betulus ""Frans Fontaine""",Carpinus betulus 'Frans Fontaine',markers,normalize cultivar style,NA
1b37f225-df68-415a-a6e7-b162b7a23108,APPLIED_REGEX_RULE,traeart,"Carpinus betulus ""Frans Fontaine""",Carpinus betulus 'Frans Fontaine',markers,normalize cultivar style,NA
dd641a08-3a23-485b-b350-7cb89f04afee,APPLIED_REGEX_RULE,traeart,"Carpinus betulus ""Frans Fontaine""",Carpinus betulus 'Frans Fontaine',markers,normalize cultivar style,NA
f18cb691-bb15-410f-b470-6cae262fb9e7,APPLIED_REGEX_RULE,traeart,"Carpinus betulus ""Frans Fontaine""",Carpinus betulus 'Frans Fontaine',markers,normalize cultivar style,NA
454a9983-98aa-40a1-bb04-f08087fed6e0,WRONG_CASE_LATIN,dansk_navn,Hamamelis 'brevitala',Hamamelis 'Brevitala',NA,fix casing latin name,NA
ca3d635d-6e95-4c7f-81b5-be7464751655,WRONG_CASE_LATIN,dansk_navn,Rhus glabra 'lancianata',Rhus glabra 'Lancianata',NA,fix casing latin name,NA
83957fb2-4642-4821-abb5-9451387d095e,WRONG_CASE_LATIN,dansk_navn,Rhus glabra 'lancianata',Rhus glabra 'Lancianata',NA,fix casing latin name,NA
660e22ca-e808-498e-bb4d-78b188f888f4,WRONG_CASE_LATIN,dansk_navn,Corylus avellana  'contorta',Corylus avellana  'Contorta',NA,fix casing latin name,NA
b2b1f89e-459b-427a-966b-0aed3943a20e,WRONG_CASE_LATIN,dansk_navn,Corylus avellana  'contorta',Corylus avellana  'Contorta',NA,fix casing latin name,NA
0f502b09-54b2-43a0-9ee6-8a23c076976d,WRONG_CASE_LATIN,dansk_navn,Malus hybr. 'david',Malus hybr. 'David',NA,fix casing latin name,NA
040804d6-a9a8-4026-b968-48203100ebc3,WRONG_CASE_LATIN,dansk_navn,Malus hybr. 'david',Malus hybr. 'David',NA,fix casing latin name,NA
e1156f9f-bad3-47f1-9c77-972f2902b512,WRONG_CASE_LATIN,dansk_navn,Malus hybr. 'david',Malus hybr. 'David',NA,fix casing latin name,NA
7310dad2-6f76-4473-a2ad-88c3f058f773,WRONG_CASE_LATIN,dansk_navn,Corylus avellana  'contorta',Corylus avellana  'Contorta',NA,fix casing latin name,NA
76413965-42dd-4030-9f9c-958fdf0ca686,APPLIED_REGEX_RULE,traeart,Acer hycarnum,Acer hyrcanum,latin_regex,latin spelling fix,NA
88e93455-02bd-40ac-b408-a339a8eebf29,APPLIED_REGEX_RULE,traeart,Almus inceana,Alnus incana,latin_regex,latin spelling fix,NA
c00c7878-f6dc-44b0-8d41-2b67525de615,APPLIED_REGEX_RULE,traeart,Almus inceana,Alnus incana,latin_regex,latin spelling fix,NA
04b4dca9-63c5-4975-bacb-f27d5e249f94,APPLIED_REGEX_RULE,traeart,Almus inceana,Alnus incana,latin_regex,latin spelling fix,NA
5a86c5e2-89ff-4c69-ba44-29c46cb1558e,APPLIED_REGEX_RULE,traeart,Almus inceana,Alnus incana,latin_regex,latin spelling fix,NA
be0c6c2d-c8fd-42c4-8557-32ab424d604f,APPLIED_REGEX_RULE,traeart,Almus inceana,Alnus incana,latin_regex,latin spelling fix,NA
1f3759b6-d5a4-4978-bebb-cc37489acbdd,APPLIED_REGEX_RULE,traeart,Almus inceana,Alnus incana,latin_regex,latin spelling fix,NA
2a6a0ca1-610b-4bb4-b768-e0c46303a55a,APPLIED_REGEX_RULE,traeart,Almus inceana,Alnus incana,latin_regex,latin spelling fix,NA
a9e051f9-b316-4bbd-94b9-49dfb06b4d6d,APPLIED_REGEX_RULE,traeart,Almus inceana,Alnus incana,latin_regex,latin spelling fix,NA
a10a78a8-891b-4e45-b607-1c2cb0932f32,APPLIED_REGEX_RULE,traeart,Almus inceana,Alnus incana,latin_regex,latin spelling fix,NA
f6b96236-47ff-4416-b125-a095d903b48c,APPLIED_REGEX_RULE,traeart,Almus inceana,Alnus incana,latin_regex,latin spelling fix,NA
fde7e5ed-3c7e-4f32-949d-dd95f382c76a,APPLIED_REGEX_RULE,traeart,Almus inceana,Alnus incana,latin_regex,latin spelling fix,NA
42f3f946-9094-4e95-8240-649fd76ab6be,APPLIED_REGEX_RULE,traeart,Almus inceana,Alnus incana,latin_regex,latin spelling fix,NA
18871666-1d07-442d-80fe-9629220a40d8,APPLIED_REGEX_RULE,traeart,Almus inceana,Alnus incana,latin_regex,latin spelling fix,NA
405fc02d-46d6-4c9c-bd0f-dbb50ba889d5,APPLIED_REGEX_RULE,traeart,Almus inceana,Alnus incana,latin_regex,latin spelling fix,NA
ffb846b7-4b7b-4f1a-996a-14387bf0c398,APPLIED_REGEX_RULE,traeart,Almus inceana,Alnus incana,latin_regex,latin spelling fix,NA
45e0cb6d-7dc3-43f0-96b5-26d2935d9725,APPLIED_REGEX_RULE,traeart,Almus inceana,Alnus incana,latin_regex,latin spelling fix,NA
9433259c-d182-491d-a41d-413d45dc2a1b,APPLIED_REGEX_RULE,traeart,Almus inceana,Alnus incana,latin_regex,latin spelling fix,NA
ff48f98f-666a-4731-9293-32878e419049,APPLIED_REGEX_RULE,traeart,Almus inceana,Alnus incana,latin_regex,latin spelling fix,NA
5e0b2bff-d5df-4ea2-a564-e626a84f4912,APPLIED_REGEX_RULE,traeart,Almus inceana,Alnus incana,latin_regex,latin spelling fix,NA
b161b6e5-b2f4-44ba-b508-c13754535344,APPLIED_REGEX_RULE,traeart,Almus inceana,Alnus incana,latin_regex,latin spelling fix,NA
b36679d0-2e1e-49a3-aaa1-89964916227b,APPLIED_REGEX_RULE,traeart,Almus inceana,Alnus incana,latin_regex,latin spelling fix,NA
152bd66d-3a40-44e1-932c-fb688411ce76,APPLIED_REGEX_RULE,traeart,Almus inceana,Alnus incana,latin_regex,latin spelling fix,NA
d71bfd3c-6ae6-4a94-ab0c-2b931db32302,APPLIED_REGEX_RULE,traeart,Almus inceana,Alnus incana,latin_regex,latin spelling fix,NA
ff191dbc-7be8-4330-85d1-fb1fdaca63b0,APPLIED_REGEX_RULE,traeart,Almus inceana,Alnus incana,latin_regex,latin spelling fix,NA
77a806a4-7b88-474f-b3a6-5da3e8fec8cf,APPLIED_REGEX_RULE,traeart,Almus inceana,Alnus incana,latin_regex,latin spelling fix,NA
c5916003-abfd-4d08-9ff1-f77c9efc6977,APPLIED_REGEX_RULE,traeart,Almus inceana,Alnus incana,latin_regex,latin spelling fix,NA
56b524ad-d9b7-4a61-a060-eaf614ca363a,APPLIED_REGEX_RULE,traeart,Almus inceana,Alnus incana,latin_regex,latin spelling fix,NA
33159f6a-c735-4631-a861-bc59694a4a25,APPLIED_REGEX_RULE,traeart,Almus inceana,Alnus incana,latin_regex,latin spelling fix,NA
12e23ef2-78c9-41f6-a142-e543d69046aa,APPLIED_REGEX_RULE,traeart,Almus inceana,Alnus incana,latin_regex,latin spelling fix,NA
f494c82c-1fc2-4184-98b6-9320e1e32a2e,APPLIED_REGEX_RULE,traeart,Almus inceana,Alnus incana,latin_regex,latin spelling fix,NA
b2d37705-8b5a-4245-85ab-44a40813e78f,APPLIED_REGEX_RULE,traeart,Almus inceana,Alnus incana,latin_regex,latin spelling fix,NA
28f96567-1c6e-4577-9d7f-e65af0876008,APPLIED_REGEX_RULE,traeart,Almus inceana,Alnus incana,latin_regex,latin spelling fix,NA
ec63016b-5a10-4b77-97f7-1aeeeb837b0c,APPLIED_REGEX_RULE,traeart,Almus inceana,Alnus incana,latin_regex,latin spelling fix,NA
43e19853-a486-4a0a-ba01-34f93a0c4315,APPLIED_REGEX_RULE,traeart,Almus inceana,Alnus incana,latin_regex,latin spelling fix,NA
31b943dc-4da4-4d43-977c-be2f0f628781,APPLIED_REGEX_RULE,traeart,Almus inceana,Alnus incana,latin_regex,latin spelling fix,NA
6472a045-efac-4062-b9ce-3cf0ad8e5bf4,APPLIED_REGEX_RULE,traeart,Almus inceana,Alnus incana,latin_regex,latin spelling fix,NA
55c505a4-3f29-486d-94ad-8b88fc9a5c08,APPLIED_REGEX_RULE,traeart,Almus inceana,Alnus incana,latin_regex,latin spelling fix,NA
17e03e98-750d-41b2-b1a0-71a1ba852fe5,APPLIED_REGEX_RULE,traeart,Almus inceana,Alnus incana,latin_regex,latin spelling fix,NA
4f7b9c30-1298-4593-b830-c063b325eff8,APPLIED_REGEX_RULE,traeart,Almus inceana,Alnus incana,latin_regex,latin spelling fix,NA
928cf553-9cf7-499c-855e-df31f84c3fb2,APPLIED_REGEX_RULE,traeart,Almus inceana,Alnus incana,latin_regex,latin spelling fix,NA
c277a1d2-2e72-466e-b91e-4bf8a5773dcf,APPLIED_REGEX_RULE,traeart,Almus inceana,Alnus incana,latin_regex,latin spelling fix,NA
b0096ae2-b2e7-4094-8bc7-93539389dfe2,APPLIED_REGEX_RULE,traeart,Almus inceana,Alnus incana,latin_regex,latin spelling fix,NA
0280b348-46da-4200-9a54-6bc422800d4b,APPLIED_REGEX_RULE,traeart,Almus inceana,Alnus incana,latin_regex,latin spelling fix,NA
1bd21163-ffc3-41c8-9a8d-7ffd450b0341,APPLIED_REGEX_RULE,traeart,Almus inceana,Alnus incana,latin_regex,latin spelling fix,NA
19f97f93-f74a-411f-968f-a296f66b1472,APPLIED_REGEX_RULE,traeart,Almus inceana,Alnus incana,latin_regex,latin spelling fix,NA
8b54414b-58ef-473c-b246-998890f45e92,APPLIED_REGEX_RULE,traeart,Almus inceana,Alnus incana,latin_regex,latin spelling fix,NA
dc4cabe2-430f-4089-93c6-4346255e9868,APPLIED_REGEX_RULE,traeart,Almus inceana,Alnus incana,latin_regex,latin spelling fix,NA
6d3bc636-253e-4786-a5fe-0cfee3078f22,APPLIED_REGEX_RULE,traeart,Almus inceana,Alnus incana,latin_regex,latin spelling fix,NA
c8d3b969-a997-4ac9-bf9d-ffa12f16b01d,APPLIED_REGEX_RULE,traeart,Almus inceana,Alnus incana,latin_regex,latin spelling fix,NA
7de2306b-ff49-49f9-8a0b-8861ba4faf8d,APPLIED_REGEX_RULE,traeart,Almus inceana,Alnus incana,latin_regex,latin spelling fix,NA
af8fb991-e48f-46d3-b9d3-2dd2e3b951c0,APPLIED_REGEX_RULE,traeart,Almus inceana,Alnus incana,latin_regex,latin spelling fix,NA
51459dd4-1dd3-4689-bf8c-b20b558eea7f,APPLIED_REGEX_RULE,traeart,Almus inceana,Alnus incana,latin_regex,latin spelling fix,NA
dfdf0dfe-663c-4dd6-8d3c-08cfedf537f5,APPLIED_REGEX_RULE,traeart,Almus inceana,Alnus incana,latin_regex,latin spelling fix,NA
dda4ec43-89e8-452f-82d2-1714fef881c4,APPLIED_REGEX_RULE,traeart,Almus inceana,Alnus incana,latin_regex,latin spelling fix,NA
c3c369bc-927a-4e9e-87f7-5b2ad1b08305,APPLIED_REGEX_RULE,traeart,Almus inceana,Alnus incana,latin_regex,latin spelling fix,NA
27f358a6-acc3-47bf-8fde-b23fc93c6ddb,APPLIED_REGEX_RULE,traeart,Almus inceana,Alnus incana,latin_regex,latin spelling fix,NA
eafcc217-7d25-47e8-83bd-0d855dee45cc,APPLIED_REGEX_RULE,traeart,Almus inceana,Alnus incana,latin_regex,latin spelling fix,NA
f65ca915-ca9a-427a-93b2-e9285cf6804c,APPLIED_REGEX_RULE,traeart,Almus inceana,Alnus incana,latin_regex,latin spelling fix,NA
3f10d4e3-8c45-4024-871c-818fa874cea0,APPLIED_REGEX_RULE,traeart,Almus inceana,Alnus incana,latin_regex,latin spelling fix,NA
2ec561a6-2ab6-40e5-af57-c4b42450a109,APPLIED_REGEX_RULE,traeart,Almus inceana,Alnus incana,latin_regex,latin spelling fix,NA
969bf69c-8f09-4ed2-8da5-ce94862a7f04,APPLIED_REGEX_RULE,traeart,Almus inceana,Alnus incana,latin_regex,latin spelling fix,NA
10a39ba9-e36b-43a0-8411-26c3c9761f7a,APPLIED_REGEX_RULE,traeart,Almus inceana,Alnus incana,latin_regex,latin spelling fix,NA
55c61dfc-afe2-4781-97d4-35519c1ea00b,APPLIED_REGEX_RULE,traeart,Almus inceana,Alnus incana,latin_regex,latin spelling fix,NA
f29ea896-e41a-41be-93f5-9106e9e14239,APPLIED_REGEX_RULE,traeart,Almus inceana,Alnus incana,latin_regex,latin spelling fix,NA
c0b1e352-a53e-4f91-b011-4a86a0fec011,APPLIED_REGEX_RULE,traeart,Almus inceana,Alnus incana,latin_regex,latin spelling fix,NA
1cd79fc2-1e9c-42e6-ad31-5205796f2119,APPLIED_REGEX_RULE,traeart,Almus inceana,Alnus incana,latin_regex,latin spelling fix,NA
f3cff026-cd25-4464-a418-3252e0a10904,APPLIED_REGEX_RULE,traeart,Almus inceana,Alnus incana,latin_regex,latin spelling fix,NA
9fd80191-a37a-4b87-b5dd-8c79f9a3b821,APPLIED_REGEX_RULE,traeart,Almus inceana,Alnus incana,latin_regex,latin spelling fix,NA
7a144440-0ec8-477f-ae58-f961cb8d76d0,APPLIED_REGEX_RULE,traeart,Almus inceana,Alnus incana,latin_regex,latin spelling fix,NA
fb2548b7-064b-421a-81b1-2c8ae9fe0f08,APPLIED_REGEX_RULE,traeart,Almus inceana,Alnus incana,latin_regex,latin spelling fix,NA
ec29af88-b218-47d2-8cc9-6660b49451ba,APPLIED_REGEX_RULE,traeart,Almus inceana,Alnus incana,latin_regex,latin spelling fix,NA
dd36e833-6ec7-4b9d-8b8b-d22615ba5bb4,APPLIED_REGEX_RULE,traeart,Almus inceana,Alnus incana,latin_regex,latin spelling fix,NA
791fe050-b37b-4b21-a2d1-983c1496862e,APPLIED_REGEX_RULE,traeart,Almus inceana,Alnus incana,latin_regex,latin spelling fix,NA
88ab7b22-59cc-41fd-989b-0452237187f9,APPLIED_REGEX_RULE,traeart,Almus inceana,Alnus incana,latin_regex,latin spelling fix,NA
21c927a0-db71-484b-aa23-9e6059aaaded,APPLIED_REGEX_RULE,traeart,Almus inceana,Alnus incana,latin_regex,latin spelling fix,NA
a6615384-52de-43b7-8ed3-c2ad00aff150,APPLIED_REGEX_RULE,traeart,Almus inceana,Alnus incana,latin_regex,latin spelling fix,NA
e52b3093-7ca6-4d70-a58e-62f6368c3911,APPLIED_REGEX_RULE,traeart,Alnus inokumea,Alnus inokumae,latin_regex,latin spelling fix,NA
17456ee4-c153-4a03-9665-6234da0da318,APPLIED_REGEX_RULE,traeart,Alnus inokumea,Alnus inokumae,latin_regex,latin spelling fix,NA
34b1e28f-6ea7-4157-b6a5-f3a83640c495,APPLIED_REGEX_RULE,traeart,Alnus inokumea,Alnus inokumae,latin_regex,latin spelling fix,NA
04d1508a-75de-4598-a248-75bbd615294f,APPLIED_REGEX_RULE,traeart,Alnus inokumea,Alnus inokumae,latin_regex,latin spelling fix,NA
acf6aa6d-d949-4297-8118-887879d1414a,APPLIED_REGEX_RULE,traeart,Alnus inokumea,Alnus inokumae,latin_regex,latin spelling fix,NA
a2294d4c-4644-4ea7-bc98-d8f59d977b50,APPLIED_REGEX_RULE,traeart,Alnus inokumea,Alnus inokumae,latin_regex,latin spelling fix,NA
5dca00c4-85b7-420b-a134-3497c94376d3,APPLIED_REGEX_RULE,traeart,Amelachier canadensis,Amelanchier canadensis,latin_regex,latin spelling fix,NA
745956fd-2c22-4ca5-be6f-c3abbd72d17e,APPLIED_REGEX_RULE,traeart,Amelachier canadensis,Amelanchier canadensis,latin_regex,latin spelling fix,NA
bd785ff2-ec63-47fc-a1ba-dcaf6da1543f,APPLIED_REGEX_RULE,traeart,Amelachier canadensis,Amelanchier canadensis,latin_regex,latin spelling fix,NA
c772e98f-d4c2-49e4-b794-c5a6b18037e7,APPLIED_REGEX_RULE,traeart,Amelachier canadensis,Amelanchier canadensis,latin_regex,latin spelling fix,NA
01060e35-055f-4823-a9e8-4e0cb5573108,APPLIED_REGEX_RULE,traeart,Amelachier canadensis,Amelanchier canadensis,latin_regex,latin spelling fix,NA
ae09fa7d-9208-4a75-b12b-f60599e4f528,APPLIED_REGEX_RULE,traeart,Amelachier canadensis,Amelanchier canadensis,latin_regex,latin spelling fix,NA
ce66e5b3-49fc-4de4-b2d1-2603a075962c,APPLIED_REGEX_RULE,traeart,Amelachier canadensis,Amelanchier canadensis,latin_regex,latin spelling fix,NA
a082956f-7593-4505-afd6-69a830288640,APPLIED_REGEX_RULE,traeart,Amelachier canadensis,Amelanchier canadensis,latin_regex,latin spelling fix,NA
7990b36f-061a-4f72-95a5-a60e395128fb,APPLIED_REGEX_RULE,traeart,Amelachier canadensis,Amelanchier canadensis,latin_regex,latin spelling fix,NA
e0493c76-1c36-42d6-b857-6a43e5985d99,APPLIED_REGEX_RULE,traeart,Amelachier canadensis,Amelanchier canadensis,latin_regex,latin spelling fix,NA
1ad5dd8f-42be-4737-a361-eee3b77fec01,APPLIED_REGEX_RULE,traeart,Amelachier canadensis,Amelanchier canadensis,latin_regex,latin spelling fix,NA
65d587b8-15fd-4483-bdde-4f2cac5dac4a,APPLIED_REGEX_RULE,traeart,Amelachier canadensis,Amelanchier canadensis,latin_regex,latin spelling fix,NA
260d5810-0cc2-4262-92da-30fa2900475c,APPLIED_REGEX_RULE,traeart,Amelachier canadensis,Amelanchier canadensis,latin_regex,latin spelling fix,NA
b05dd527-80fa-4628-9a42-eb068ed8185d,APPLIED_REGEX_RULE,traeart,Amelachier canadensis,Amelanchier canadensis,latin_regex,latin spelling fix,NA
3d99d43e-b4de-4ada-9f7f-059fb5e2d792,APPLIED_REGEX_RULE,traeart,Amelachier canadensis,Amelanchier canadensis,latin_regex,latin spelling fix,NA
05296e94-aff8-4f77-9f03-32c73933cb9f,APPLIED_REGEX_RULE,traeart,Amelachier canadensis,Amelanchier canadensis,latin_regex,latin spelling fix,NA
11f9dbfb-47e1-4cff-b206-fc433547038a,APPLIED_REGEX_RULE,traeart,Amelachier canadensis,Amelanchier canadensis,latin_regex,latin spelling fix,NA
a75f5bd1-c603-44bc-b419-da97a2b98fe6,APPLIED_REGEX_RULE,traeart,Amelachier canadensis,Amelanchier canadensis,latin_regex,latin spelling fix,NA
e51e2363-43db-4ee0-99ce-6c7791d9334d,APPLIED_REGEX_RULE,traeart,Amelachier canadensis,Amelanchier canadensis,latin_regex,latin spelling fix,NA
ea76546e-caa9-4b6e-b2e5-768bd42fbe95,APPLIED_REGEX_RULE,traeart,Amelachier canadensis,Amelanchier canadensis,latin_regex,latin spelling fix,NA
f562d8ef-44a6-46d2-a86c-4d9509caa13f,APPLIED_REGEX_RULE,traeart,Amelachier canadensis,Amelanchier canadensis,latin_regex,latin spelling fix,NA
71d07757-896b-4b9e-8b07-eb25dd3b4f2d,APPLIED_REGEX_RULE,traeart,Amelachier canadensis,Amelanchier canadensis,latin_regex,latin spelling fix,NA
3fd809a0-eadb-47f5-bb54-c331a62c163f,APPLIED_REGEX_RULE,traeart,Amelachier canadensis,Amelanchier canadensis,latin_regex,latin spelling fix,NA
e1458f7d-e9a5-4577-bb1b-f319380a5d32,APPLIED_REGEX_RULE,traeart,Amelachier canadensis,Amelanchier canadensis,latin_regex,latin spelling fix,NA
f3a1e9c7-0cec-4ea2-82f0-8b2004572bee,APPLIED_REGEX_RULE,traeart,Amelachier canadensis,Amelanchier canadensis,latin_regex,latin spelling fix,NA
8d9b812a-dc8f-479d-b631-6cea3b55c8c7,APPLIED_REGEX_RULE,traeart,Amelachier canadensis,Amelanchier canadensis,latin_regex,latin spelling fix,NA
0757d323-3ba6-47e4-bfaf-afe08c62db9f,APPLIED_REGEX_RULE,traeart,Amelachier canadensis,Amelanchier canadensis,latin_regex,latin spelling fix,NA
e3d33988-8802-4bc5-a0c1-6b58bf29bbc4,APPLIED_REGEX_RULE,traeart,Amelachier canadensis,Amelanchier canadensis,latin_regex,latin spelling fix,NA
935de45c-84ea-484b-a268-553b85004411,APPLIED_REGEX_RULE,traeart,Amelachier canadensis,Amelanchier canadensis,latin_regex,latin spelling fix,NA
b624753f-aa23-4499-992a-e7f7e23e4d38,APPLIED_REGEX_RULE,traeart,Amelachier canadensis,Amelanchier canadensis,latin_regex,latin spelling fix,NA
c02484f3-7a4a-4fd7-aef0-08b5cefa576a,APPLIED_REGEX_RULE,traeart,Amelachier canadensis,Amelanchier canadensis,latin_regex,latin spelling fix,NA
2777b75a-e606-457a-9845-69e514dd4203,APPLIED_REGEX_RULE,traeart,Amelachier canadensis,Amelanchier canadensis,latin_regex,latin spelling fix,NA
f4e88212-4f5f-4ad6-b41d-ee978a8460f4,APPLIED_REGEX_RULE,traeart,Amelachier canadensis,Amelanchier canadensis,latin_regex,latin spelling fix,NA
48b6a80e-abab-4d8a-9c9c-bfe1da52edcb,APPLIED_REGEX_RULE,traeart,Amelachier canadensis,Amelanchier canadensis,latin_regex,latin spelling fix,NA
ef2d196a-ec61-4703-8f97-18e6cc2e1bf8,APPLIED_REGEX_RULE,traeart,Amelachier canadensis,Amelanchier canadensis,latin_regex,latin spelling fix,NA
d87f9807-96cb-497f-8ad5-552e72377475,APPLIED_REGEX_RULE,traeart,Amelachier canadensis,Amelanchier canadensis,latin_regex,latin spelling fix,NA
554fa121-0722-48c5-b9ff-9aec58978811,APPLIED_REGEX_RULE,traeart,Amelachier canadensis,Amelanchier canadensis,latin_regex,latin spelling fix,NA
f0811e8c-e944-45b0-b6ad-c2571fe145db,APPLIED_REGEX_RULE,traeart,Amelachier canadensis,Amelanchier canadensis,latin_regex,latin spelling fix,NA
198a7564-5ca7-4431-977f-0dbafbaa450b,APPLIED_REGEX_RULE,traeart,Amelachier canadensis,Amelanchier canadensis,latin_regex,latin spelling fix,NA
87dcb187-3676-4081-9a36-fe3ac879769e,APPLIED_REGEX_RULE,traeart,Amelachier canadensis,Amelanchier canadensis,latin_regex,latin spelling fix,NA
3feb723b-2e2d-4bcb-86b1-c9963099c65b,APPLIED_REGEX_RULE,traeart,Amelachier canadensis,Amelanchier canadensis,latin_regex,latin spelling fix,NA
ea1f3706-2fce-430b-b402-f4fdcd093438,APPLIED_REGEX_RULE,traeart,Amelachier canadensis,Amelanchier canadensis,latin_regex,latin spelling fix,NA
6f500156-2fa6-4f55-8f6c-d303e63e6da3,APPLIED_REGEX_RULE,traeart,Amelachier canadensis,Amelanchier canadensis,latin_regex,latin spelling fix,NA
9d116bd6-dce1-4c0e-9ca6-7d651b50443e,APPLIED_REGEX_RULE,traeart,Amelachier canadensis,Amelanchier canadensis,latin_regex,latin spelling fix,NA
1ad2eb5c-58f8-40c6-8c1c-2692081be39e,APPLIED_REGEX_RULE,traeart,Amelachier canadensis,Amelanchier canadensis,latin_regex,latin spelling fix,NA
16ff615a-fef1-4e68-83da-7bfbd0ea76dc,APPLIED_REGEX_RULE,traeart,Amelachier canadensis,Amelanchier canadensis,latin_regex,latin spelling fix,NA
65fd4021-662a-4eb0-960f-19cbbc6e1932,APPLIED_REGEX_RULE,traeart,Amelachier canadensis,Amelanchier canadensis,latin_regex,latin spelling fix,NA
cc8936c1-b91a-4c53-ab44-984922a1a161,APPLIED_REGEX_RULE,traeart,Amelachier canadensis,Amelanchier canadensis,latin_regex,latin spelling fix,NA
697fd4c0-3b12-47fe-ba0d-00fea77a2869,APPLIED_REGEX_RULE,traeart,Amelachier canadensis,Amelanchier canadensis,latin_regex,latin spelling fix,NA
2ac2db96-53d2-4225-9b87-aa910a5361aa,APPLIED_REGEX_RULE,traeart,Amelachier canadensis,Amelanchier canadensis,latin_regex,latin spelling fix,NA
54a5614f-4f99-46b6-9d0b-3613132471c8,APPLIED_REGEX_RULE,traeart,Amelachier canadensis,Amelanchier canadensis,latin_regex,latin spelling fix,NA
80fcef15-2a87-4c7e-8206-a6ec1bdd1667,APPLIED_REGEX_RULE,traeart,Amelachier canadensis,Amelanchier canadensis,latin_regex,latin spelling fix,NA
96fa4cf9-e0f3-416f-933b-9567d3839ef7,APPLIED_REGEX_RULE,traeart,Amelachier canadensis,Amelanchier canadensis,latin_regex,latin spelling fix,NA
4509dd34-eaf8-467f-8969-226a304aeb70,APPLIED_REGEX_RULE,traeart,Amelachier canadensis,Amelanchier canadensis,latin_regex,latin spelling fix,NA
e7074adf-f781-4c9e-843b-548412803496,APPLIED_REGEX_RULE,traeart,Amelachier canadensis,Amelanchier canadensis,latin_regex,latin spelling fix,NA
4e9c4417-485f-41fa-963e-f9b2fc74fa7c,APPLIED_REGEX_RULE,traeart,Amelachier canadensis,Amelanchier canadensis,latin_regex,latin spelling fix,NA
e3694231-1f3e-40bf-9d2f-f219587e8d40,APPLIED_REGEX_RULE,traeart,Amelachier canadensis,Amelanchier canadensis,latin_regex,latin spelling fix,NA
0221dc7a-2e4a-4975-91a5-61d180b7c4ba,APPLIED_REGEX_RULE,traeart,Amelachier canadensis,Amelanchier canadensis,latin_regex,latin spelling fix,NA
b6939e22-faa4-4c3d-a9b4-815fe81d5ebb,APPLIED_REGEX_RULE,traeart,Amelachier canadensis,Amelanchier canadensis,latin_regex,latin spelling fix,NA
80b6ad1b-2ad3-4268-b503-50d018eabdb0,APPLIED_REGEX_RULE,traeart,Amelachier canadensis,Amelanchier canadensis,latin_regex,latin spelling fix,NA
6c981367-20df-428f-88e0-b4078aa54678,APPLIED_REGEX_RULE,traeart,Amelachier canadensis,Amelanchier canadensis,latin_regex,latin spelling fix,NA
ac89fed2-c9e8-456d-95dd-3b8b4e368ba5,APPLIED_REGEX_RULE,traeart,Amelachier canadensis,Amelanchier canadensis,latin_regex,latin spelling fix,NA
074c11cf-9830-48c3-bba6-d933ce0a5002,APPLIED_REGEX_RULE,traeart,Amelachier canadensis,Amelanchier canadensis,latin_regex,latin spelling fix,NA
aa8200f0-cc0a-4ad5-ab73-659d4635f223,APPLIED_REGEX_RULE,traeart,Amelachier canadensis,Amelanchier canadensis,latin_regex,latin spelling fix,NA
47909ca4-349f-42bd-81fb-1907f92b124c,APPLIED_REGEX_RULE,traeart,Amelachier canadensis,Amelanchier canadensis,latin_regex,latin spelling fix,NA
fdb39c73-0ad8-4e0b-b37c-5a81ee74e4b2,APPLIED_REGEX_RULE,traeart,Aronia meloncarpia,Aronia melanocarpa,latin_regex,latin spelling fix,NA
7aa2e309-6c1d-4fb5-a35d-0bff71c39eb3,APPLIED_REGEX_RULE,traeart,Aronia meloncarpia,Aronia melanocarpa,latin_regex,latin spelling fix,NA
ec050199-8abb-45e6-a3f5-a1a3376bbae6,APPLIED_REGEX_RULE,traeart,Aronia meloncarpia,Aronia melanocarpa,latin_regex,latin spelling fix,NA
1945e8b0-8325-4f31-9a99-03ee296fd12a,APPLIED_REGEX_RULE,traeart,Celtis sinesis,Celtis sinensis,latin_regex,latin spelling fix,NA
89610113-5435-494c-b1c4-44e6242834dd,APPLIED_REGEX_RULE,traeart,Davidia involucrate 'Vilmoriniana',Davidia involucrata 'Vilmoriniana',latin_regex,latin spelling fix,NA
6e85e10e-f539-40e3-9be9-5c48194e1b12,APPLIED_REGEX_RULE,traeart,Davidia involuncrata,Davidia involucrata,latin_regex,latin spelling fix,NA
3e1d9b18-b71a-4f16-929f-98ce5520bcaa,APPLIED_REGEX_RULE,traeart,Davidia involuncrata,Davidia involucrata,latin_regex,latin spelling fix,NA
b44a2db1-d6cc-43ad-bdb0-01cb4dd103c6,APPLIED_REGEX_RULE,traeart,Davidia involuncrata,Davidia involucrata,latin_regex,latin spelling fix,NA
d4c1defb-d4c6-40cf-9ec8-397d74b65109,APPLIED_REGEX_RULE,traeart,Davidia involuncrata,Davidia involucrata,latin_regex,latin spelling fix,NA
a202fd48-8033-430f-b5fc-a7ab6cb5350a,APPLIED_REGEX_RULE,traeart,Davidia involuncrata,Davidia involucrata,latin_regex,latin spelling fix,NA
4d5069e2-9178-4bad-a0ca-27c381cf7af8,APPLIED_REGEX_RULE,traeart,Davidia involuncrata,Davidia involucrata,latin_regex,latin spelling fix,NA
ace86946-e139-4cd5-9f51-7da1bf3c9d44,APPLIED_REGEX_RULE,traeart,Davidia involuncrata,Davidia involucrata,latin_regex,latin spelling fix,NA
60017cf3-d85a-48c3-be3e-b53d0e9035be,APPLIED_REGEX_RULE,traeart,Davidia involuncrata,Davidia involucrata,latin_regex,latin spelling fix,NA
42ad36f0-582e-4b88-846b-8098204c44d4,APPLIED_REGEX_RULE,traeart,Davidia involuncrata,Davidia involucrata,latin_regex,latin spelling fix,NA
6e7ec5db-a585-48b4-a931-6ef4217d3f2c,APPLIED_REGEX_RULE,traeart,Davidia involuncrata,Davidia involucrata,latin_regex,latin spelling fix,NA
0c08b148-e476-4096-8757-7a64725f37d7,APPLIED_REGEX_RULE,traeart,Davidia involuncrata,Davidia involucrata,latin_regex,latin spelling fix,NA
e8080b40-4109-41d5-878e-e11c37509894,APPLIED_REGEX_RULE,traeart,Davidia involuncrata,Davidia involucrata,latin_regex,latin spelling fix,NA
b9000d86-3713-477f-9cd1-8104214a9971,APPLIED_REGEX_RULE,traeart,Davidia involuncrata,Davidia involucrata,latin_regex,latin spelling fix,NA
29d69ded-2f0e-422e-aab4-bd601574ca11,APPLIED_REGEX_RULE,traeart,Davidia involuncrata,Davidia involucrata,latin_regex,latin spelling fix,NA
20be50b0-074e-4686-921a-56be0e725cac,APPLIED_REGEX_RULE,traeart,Davidia involuncrata,Davidia involucrata,latin_regex,latin spelling fix,NA
c0b32056-e90e-4c29-9b26-2ac15006587e,APPLIED_REGEX_RULE,traeart,Davidia involuncrata,Davidia involucrata,latin_regex,latin spelling fix,NA
815bd8a7-1e14-425a-89b7-43af37aa4176,APPLIED_REGEX_RULE,traeart,Davidia involuncrata,Davidia involucrata,latin_regex,latin spelling fix,NA
5ca11f59-d094-45ca-a2e0-3e35d92f087c,APPLIED_REGEX_RULE,traeart,Forthergilla major,Fothergilla major,latin_regex,latin spelling fix,NA
454a9983-98aa-40a1-bb04-f08087fed6e0,APPLIED_REGEX_RULE,traeart,Hamamelis 'Brevitala',Hamamelis 'Brevipetala',latin_regex,latin spelling fix,NA
7bab8e4d-bd24-4bad-b6e4-49ec96a8d034,APPLIED_REGEX_RULE,traeart,Hippophea rhamnoides,Hippophae rhamnoides,latin_regex,latin spelling fix,NA
ceaeb5ae-929d-4f42-8c52-73f0df4e5e59,APPLIED_REGEX_RULE,traeart,Hippophea rhamnoides,Hippophae rhamnoides,latin_regex,latin spelling fix,NA
4913a7b0-6ba6-4543-846e-5c1b65fbd0d7,APPLIED_REGEX_RULE,traeart,Hippophea rhamnoides,Hippophae rhamnoides,latin_regex,latin spelling fix,NA
80d26c4a-52fc-4873-8b29-256e6e37e682,APPLIED_REGEX_RULE,traeart,Hippophea rhamnoides,Hippophae rhamnoides,latin_regex,latin spelling fix,NA
79327826-6e9e-4cb2-a82d-001d515f9066,APPLIED_REGEX_RULE,traeart,Hippophea rhamnoides,Hippophae rhamnoides,latin_regex,latin spelling fix,NA
e00a55e4-baa5-4fa1-87aa-937a2b8045d8,APPLIED_REGEX_RULE,traeart,Laburnocytisus adami,+Laburnocytisus adami,latin_regex,latin normalization,NA
37beb4e2-eded-40a6-bc8b-5ac6ef5ef8cf,APPLIED_REGEX_RULE,traeart,Malus sieboldie  'Browers beauty',Malus sieboldii  'Browers beauty',latin_regex,latin spelling fix,NA
6b455735-2988-4899-90ba-b3096f077153,APPLIED_REGEX_RULE,traeart,Malus sieboldie  'Freja',Malus sieboldii  'Freja',latin_regex,latin spelling fix,NA
c9bbd743-8151-4668-9cb7-89c67767524a,APPLIED_REGEX_RULE,traeart,Malus sieboldie  'Browers beauty',Malus sieboldii  'Browers beauty',latin_regex,latin spelling fix,NA
bc42e8c5-53a0-4524-ad63-ea06386a1f14,APPLIED_REGEX_RULE,traeart,Malus sieboldie  'Browers beauty',Malus sieboldii  'Browers beauty',latin_regex,latin spelling fix,NA
d1408dcc-01d2-432a-ba10-3cd720008f94,APPLIED_REGEX_RULE,traeart,Physocarbus opulifolius  'El Diabolo',Physocarpus opulifolius  'El Diabolo',latin_regex,latin spelling fix,NA
18381e4b-b3bc-4e9e-998f-df37aa33dcde,APPLIED_REGEX_RULE,traeart,Picea punges 'Argenta',Picea pungens 'Argenta',latin_regex,latin spelling fix,NA
56cc0967-5d0c-4554-9a7e-356b386aaecb,APPLIED_REGEX_RULE,traeart,Prunus ceracifera 'Nigra',Prunus cerasifera 'Nigra',latin_regex,latin spelling fix,NA
1f152c79-789a-4608-b325-e2bf2d925f03,APPLIED_REGEX_RULE,traeart,Prunus ceracifera 'Nigra',Prunus cerasifera 'Nigra',latin_regex,latin spelling fix,NA
2ea935fb-9131-46a9-a29b-d28cfb1910e2,APPLIED_REGEX_RULE,traeart,Prunus ceracifera 'Nigra',Prunus cerasifera 'Nigra',latin_regex,latin spelling fix,NA
0ef824db-260c-4f2a-9c7a-9ff18872083c,APPLIED_REGEX_RULE,traeart,Prunus ceracifera 'Nigra',Prunus cerasifera 'Nigra',latin_regex,latin spelling fix,NA
363dcd8f-dfaf-4715-969d-6375ad638e4e,APPLIED_REGEX_RULE,traeart,Prunus ceracifera 'Nigra',Prunus cerasifera 'Nigra',latin_regex,latin spelling fix,NA
4a431e19-7f7d-4ec0-8c82-23d0902af2f8,APPLIED_REGEX_RULE,traeart,Prunus ceracifera 'Nigra',Prunus cerasifera 'Nigra',latin_regex,latin spelling fix,NA
3a8944b6-05c4-4d20-8a26-2642dffaac9f,APPLIED_REGEX_RULE,traeart,Prunus ceracifera 'Nigra',Prunus cerasifera 'Nigra',latin_regex,latin spelling fix,NA
0bb933f9-969d-47f8-be51-149c6662ad83,APPLIED_REGEX_RULE,traeart,Prunus ceracifera 'Nigra',Prunus cerasifera 'Nigra',latin_regex,latin spelling fix,NA
b8b6ccf1-6831-4efb-a361-8b27aa17a7c2,APPLIED_REGEX_RULE,traeart,Prunus ceracifera 'Nigra',Prunus cerasifera 'Nigra',latin_regex,latin spelling fix,NA
3476ec02-3096-4055-a7b8-9862b99ae4db,APPLIED_REGEX_RULE,traeart,Prunus ceracifera 'Nigra',Prunus cerasifera 'Nigra',latin_regex,latin spelling fix,NA
adc6a314-21da-4696-a437-5aa27b9b5554,APPLIED_REGEX_RULE,traeart,Prunus ceracifera 'Nigra',Prunus cerasifera 'Nigra',latin_regex,latin spelling fix,NA
c330050a-5ec4-44d0-9242-91d07fc48e2f,APPLIED_REGEX_RULE,traeart,Prunus ceracifera 'Nigra',Prunus cerasifera 'Nigra',latin_regex,latin spelling fix,NA
5585c7cc-1115-4ea6-9bce-8256ec7ce018,APPLIED_REGEX_RULE,traeart,Prunus ceracifera 'Nigra',Prunus cerasifera 'Nigra',latin_regex,latin spelling fix,NA
3233b7c1-8070-4030-a162-40e6d962488d,APPLIED_REGEX_RULE,traeart,Prunus ceracifera 'Nigra',Prunus cerasifera 'Nigra',latin_regex,latin spelling fix,NA
1c49569a-3831-4a3b-8f21-817c467e08cb,APPLIED_REGEX_RULE,traeart,Prunus ceracifera 'Nigra',Prunus cerasifera 'Nigra',latin_regex,latin spelling fix,NA
f8091736-ca7b-4513-b2c1-1271405723e7,APPLIED_REGEX_RULE,traeart,Prunus ceracifera 'Nigra',Prunus cerasifera 'Nigra',latin_regex,latin spelling fix,NA
c5d6bd54-6262-4d2f-afa7-8970c285ebce,APPLIED_REGEX_RULE,traeart,Prunus ceracifera 'Nigra',Prunus cerasifera 'Nigra',latin_regex,latin spelling fix,NA
358fd8e4-f657-40a4-a359-5ab91720733d,APPLIED_REGEX_RULE,traeart,Prunus ceracifera 'Nigra',Prunus cerasifera 'Nigra',latin_regex,latin spelling fix,NA
98eda5e6-785c-4caf-9d74-fd2e44a60109,APPLIED_REGEX_RULE,traeart,Prunus ceracifera 'Nigra',Prunus cerasifera 'Nigra',latin_regex,latin spelling fix,NA
e3df470b-b051-49f9-a826-4db3d6c85e8f,APPLIED_REGEX_RULE,traeart,Prunus ceracifera 'Nigra',Prunus cerasifera 'Nigra',latin_regex,latin spelling fix,NA
888b5c10-25e8-4014-a699-23d796233c1f,APPLIED_REGEX_RULE,traeart,Prunus ceracifera 'Nigra',Prunus cerasifera 'Nigra',latin_regex,latin spelling fix,NA
24efb009-a167-493e-af96-c1f03bd7064a,APPLIED_REGEX_RULE,traeart,Prunus ceracifera 'Nigra',Prunus cerasifera 'Nigra',latin_regex,latin spelling fix,NA
2a5a941f-f3dd-4d0f-91d1-7a8345d15655,APPLIED_REGEX_RULE,traeart,Prunus ceracifera 'Nigra',Prunus cerasifera 'Nigra',latin_regex,latin spelling fix,NA
fda272fc-fede-4591-ab72-6339a18e1d82,APPLIED_REGEX_RULE,traeart,Prunus ceracifera 'Nigra',Prunus cerasifera 'Nigra',latin_regex,latin spelling fix,NA
6f9c76e6-f716-4cc4-b7ad-65cc73fb972a,APPLIED_REGEX_RULE,traeart,Prunus ceracifera 'Nigra',Prunus cerasifera 'Nigra',latin_regex,latin spelling fix,NA
5c281aba-4407-4a3b-8cc6-628242b840c5,APPLIED_REGEX_RULE,traeart,Prunus ceracifera 'Nigra',Prunus cerasifera 'Nigra',latin_regex,latin spelling fix,NA
c8259f66-e7f5-4bf0-a6fe-2470269217a1,APPLIED_REGEX_RULE,traeart,Prunus ceracifera 'Nigra',Prunus cerasifera 'Nigra',latin_regex,latin spelling fix,NA
f46b3b65-1557-467e-92c3-3202cc906fbe,APPLIED_REGEX_RULE,traeart,Prunus ceracifera 'Nigra',Prunus cerasifera 'Nigra',latin_regex,latin spelling fix,NA
519efe6e-a6b4-4836-be74-f7eb4d9b3817,APPLIED_REGEX_RULE,traeart,Prunus ceracifera 'Nigra',Prunus cerasifera 'Nigra',latin_regex,latin spelling fix,NA
5fa0e282-b260-4836-bcb4-cfc7b9e47924,APPLIED_REGEX_RULE,traeart,Prunus ceracifera 'Nigra',Prunus cerasifera 'Nigra',latin_regex,latin spelling fix,NA
669714ea-6648-4d6b-993e-ea1093d81e2e,APPLIED_REGEX_RULE,traeart,Prunus ceracifera 'Nigra',Prunus cerasifera 'Nigra',latin_regex,latin spelling fix,NA
45f73872-91b0-490c-b977-9397a68f19e6,APPLIED_REGEX_RULE,traeart,Prunus ceracifera 'Nigra',Prunus cerasifera 'Nigra',latin_regex,latin spelling fix,NA
32dc180f-9110-45b0-ac0a-e93dea974892,APPLIED_REGEX_RULE,traeart,Prunus ceracifera 'Nigra',Prunus cerasifera 'Nigra',latin_regex,latin spelling fix,NA
f3f4c126-1f78-4694-aa14-08e823c6cb79,APPLIED_REGEX_RULE,traeart,Prunus ceracifera 'Nigra',Prunus cerasifera 'Nigra',latin_regex,latin spelling fix,NA
28703904-b890-40ed-8bac-703f912bbda9,APPLIED_REGEX_RULE,traeart,Prunus ceracifera 'Nigra',Prunus cerasifera 'Nigra',latin_regex,latin spelling fix,NA
cd50c78e-99f3-4bd5-b214-ade6702427c7,APPLIED_REGEX_RULE,traeart,Prunus ceracifera 'Nigra',Prunus cerasifera 'Nigra',latin_regex,latin spelling fix,NA
774ac284-42ba-4bdc-ae2f-d6f618ec30e9,APPLIED_REGEX_RULE,traeart,Prunus ceracifera 'Nigra',Prunus cerasifera 'Nigra',latin_regex,latin spelling fix,NA
b3c40e38-f341-4008-a431-b801fb66e330,APPLIED_REGEX_RULE,traeart,Prunus ceracifera 'Nigra',Prunus cerasifera 'Nigra',latin_regex,latin spelling fix,NA
78522f8b-e047-41c1-9344-0b839db6f0d4,APPLIED_REGEX_RULE,traeart,Prunus ceracifera 'Nigra',Prunus cerasifera 'Nigra',latin_regex,latin spelling fix,NA
9163da4d-9b5d-4f5f-989f-7ab181809aba,APPLIED_REGEX_RULE,traeart,Prunus ceracifera 'Nigra',Prunus cerasifera 'Nigra',latin_regex,latin spelling fix,NA
1a6bd9cf-4854-4c3a-9a28-661adc94458f,APPLIED_REGEX_RULE,traeart,Prunus ceracifera 'Nigra',Prunus cerasifera 'Nigra',latin_regex,latin spelling fix,NA
aa027ed7-7295-48c1-9ec4-066bf1aeb350,APPLIED_REGEX_RULE,traeart,Prunus ceracifera 'Nigra',Prunus cerasifera 'Nigra',latin_regex,latin spelling fix,NA
0fb77196-f6bb-4865-9cb6-891c515c5755,APPLIED_REGEX_RULE,traeart,Prunus ceracifera 'Nigra',Prunus cerasifera 'Nigra',latin_regex,latin spelling fix,NA
c96b2bc3-c7a2-48f4-92a0-df25b0195f83,APPLIED_REGEX_RULE,traeart,Prunus ceracifera 'Nigra',Prunus cerasifera 'Nigra',latin_regex,latin spelling fix,NA
6dff1957-228d-40da-b4c7-13f0078b0caa,APPLIED_REGEX_RULE,traeart,Prunus ceracifera 'Nigra',Prunus cerasifera 'Nigra',latin_regex,latin spelling fix,NA
fb028b16-3f89-42aa-8635-3cd8962b4882,APPLIED_REGEX_RULE,traeart,Prunus ceracifera 'Nigra',Prunus cerasifera 'Nigra',latin_regex,latin spelling fix,NA
5867030d-ede0-48ea-8e27-b28d0b67589a,APPLIED_REGEX_RULE,traeart,Prunus ceracifera 'Nigra',Prunus cerasifera 'Nigra',latin_regex,latin spelling fix,NA
02d56f2d-7646-48de-a7cc-8993ce4a4ce1,APPLIED_REGEX_RULE,traeart,Prunus ceracifera 'Nigra',Prunus cerasifera 'Nigra',latin_regex,latin spelling fix,NA
6ab90791-20f1-448e-9f75-43448c8f68e1,APPLIED_REGEX_RULE,traeart,Prunus ceracifera 'Nigra',Prunus cerasifera 'Nigra',latin_regex,latin spelling fix,NA
564ec650-c19b-482c-8ba9-4b14f67e21e0,APPLIED_REGEX_RULE,traeart,Prunus ceracifera 'Nigra',Prunus cerasifera 'Nigra',latin_regex,latin spelling fix,NA
5df7b804-e11f-4473-a584-6aa711c17708,APPLIED_REGEX_RULE,traeart,Prunus ceracifera 'Nigra',Prunus cerasifera 'Nigra',latin_regex,latin spelling fix,NA
c578bb4d-b29c-4d04-b857-2d9daa91fc78,APPLIED_REGEX_RULE,traeart,Prunus ceracifera 'Nigra',Prunus cerasifera 'Nigra',latin_regex,latin spelling fix,NA
d6adaa45-85cc-4225-8015-70e90a0be04a,APPLIED_REGEX_RULE,traeart,Prunus ceracifera 'Nigra',Prunus cerasifera 'Nigra',latin_regex,latin spelling fix,NA
51aca605-aa2a-44a7-84a2-a87b43ea48b2,APPLIED_REGEX_RULE,traeart,Prunus ceracifera 'Nigra',Prunus cerasifera 'Nigra',latin_regex,latin spelling fix,NA
af2545f7-1108-4753-a4b2-e7a8d4f5be77,APPLIED_REGEX_RULE,traeart,Prunus ceracifera 'Nigra',Prunus cerasifera 'Nigra',latin_regex,latin spelling fix,NA
bd163834-8d1e-42a8-a61c-175a7fe3b410,APPLIED_REGEX_RULE,traeart,Prunus ceracifera 'Nigra',Prunus cerasifera 'Nigra',latin_regex,latin spelling fix,NA
b36b60cb-211e-45c7-a53a-cda1adce0b43,APPLIED_REGEX_RULE,traeart,Prunus ceracifera 'Nigra',Prunus cerasifera 'Nigra',latin_regex,latin spelling fix,NA
c2e1fa46-483e-44a3-93f5-269a7b15a0db,APPLIED_REGEX_RULE,traeart,Prunus ceracifera 'Nigra',Prunus cerasifera 'Nigra',latin_regex,latin spelling fix,NA
0beb2296-19b9-4062-9ae7-b286da71607f,APPLIED_REGEX_RULE,traeart,Prunus ceracifera 'Nigra',Prunus cerasifera 'Nigra',latin_regex,latin spelling fix,NA
2b4b21d9-fea0-49e4-8f06-c168c3a78e4a,APPLIED_REGEX_RULE,traeart,Prunus ceracifera 'Nigra',Prunus cerasifera 'Nigra',latin_regex,latin spelling fix,NA
d068fe52-a343-47fd-b0b0-8d4a35ba53f3,APPLIED_REGEX_RULE,traeart,Prunus ceracifera 'Nigra',Prunus cerasifera 'Nigra',latin_regex,latin spelling fix,NA
de3b9258-16df-44d7-bfce-d7bbfd68562c,APPLIED_REGEX_RULE,traeart,Prunus ceracifera 'Nigra',Prunus cerasifera 'Nigra',latin_regex,latin spelling fix,NA
133e9fb3-8180-41e9-bc12-96aee366c0bc,APPLIED_REGEX_RULE,traeart,Prunus ceracifera 'Nigra',Prunus cerasifera 'Nigra',latin_regex,latin spelling fix,NA
0cf245ef-f20f-4717-93ca-d5962ee41fdf,APPLIED_REGEX_RULE,traeart,Prunus ceracifera 'Nigra',Prunus cerasifera 'Nigra',latin_regex,latin spelling fix,NA
28658dbf-e370-4c24-aaf4-d469286e181f,APPLIED_REGEX_RULE,traeart,Prunus ceracifera 'Nigra',Prunus cerasifera 'Nigra',latin_regex,latin spelling fix,NA
01c81185-29ae-40ea-92f1-afa561b82795,APPLIED_REGEX_RULE,traeart,Prunus ceracifera 'Nigra',Prunus cerasifera 'Nigra',latin_regex,latin spelling fix,NA
9e21c71e-6aad-4b3a-97d1-dc0128d28fc8,APPLIED_REGEX_RULE,traeart,Prunus ceracifera 'Nigra',Prunus cerasifera 'Nigra',latin_regex,latin spelling fix,NA
39d028d1-897d-44f3-bba8-cfcc34966dc4,APPLIED_REGEX_RULE,traeart,Prunus ceracifera 'Nigra',Prunus cerasifera 'Nigra',latin_regex,latin spelling fix,NA
f2f9fe04-b244-423f-b531-2e364aa461ad,APPLIED_REGEX_RULE,traeart,Prunus ceracifera 'Nigra',Prunus cerasifera 'Nigra',latin_regex,latin spelling fix,NA
721f6186-3c85-44c5-afe2-5154185d8e98,APPLIED_REGEX_RULE,traeart,Prunus ceracifera 'Nigra',Prunus cerasifera 'Nigra',latin_regex,latin spelling fix,NA
980682c0-53f3-47dd-bd28-323f2e9fb55e,APPLIED_REGEX_RULE,traeart,Prunus ceracifera 'Nigra',Prunus cerasifera 'Nigra',latin_regex,latin spelling fix,NA
f158828c-6313-4270-86f2-a43a637f1468,APPLIED_REGEX_RULE,traeart,Prunus ceracifera 'Nigra',Prunus cerasifera 'Nigra',latin_regex,latin spelling fix,NA
38fb52d9-04ce-404e-aa53-6093054d0a45,APPLIED_REGEX_RULE,traeart,Prunus ceracifera 'Nigra',Prunus cerasifera 'Nigra',latin_regex,latin spelling fix,NA
91c8dd32-e1b4-4b83-96b3-59cb746ca032,APPLIED_REGEX_RULE,traeart,Prunus ceracifera 'Nigra',Prunus cerasifera 'Nigra',latin_regex,latin spelling fix,NA
18194ee9-6c55-4602-8d34-a376ba080eec,APPLIED_REGEX_RULE,traeart,Prunus ceracifera 'Nigra',Prunus cerasifera 'Nigra',latin_regex,latin spelling fix,NA
0aaad1e9-cea0-4fd9-8965-86636a13dd3e,APPLIED_REGEX_RULE,traeart,Prunus ceracifera 'Nigra',Prunus cerasifera 'Nigra',latin_regex,latin spelling fix,NA
4fd9efd1-807a-486a-a68b-43b79c4474d8,APPLIED_REGEX_RULE,traeart,Prunus ceracifera 'Nigra',Prunus cerasifera 'Nigra',latin_regex,latin spelling fix,NA
d6990a9d-4747-4f89-90a5-8615a72412c3,APPLIED_REGEX_RULE,traeart,Prunus ceracifera 'Nigra',Prunus cerasifera 'Nigra',latin_regex,latin spelling fix,NA
6fa43908-660a-4fc8-abfe-fd77d4166815,APPLIED_REGEX_RULE,traeart,Prunus ceracifera 'Nigra',Prunus cerasifera 'Nigra',latin_regex,latin spelling fix,NA
b83bea0b-f86f-4fdd-821d-c76cbfb11525,APPLIED_REGEX_RULE,traeart,Prunus ceracifera 'Nigra',Prunus cerasifera 'Nigra',latin_regex,latin spelling fix,NA
50dd13af-b9a2-4f88-90b7-de0255763e26,APPLIED_REGEX_RULE,traeart,Prunus ceracifera 'Nigra',Prunus cerasifera 'Nigra',latin_regex,latin spelling fix,NA
3d2662bc-dfa7-4d23-9566-01e72c222343,APPLIED_REGEX_RULE,traeart,Prunus ceracifera 'Nigra',Prunus cerasifera 'Nigra',latin_regex,latin spelling fix,NA
e89adaa4-51f6-48f4-bb10-8f063e467b67,APPLIED_REGEX_RULE,traeart,Prunus ceracifera 'Nigra',Prunus cerasifera 'Nigra',latin_regex,latin spelling fix,NA
055c6f0f-da05-4ab8-9982-282d8729fde5,APPLIED_REGEX_RULE,traeart,Prunus ceracifera 'Nigra',Prunus cerasifera 'Nigra',latin_regex,latin spelling fix,NA
eeb86cbc-d507-4f2a-b7b9-49a8d8d958b2,APPLIED_REGEX_RULE,traeart,Prunus ceracifera 'Nigra',Prunus cerasifera 'Nigra',latin_regex,latin spelling fix,NA
e781ce5e-a7a1-4010-8766-0275b44d3327,APPLIED_REGEX_RULE,traeart,Prunus ceracifera 'Nigra',Prunus cerasifera 'Nigra',latin_regex,latin spelling fix,NA
e99f522c-e9dc-419c-b684-4df93400c5f7,APPLIED_REGEX_RULE,traeart,Prunus ceracifera 'Nigra',Prunus cerasifera 'Nigra',latin_regex,latin spelling fix,NA
e4304a0e-cc4a-45f6-bc25-fcdd89dd31eb,APPLIED_REGEX_RULE,traeart,Prunus ceracifera 'Nigra',Prunus cerasifera 'Nigra',latin_regex,latin spelling fix,NA
0a148d96-8d7d-458f-9292-405b38b3d000,APPLIED_REGEX_RULE,traeart,Prunus ceracifera 'Nigra',Prunus cerasifera 'Nigra',latin_regex,latin spelling fix,NA
ce4cd917-1c98-4ec2-9a5e-d6dde57fc4a8,APPLIED_REGEX_RULE,traeart,Prunus ceracifera 'Nigra',Prunus cerasifera 'Nigra',latin_regex,latin spelling fix,NA
81e4b0ab-74f3-41c7-8fdf-b92fff54a429,APPLIED_REGEX_RULE,traeart,Prunus ceracifera 'Nigra',Prunus cerasifera 'Nigra',latin_regex,latin spelling fix,NA
8955cd54-53b9-4d8a-9ca2-b29cf450f3d6,APPLIED_REGEX_RULE,traeart,Prunus ceracifera 'Nigra',Prunus cerasifera 'Nigra',latin_regex,latin spelling fix,NA
0f5318f0-5a90-4eb3-a231-791d086b313b,APPLIED_REGEX_RULE,traeart,Prunus ceracifera 'Nigra',Prunus cerasifera 'Nigra',latin_regex,latin spelling fix,NA
54e07e76-8d4a-42c1-b7bd-2cd66b77d628,APPLIED_REGEX_RULE,traeart,Prunus ceracifera 'Nigra',Prunus cerasifera 'Nigra',latin_regex,latin spelling fix,NA
19fe357a-e54f-48e1-9775-a8f774b9f00a,APPLIED_REGEX_RULE,traeart,Prunus ceracifera 'Nigra',Prunus cerasifera 'Nigra',latin_regex,latin spelling fix,NA
56b3cf65-fe82-4907-9051-0c79821cf37a,APPLIED_REGEX_RULE,traeart,Prunus ceracifera 'Nigra',Prunus cerasifera 'Nigra',latin_regex,latin spelling fix,NA
1b0e6b7d-1cfc-4e3a-b85a-0e0f41951801,APPLIED_REGEX_RULE,traeart,Prunus ceracifera 'Nigra',Prunus cerasifera 'Nigra',latin_regex,latin spelling fix,NA
46feca08-5397-47bd-b984-976195358822,APPLIED_REGEX_RULE,traeart,Prunus ceracifera 'Nigra',Prunus cerasifera 'Nigra',latin_regex,latin spelling fix,NA
9f13d4a8-90ac-4449-b2b1-2b8d46d73ee9,APPLIED_REGEX_RULE,traeart,Prunus ceracifera 'Nigra',Prunus cerasifera 'Nigra',latin_regex,latin spelling fix,NA
1077963e-f5ed-4489-b588-93b254dc7185,APPLIED_REGEX_RULE,traeart,Prunus ceracifera 'Nigra',Prunus cerasifera 'Nigra',latin_regex,latin spelling fix,NA
a539d86e-cb2f-4860-8eea-d09cd6cc5142,APPLIED_REGEX_RULE,traeart,Prunus ceracifera 'Nigra',Prunus cerasifera 'Nigra',latin_regex,latin spelling fix,NA
25e93ff4-8eb5-4d6f-86eb-60bb65456a48,APPLIED_REGEX_RULE,traeart,Prunus mackii 'Amber Shade',Prunus maackii 'Amber Shade',latin_regex,latin spelling fix,NA
fc7ddfb0-1cf7-4fae-a1df-dab49c997f32,APPLIED_REGEX_RULE,traeart,Prunus mackii 'Amber Shade',Prunus maackii 'Amber Shade',latin_regex,latin spelling fix,NA
ee8b98a0-11a3-4b15-8be8-397f10970991,APPLIED_REGEX_RULE,traeart,Pseudotsuga menziezii var. caesia,Pseudotsuga menziesii var. caesia,latin_regex,latin spelling fix,NA
c0d25922-fb4b-4512-a0c8-bb0b4742936a,APPLIED_REGEX_RULE,traeart,Pseudotsuga menziezii var. caesia,Pseudotsuga menziesii var. caesia,latin_regex,latin spelling fix,NA
a41a5c98-b97a-4f76-b851-4db9eb031366,APPLIED_REGEX_RULE,traeart,Pseudotsuga menziezii var. caesia,Pseudotsuga menziesii var. caesia,latin_regex,latin spelling fix,NA
f013435a-230a-4cef-b8aa-e75d5cb797f9,APPLIED_REGEX_RULE,traeart,Pseudotsuga menziezii var. caesia,Pseudotsuga menziesii var. caesia,latin_regex,latin spelling fix,NA
6f2efc61-ac20-4b6b-9545-f068cb969ac6,APPLIED_REGEX_RULE,traeart,Pseudotsuga menziezii var. caesia,Pseudotsuga menziesii var. caesia,latin_regex,latin spelling fix,NA
2408a740-286d-46c8-afe4-9293ed130934,APPLIED_REGEX_RULE,traeart,Pseudotsuga menziezii var. caesia,Pseudotsuga menziesii var. caesia,latin_regex,latin spelling fix,NA
a6521c1b-d07a-4465-988f-a6538f288d2e,APPLIED_REGEX_RULE,traeart,Pseudotsuga menziezii var. glauca,Pseudotsuga menziesii var. glauca,latin_regex,latin spelling fix,NA
3de85238-2dd3-40d1-b036-4976ea1432b8,APPLIED_REGEX_RULE,traeart,Pseudotsuga menziezii var. caesia,Pseudotsuga menziesii var. caesia,latin_regex,latin spelling fix,NA
57a452ab-418a-4ba9-8c88-5210bcf65a31,APPLIED_REGEX_RULE,traeart,Pseudotsuga menziezii var. menziezii,Pseudotsuga menziesii var. menziezii,latin_regex,latin spelling fix,NA
468a3074-03f6-40cf-ad72-56929ebf6ee4,APPLIED_REGEX_RULE,traeart,Pseudotsuga menziezii var. caesia,Pseudotsuga menziesii var. caesia,latin_regex,latin spelling fix,NA
94211020-4918-415e-b14a-16033d57e919,APPLIED_REGEX_RULE,traeart,Pseudotsuga menziezii var. caesia,Pseudotsuga menziesii var. caesia,latin_regex,latin spelling fix,NA
da0ddaeb-37f8-4ecf-b074-6d8d6e35a68a,APPLIED_REGEX_RULE,traeart,Pseudotsuga menziezii var. caesia,Pseudotsuga menziesii var. caesia,latin_regex,latin spelling fix,NA
1fa2478c-def1-4ffb-8910-b43bfcbbc90c,APPLIED_REGEX_RULE,traeart,Pseudotsuga menziezii var. glauca,Pseudotsuga menziesii var. glauca,latin_regex,latin spelling fix,NA
008d6777-277a-43a5-8bf1-a3205ec8c29a,APPLIED_REGEX_RULE,traeart,Pseudotsuga menziezii var. glauca,Pseudotsuga menziesii var. glauca,latin_regex,latin spelling fix,NA
44f41525-ceb5-49ea-830d-3f7d2f03074a,APPLIED_REGEX_RULE,traeart,Pseudotsuga menziezii var. caesia,Pseudotsuga menziesii var. caesia,latin_regex,latin spelling fix,NA
fb5669e6-ed17-4d73-b738-0a845b12db09,APPLIED_REGEX_RULE,traeart,Pseudotsuga menziezii var. glauca,Pseudotsuga menziesii var. glauca,latin_regex,latin spelling fix,NA
1545131b-7590-4445-a834-839264db615e,APPLIED_REGEX_RULE,traeart,Pseudotsuga menziezii var. caesia,Pseudotsuga menziesii var. caesia,latin_regex,latin spelling fix,NA
d5199a41-b0c6-4fc4-ba99-b881908f49df,APPLIED_REGEX_RULE,traeart,Pseudotsuga menziezii var. caesia,Pseudotsuga menziesii var. caesia,latin_regex,latin spelling fix,NA
6a289f53-883f-4a6f-9e75-a82c4eb78474,APPLIED_REGEX_RULE,traeart,Pseudotsuga menziezii var. caesia,Pseudotsuga menziesii var. caesia,latin_regex,latin spelling fix,NA
0eedd7b0-2ac7-4d9f-b2ac-409bf22a3bb9,APPLIED_REGEX_RULE,traeart,Sambuscus nigra,Sambucus nigra,latin_regex,latin spelling fix,NA
5464f13f-c5b7-4914-8db3-deb94629ec8a,APPLIED_REGEX_RULE,traeart,Sambuscus nigra,Sambucus nigra,latin_regex,latin spelling fix,NA
00814c18-2cb0-4e62-b3dd-5a5bb5619f4c,APPLIED_REGEX_RULE,traeart,Sambuscus sp.,Sambucus sp.,latin_regex,latin spelling fix,NA
825859d1-f1dd-4fbd-8e3d-2391f41a6593,APPLIED_REGEX_RULE,traeart,Sambuscus nigra,Sambucus nigra,latin_regex,latin spelling fix,NA
3a9ab4d8-3947-43e6-b80d-c4a8248d31b8,APPLIED_REGEX_RULE,traeart,Sambuscus sp.,Sambucus sp.,latin_regex,latin spelling fix,NA
8bd65627-918d-4204-a2d0-ded558dc9c88,APPLIED_REGEX_RULE,traeart,Sambuscus sp.,Sambucus sp.,latin_regex,latin spelling fix,NA
611f51f1-9b90-45db-99d6-728b632b0b04,APPLIED_REGEX_RULE,traeart,Sambuscus sp.,Sambucus sp.,latin_regex,latin spelling fix,NA
511b64f7-faa6-4845-b548-b5c6cff1ca56,APPLIED_REGEX_RULE,traeart,Sambuscus sp.,Sambucus sp.,latin_regex,latin spelling fix,NA
2b9108fe-2fc4-41a2-aafe-db7e82020a99,APPLIED_REGEX_RULE,traeart,Sambuscus sp.,Sambucus sp.,latin_regex,latin spelling fix,NA
617fd12c-398f-4e3b-8c12-c08c6a9fa136,APPLIED_REGEX_RULE,traeart,Sambuscus sp.,Sambucus sp.,latin_regex,latin spelling fix,NA
485d18d1-de21-4f0f-8885-4ec5ec946053,APPLIED_REGEX_RULE,traeart,Sambuscus sp.,Sambucus sp.,latin_regex,latin spelling fix,NA
28d6efeb-5e6c-4513-8b05-26ef33c66592,APPLIED_REGEX_RULE,traeart,Sambuscus sp.,Sambucus sp.,latin_regex,latin spelling fix,NA
ab2d2a39-7c72-45e7-abec-c950f8383cd3,APPLIED_REGEX_RULE,traeart,Sambuscus sp.,Sambucus sp.,latin_regex,latin spelling fix,NA
e3dd83ce-d098-4778-8e31-bf163a3520d3,APPLIED_REGEX_RULE,traeart,Sambuscus sp.,Sambucus sp.,latin_regex,latin spelling fix,NA
fe36e57f-0a2c-41d6-9134-cddcdd44a558,APPLIED_REGEX_RULE,traeart,Sambuscus sp.,Sambucus sp.,latin_regex,latin spelling fix,NA
8e82446b-aae3-4e10-866a-74538a16f90d,APPLIED_REGEX_RULE,traeart,Sambuscus sp.,Sambucus sp.,latin_regex,latin spelling fix,NA
65563856-fe86-462a-8f46-b7e66306a63a,APPLIED_REGEX_RULE,traeart,Sambuscus sp.,Sambucus sp.,latin_regex,latin spelling fix,NA
50847382-291a-4f63-a757-71bf9c589d52,APPLIED_REGEX_RULE,traeart,Sambuscus sp.,Sambucus sp.,latin_regex,latin spelling fix,NA
c6e7757f-00f4-450b-bd8e-83eb89fd20f1,APPLIED_REGEX_RULE,traeart,Sambuscus nigra,Sambucus nigra,latin_regex,latin spelling fix,NA
2d990aa8-fe37-4c33-9453-60fc82afbaef,APPLIED_REGEX_RULE,traeart,Sambuscus nigra,Sambucus nigra,latin_regex,latin spelling fix,NA
157b9c85-8022-4d75-abdf-4281da3fc3e5,APPLIED_REGEX_RULE,traeart,Sambuscus nigra,Sambucus nigra,latin_regex,latin spelling fix,NA
fcfe5470-cbcf-46e9-a3d1-c49b2dfe2cfb,APPLIED_REGEX_RULE,traeart,Sambuscus nigra,Sambucus nigra,latin_regex,latin spelling fix,NA
1c496413-269e-4143-aaea-f117e6188f53,APPLIED_REGEX_RULE,traeart,Sambuscus sp.,Sambucus sp.,latin_regex,latin spelling fix,NA
2cfdb3e3-d069-44f4-a203-599b64c0321b,APPLIED_REGEX_RULE,traeart,Sambuscus sp.,Sambucus sp.,latin_regex,latin spelling fix,NA
928527ee-73a6-495a-b79c-89787639972b,APPLIED_REGEX_RULE,traeart,Sambuscus sp.,Sambucus sp.,latin_regex,latin spelling fix,NA
8c7476f5-0dbf-466c-a5d2-129994cf1ee1,APPLIED_REGEX_RULE,traeart,Sambuscus sp.,Sambucus sp.,latin_regex,latin spelling fix,NA
8b99a085-4c9d-46a0-b0be-e55a578f22dd,APPLIED_REGEX_RULE,traeart,Sambuscus sp.,Sambucus sp.,latin_regex,latin spelling fix,NA
0a3d8715-e0d2-4268-b27a-b8833f0e68d1,APPLIED_REGEX_RULE,traeart,Sambuscus sp.,Sambucus sp.,latin_regex,latin spelling fix,NA
3b46a455-1773-4ece-8f7d-e7bc17f11299,APPLIED_REGEX_RULE,traeart,Sambuscus sp.,Sambucus sp.,latin_regex,latin spelling fix,NA
05c08815-cdbb-4565-867e-fc87775a3e3b,APPLIED_REGEX_RULE,traeart,Sambuscus sp.,Sambucus sp.,latin_regex,latin spelling fix,NA
00aa6e7c-4966-41e7-9804-e3aa6049478f,APPLIED_REGEX_RULE,traeart,Sambuscus sp.,Sambucus sp.,latin_regex,latin spelling fix,NA
4112a598-0fc1-45e3-b3b6-d2fa3be6ef91,APPLIED_REGEX_RULE,traeart,Sambuscus sp.,Sambucus sp.,latin_regex,latin spelling fix,NA
5564ad8b-d5ba-4309-9fab-46f8df2768f6,APPLIED_REGEX_RULE,traeart,Sambuscus sp.,Sambucus sp.,latin_regex,latin spelling fix,NA
ffb8b1a9-2701-47c9-bd25-9010d9fd61f3,APPLIED_REGEX_RULE,traeart,Sambuscus sp.,Sambucus sp.,latin_regex,latin spelling fix,NA
ebe62cdd-b397-480e-bdaa-7a158ce688dd,APPLIED_REGEX_RULE,traeart,Sambuscus sp.,Sambucus sp.,latin_regex,latin spelling fix,NA
029da3b4-29ef-43f4-9cd1-67602b8304aa,APPLIED_REGEX_RULE,traeart,Sambuscus sp.,Sambucus sp.,latin_regex,latin spelling fix,NA
63956810-bb37-4f58-9e3c-828b74bc5f39,APPLIED_REGEX_RULE,traeart,Sambuscus sp.,Sambucus sp.,latin_regex,latin spelling fix,NA
7eb3088e-89f1-4e60-a77f-a368d461c630,APPLIED_REGEX_RULE,traeart,Sambuscus nigra,Sambucus nigra,latin_regex,latin spelling fix,NA
5976275c-6276-411d-bf12-d0a10bec31e7,APPLIED_REGEX_RULE,traeart,Sambuscus nigra,Sambucus nigra,latin_regex,latin spelling fix,NA
e0aee6ca-1f5f-453e-ab53-b7b8df33c7ff,APPLIED_REGEX_RULE,traeart,Sambuscus nigra,Sambucus nigra,latin_regex,latin spelling fix,NA
608bb0e1-a780-4dcd-a439-d317fb22aaa8,APPLIED_REGEX_RULE,traeart,Sambuscus nigra,Sambucus nigra,latin_regex,latin spelling fix,NA
16e64207-cff3-4449-8fc4-4ac73b19b57a,APPLIED_REGEX_RULE,traeart,Sambuscus nigra,Sambucus nigra,latin_regex,latin spelling fix,NA
09fadd14-521e-4360-87f6-2bab4009fc57,APPLIED_REGEX_RULE,traeart,Sambuscus nigra,Sambucus nigra,latin_regex,latin spelling fix,NA
0dc25125-7903-4344-a3ae-11b24c203967,APPLIED_REGEX_RULE,traeart,Tilia plathyphyllos 'Odin',Tilia platyphyllos 'Odin',latin_regex,latin spelling fix,NA
44e947c4-885e-4af7-b518-928e14b11030,APPLIED_REGEX_RULE,traeart,Tilia plathyphyllos 'Odin',Tilia platyphyllos 'Odin',latin_regex,latin spelling fix,NA
6260f29e-6c6a-4a02-b608-69ded8cca752,APPLIED_REGEX_RULE,traeart,Tilia plathyphyllos 'Odin',Tilia platyphyllos 'Odin',latin_regex,latin spelling fix,NA
86b4bbe7-a812-4149-a7da-25a7717f9aab,APPLIED_REGEX_RULE,traeart,Tilia plathyphyllos 'Odin',Tilia platyphyllos 'Odin',latin_regex,latin spelling fix,NA
f1364f2f-4015-4fa2-a01d-2b066e954e6f,APPLIED_REGEX_RULE,traeart,Tilia plathyphyllos 'Odin',Tilia platyphyllos 'Odin',latin_regex,latin spelling fix,NA
ad658c89-1c4f-4bbc-ae22-0bcf8f5c8978,APPLIED_REGEX_RULE,traeart,Tilia plathyphyllos 'Odin',Tilia platyphyllos 'Odin',latin_regex,latin spelling fix,NA
563ac5ed-5cc2-4142-99ca-cfc151201c04,APPLIED_REGEX_RULE,traeart,Tilia plathyphyllos 'Odin',Tilia platyphyllos 'Odin',latin_regex,latin spelling fix,NA
13867619-f790-45aa-bb35-d27bf9ba8b11,APPLIED_REGEX_RULE,traeart,Tilia plathyphyllos 'Odin',Tilia platyphyllos 'Odin',latin_regex,latin spelling fix,NA
5e9b0a82-896b-4278-ac87-d9f09aeb2be9,APPLIED_REGEX_RULE,traeart,Tilia plathyphyllos 'Odin',Tilia platyphyllos 'Odin',latin_regex,latin spelling fix,NA
df34bd23-4c83-4682-bdfc-ee62eedf8b28,APPLIED_REGEX_RULE,traeart,Zanthozylum piperitum,Zanthoxylum piperitum,latin_regex,latin spelling fix,NA
4cf8e611-9567-445f-851e-cac240c71d75,APPLIED_REGEX_RULE,traeart,Zanthozylum piperitum,Zanthoxylum piperitum,latin_regex,latin spelling fix,NA
cfacacff-eeeb-4a67-b7cb-b7e863ad47d2,APPLIED_REGEX_RULE,traeart,Zanthozylum piperitum,Zanthoxylum piperitum,latin_regex,latin spelling fix,NA
5cc59eb4-1cf6-4be8-9403-eec4b0c9baf9,APPLIED_REGEX_RULE,traeart,Zanthozylum piperitum,Zanthoxylum piperitum,latin_regex,latin spelling fix,NA
cfef7e01-71ff-4a39-ad03-c6fc68aa31c4,APPLIED_REGEX_RULE,traeart,Fraxinus pensylvanica 'Zundert',Fraxinus pennsylvanica 'Zundert',latin_regex,latin spelling fix,NA
e45e9eb1-d41b-4d9f-96de-aff7c159c9e3,APPLIED_REGEX_RULE,traeart,Fraxinus pensylvanica 'Zundert',Fraxinus pennsylvanica 'Zundert',latin_regex,latin spelling fix,NA
13d524c0-cd31-4d62-aef4-333d217267eb,APPLIED_REGEX_RULE,traeart,Fraxinus pensylvanica 'Zundert',Fraxinus pennsylvanica 'Zundert',latin_regex,latin spelling fix,NA
d05f8f26-f179-4f63-bea1-54ece9dee278,APPLIED_REGEX_RULE,traeart,Fraxinus pensylvanica 'Zundert',Fraxinus pennsylvanica 'Zundert',latin_regex,latin spelling fix,NA
2a4d2e4f-0309-4e14-96f5-279a9b5b5422,APPLIED_REGEX_RULE,traeart,Fraxinus pensylvanica 'Zundert',Fraxinus pennsylvanica 'Zundert',latin_regex,latin spelling fix,NA
6551f8a5-c42e-4411-b263-b72ef62c521d,APPLIED_REGEX_RULE,traeart,Fraxinus pensylvanica 'Zundert',Fraxinus pennsylvanica 'Zundert',latin_regex,latin spelling fix,NA
566903d3-07d1-46db-8441-eeead0c1230c,APPLIED_REGEX_RULE,traeart,Fraxinus pensylvanica 'Zundert',Fraxinus pennsylvanica 'Zundert',latin_regex,latin spelling fix,NA
c95b4937-6f49-4f77-8a10-82a8040c93d7,APPLIED_REGEX_RULE,traeart,Fraxinus pensylvanica 'Zundert',Fraxinus pennsylvanica 'Zundert',latin_regex,latin spelling fix,NA
7a03f5b5-3931-486f-8f19-e1407c8a73c9,APPLIED_REGEX_RULE,traeart,Fraxinus pensylvanica 'Zundert',Fraxinus pennsylvanica 'Zundert',latin_regex,latin spelling fix,NA
b6224f5a-8c5d-4202-90a3-7f40e8cac08f,APPLIED_REGEX_RULE,traeart,Fraxinus pensylvanica 'Zundert',Fraxinus pennsylvanica 'Zundert',latin_regex,latin spelling fix,NA
cf3c6842-8dd7-4509-a6d2-bcd6a8fa0b42,APPLIED_REGEX_RULE,traeart,Fraxinus pensylvanica 'Zundert',Fraxinus pennsylvanica 'Zundert',latin_regex,latin spelling fix,NA
874afd60-29a5-4ca0-a1c1-17452f5ff132,APPLIED_REGEX_RULE,traeart,Fraxinus pensylvanica 'Zundert',Fraxinus pennsylvanica 'Zundert',latin_regex,latin spelling fix,NA
d9e75d43-4b33-49eb-8966-781f8d11c134,APPLIED_REGEX_RULE,traeart,Fraxinus pensylvanica 'Zundert',Fraxinus pennsylvanica 'Zundert',latin_regex,latin spelling fix,NA
35995896-e666-41eb-a388-16f9e88da16f,APPLIED_REGEX_RULE,traeart,Fraxinus pensylvanica 'Zundert',Fraxinus pennsylvanica 'Zundert',latin_regex,latin spelling fix,NA
5bed41d3-7d84-4082-88ad-f45765208d97,APPLIED_REGEX_RULE,traeart,Fraxinus pensylvanica 'Zundert',Fraxinus pennsylvanica 'Zundert',latin_regex,latin spelling fix,NA
e84628bb-388b-467f-bfd4-fd15d38fb22b,APPLIED_REGEX_RULE,traeart,Fraxinus pensylvanica 'Zundert',Fraxinus pennsylvanica 'Zundert',latin_regex,latin spelling fix,NA
ec82e55a-60b2-4893-8078-c231f70c9b62,APPLIED_REGEX_RULE,traeart,Fraxinus pensylvanica 'Zundert',Fraxinus pennsylvanica 'Zundert',latin_regex,latin spelling fix,NA
1502e2d6-672a-492a-9db7-6f4116363984,APPLIED_REGEX_RULE,traeart,Fraxinus pensylvanica 'Zundert',Fraxinus pennsylvanica 'Zundert',latin_regex,latin spelling fix,NA
5329f00a-4793-42ae-ac86-dfadf577e747,APPLIED_REGEX_RULE,traeart,Fraxinus pensylvanica 'Zundert',Fraxinus pennsylvanica 'Zundert',latin_regex,latin spelling fix,NA
5e362521-a723-4c7c-b731-7ea817b20839,APPLIED_REGEX_RULE,traeart,Fraxinus pensylvanica 'Zundert',Fraxinus pennsylvanica 'Zundert',latin_regex,latin spelling fix,NA
9cf1e676-02d6-4b47-9994-3158add14630,APPLIED_REGEX_RULE,traeart,Fraxinus pensylvanica 'Zundert',Fraxinus pennsylvanica 'Zundert',latin_regex,latin spelling fix,NA
b83ad708-b806-4378-8ba4-ab09693515af,APPLIED_REGEX_RULE,traeart,Fraxinus pensylvanica 'Zundert',Fraxinus pennsylvanica 'Zundert',latin_regex,latin spelling fix,NA
729a6676-77c4-4f4f-8817-e4e55d1daf34,APPLIED_REGEX_RULE,traeart,Fraxinus pensylvanica 'Zundert',Fraxinus pennsylvanica 'Zundert',latin_regex,latin spelling fix,NA
823e6642-15a9-4451-84e7-89e4a64a0dc5,APPLIED_REGEX_RULE,traeart,Fraxinus pensylvanica 'Zundert',Fraxinus pennsylvanica 'Zundert',latin_regex,latin spelling fix,NA
f36dfe86-a4c5-4442-8cf6-7d17195e3eb9,APPLIED_REGEX_RULE,traeart,Fraxinus pensylvanica 'Zundert',Fraxinus pennsylvanica 'Zundert',latin_regex,latin spelling fix,NA
cafaf364-e865-4dd3-88cb-dfe0dcea351b,APPLIED_REGEX_RULE,traeart,Fraxinus pensylvanica 'Zundert',Fraxinus pennsylvanica 'Zundert',latin_regex,latin spelling fix,NA
89782d47-cc58-41bf-918d-71d4b1e2fa28,APPLIED_REGEX_RULE,traeart,Fraxinus pensylvanica 'Zundert',Fraxinus pennsylvanica 'Zundert',latin_regex,latin spelling fix,NA
c965b883-8071-45c0-b7df-3c394a8f4bf1,APPLIED_REGEX_RULE,traeart,Fraxinus pensylvanica 'Zundert',Fraxinus pennsylvanica 'Zundert',latin_regex,latin spelling fix,NA
7991c7e5-3d9a-4030-b308-0ac0299ae3c8,APPLIED_REGEX_RULE,traeart,Fraxinus pensylvanica 'Zundert',Fraxinus pennsylvanica 'Zundert',latin_regex,latin spelling fix,NA
2e06fc87-e6f1-4135-a8a0-019aba5d8452,APPLIED_REGEX_RULE,traeart,Fraxinus pensylvanica 'Zundert',Fraxinus pennsylvanica 'Zundert',latin_regex,latin spelling fix,NA
896f61d8-fb59-4dcf-9063-253aeafbd178,APPLIED_REGEX_RULE,traeart,Fraxinus pensylvanica 'Zundert',Fraxinus pennsylvanica 'Zundert',latin_regex,latin spelling fix,NA
4230f157-ed77-4fdd-b8e8-5fadcd704593,APPLIED_REGEX_RULE,traeart,Fraxinus pensylvanica 'Zundert',Fraxinus pennsylvanica 'Zundert',latin_regex,latin spelling fix,NA
4a28c6f3-12fa-4527-8bf5-6fe9a60c4c0e,APPLIED_REGEX_RULE,traeart,Fraxinus pensylvanica 'Zundert',Fraxinus pennsylvanica 'Zundert',latin_regex,latin spelling fix,NA
a5b80db0-8667-4224-a7af-64ebb74bc2bb,APPLIED_REGEX_RULE,traeart,Fraxinus pensylvanica 'Zundert',Fraxinus pennsylvanica 'Zundert',latin_regex,latin spelling fix,NA
873c4526-af2a-4d50-8565-c8402ab6cdc0,APPLIED_REGEX_RULE,traeart,Fraxinus pensylvanica 'Zundert',Fraxinus pennsylvanica 'Zundert',latin_regex,latin spelling fix,NA
06f132d1-bf50-4d34-bacc-3de68753ca77,APPLIED_REGEX_RULE,traeart,Fraxinus pensylvanica 'Zundert',Fraxinus pennsylvanica 'Zundert',latin_regex,latin spelling fix,NA
a2809305-8fbf-4ab0-91fd-322e1a0703c7,APPLIED_REGEX_RULE,traeart,Fraxinus pensylvanica 'Zundert',Fraxinus pennsylvanica 'Zundert',latin_regex,latin spelling fix,NA
cf2ca65b-d097-4dcc-b288-63e0fa453cb6,APPLIED_REGEX_RULE,traeart,Fraxinus pensylvanica 'Zundert',Fraxinus pennsylvanica 'Zundert',latin_regex,latin spelling fix,NA
7968eda7-4b0d-4812-b7cb-c974519f7712,APPLIED_REGEX_RULE,traeart,Fraxinus pensylvanica 'Zundert',Fraxinus pennsylvanica 'Zundert',latin_regex,latin spelling fix,NA
13d06acf-af0f-427e-9459-90e7236c831d,APPLIED_REGEX_RULE,traeart,Fraxinus pensylvanica 'Zundert',Fraxinus pennsylvanica 'Zundert',latin_regex,latin spelling fix,NA
8928ef6f-810a-4124-88a5-3b0a71ba1c51,APPLIED_REGEX_RULE,traeart,Fraxinus pensylvanica 'Zundert',Fraxinus pennsylvanica 'Zundert',latin_regex,latin spelling fix,NA
b94606be-0d7f-406d-ac21-02186c93b7c3,APPLIED_REGEX_RULE,traeart,Fraxinus pensylvanica 'Zundert',Fraxinus pennsylvanica 'Zundert',latin_regex,latin spelling fix,NA
1a70c579-17a8-4bee-b721-fc42a652eb30,APPLIED_REGEX_RULE,traeart,Fraxinus pensylvanica 'Zundert',Fraxinus pennsylvanica 'Zundert',latin_regex,latin spelling fix,NA
cbc4def3-da8a-4e99-99a5-13aef23c507b,APPLIED_REGEX_RULE,traeart,Fraxinus pensylvanica 'Zundert',Fraxinus pennsylvanica 'Zundert',latin_regex,latin spelling fix,NA
57d0ec94-08a7-4479-be09-cacff202e0e8,APPLIED_REGEX_RULE,traeart,Fraxinus pensylvanica 'Zundert',Fraxinus pennsylvanica 'Zundert',latin_regex,latin spelling fix,NA
136b4299-3777-4d0e-8294-6037d8d44dd5,APPLIED_REGEX_RULE,traeart,Fraxinus pensylvanica 'Zundert',Fraxinus pennsylvanica 'Zundert',latin_regex,latin spelling fix,NA
e33cb1d6-affc-436e-bcb5-17259d7cfda6,APPLIED_REGEX_RULE,traeart,Fraxinus pensylvanica 'Zundert',Fraxinus pennsylvanica 'Zundert',latin_regex,latin spelling fix,NA
ca1208b9-b88f-4bb1-93af-b554ce1584f0,APPLIED_REGEX_RULE,traeart,Fraxinus pensylvanica 'Zundert',Fraxinus pennsylvanica 'Zundert',latin_regex,latin spelling fix,NA
06647f3e-2632-45df-8f4d-cbba30747727,APPLIED_REGEX_RULE,traeart,Fraxinus pensylvanica 'Zundert',Fraxinus pennsylvanica 'Zundert',latin_regex,latin spelling fix,NA
c9086bf2-627c-4a90-823f-2d965d134453,APPLIED_REGEX_RULE,traeart,Fraxinus pensylvanica 'Zundert',Fraxinus pennsylvanica 'Zundert',latin_regex,latin spelling fix,NA
8a2e11d9-e36a-4566-8324-d3f2b4aebc84,APPLIED_REGEX_RULE,traeart,Fraxinus pensylvanica 'Zundert',Fraxinus pennsylvanica 'Zundert',latin_regex,latin spelling fix,NA
3d99c417-4b03-4aa4-b0dd-c2abe1f6ac3f,APPLIED_REGEX_RULE,traeart,Fraxinus pensylvanica 'Zundert',Fraxinus pennsylvanica 'Zundert',latin_regex,latin spelling fix,NA
ac4db3f4-8a99-455a-8b05-e6f1c1902cf9,APPLIED_REGEX_RULE,traeart,Fraxinus pensylvanica 'Zundert',Fraxinus pennsylvanica 'Zundert',latin_regex,latin spelling fix,NA
fe63f4c2-37ca-44bf-96c9-ab5ebf2e08e1,APPLIED_REGEX_RULE,traeart,Fraxinus pensylvanica 'Zundert',Fraxinus pennsylvanica 'Zundert',latin_regex,latin spelling fix,NA
bede548c-eb1a-4e82-87e9-b2d184d47007,APPLIED_REGEX_RULE,traeart,Fraxinus pensylvanica 'Zundert',Fraxinus pennsylvanica 'Zundert',latin_regex,latin spelling fix,NA
8584d377-3aa7-40d4-b1e9-76aa9eef56de,APPLIED_REGEX_RULE,traeart,Fraxinus pensylvanica 'Zundert',Fraxinus pennsylvanica 'Zundert',latin_regex,latin spelling fix,NA
e49c00d2-e723-4e06-a800-20ea2df532b7,APPLIED_REGEX_RULE,traeart,Fraxinus pensylvanica 'Zundert',Fraxinus pennsylvanica 'Zundert',latin_regex,latin spelling fix,NA
ab374a02-15fc-43dc-aea1-30776d050d9d,APPLIED_REGEX_RULE,traeart,Fraxinus pensylvanica 'Zundert',Fraxinus pennsylvanica 'Zundert',latin_regex,latin spelling fix,NA
2caa8520-e009-4b59-9543-505dee554994,APPLIED_REGEX_RULE,traeart,Fraxinus pensylvanica 'Zundert',Fraxinus pennsylvanica 'Zundert',latin_regex,latin spelling fix,NA
7e016d24-c6e3-4054-84f2-15b1557f8028,APPLIED_REGEX_RULE,traeart,Fraxinus pensylvanica 'Zundert',Fraxinus pennsylvanica 'Zundert',latin_regex,latin spelling fix,NA
c6c8a7e6-57b6-4485-bf54-572e72014aad,APPLIED_REGEX_RULE,traeart,Fraxinus pensylvanica 'Zundert',Fraxinus pennsylvanica 'Zundert',latin_regex,latin spelling fix,NA
a8d30172-6ac2-4541-aa3b-86ebe553fad6,APPLIED_REGEX_RULE,traeart,Fraxinus pensylvanica 'Zundert',Fraxinus pennsylvanica 'Zundert',latin_regex,latin spelling fix,NA
8803bdcb-8eb8-4e93-af9b-02ee5f9bc8c4,APPLIED_REGEX_RULE,traeart,Fraxinus pensylvanica 'Zundert',Fraxinus pennsylvanica 'Zundert',latin_regex,latin spelling fix,NA
3f1d8dc4-e763-4fae-aef9-1e0533b6932c,APPLIED_REGEX_RULE,traeart,Fraxinus pensylvanica 'Zundert',Fraxinus pennsylvanica 'Zundert',latin_regex,latin spelling fix,NA
8c38ffb4-3103-4b41-96f5-dfbbfef9d6f1,APPLIED_REGEX_RULE,traeart,Fraxinus pensylvanica 'Zundert',Fraxinus pennsylvanica 'Zundert',latin_regex,latin spelling fix,NA
08db6398-2d8f-4aef-aa6d-9f9a85ca65d2,APPLIED_REGEX_RULE,traeart,Fraxinus pensylvanica 'Zundert',Fraxinus pennsylvanica 'Zundert',latin_regex,latin spelling fix,NA
a8859940-de6a-47fd-a9ce-0d7ebe0ee475,APPLIED_REGEX_RULE,traeart,Fraxinus pensylvanica 'Zundert',Fraxinus pennsylvanica 'Zundert',latin_regex,latin spelling fix,NA
50d1e9ab-6a3a-403b-b175-dc78b7ff8bf7,APPLIED_REGEX_RULE,traeart,Fraxinus pensylvanica 'Zundert',Fraxinus pennsylvanica 'Zundert',latin_regex,latin spelling fix,NA
47b87d98-1aae-4217-b00e-71e2250adf77,APPLIED_REGEX_RULE,traeart,Fraxinus pensylvanica 'Zundert',Fraxinus pennsylvanica 'Zundert',latin_regex,latin spelling fix,NA
6fc5789e-2d80-451c-9c5b-387fc665805b,APPLIED_REGEX_RULE,traeart,Fraxinus pensylvanica 'Zundert',Fraxinus pennsylvanica 'Zundert',latin_regex,latin spelling fix,NA
1a0103d4-d64f-499e-8ad7-7bd6ba49a771,APPLIED_REGEX_RULE,traeart,Fraxinus pensylvanica 'Zundert',Fraxinus pennsylvanica 'Zundert',latin_regex,latin spelling fix,NA
dd6e734c-baf6-44c9-ace4-b0510814ba9f,APPLIED_REGEX_RULE,traeart,Fraxinus pensylvanica 'Zundert',Fraxinus pennsylvanica 'Zundert',latin_regex,latin spelling fix,NA
8414f647-d871-4d48-98df-e8f741ccc585,APPLIED_REGEX_RULE,traeart,Fraxinus pensylvanica 'Zundert',Fraxinus pennsylvanica 'Zundert',latin_regex,latin spelling fix,NA
dc1f649c-1d7a-436f-a3ba-54f37b05119f,APPLIED_REGEX_RULE,traeart,Fraxinus pensylvanica 'Zundert',Fraxinus pennsylvanica 'Zundert',latin_regex,latin spelling fix,NA
2dc6f257-affc-4be4-ac27-202510ddeab3,APPLIED_REGEX_RULE,traeart,Fraxinus pensylvanica 'Zundert',Fraxinus pennsylvanica 'Zundert',latin_regex,latin spelling fix,NA
04f42618-035a-45e4-b336-0f1e52d8d1cf,APPLIED_REGEX_RULE,traeart,Fraxinus pensylvanica 'Zundert',Fraxinus pennsylvanica 'Zundert',latin_regex,latin spelling fix,NA
933026ed-7fd5-46da-adaa-3183774719d9,APPLIED_REGEX_RULE,traeart,Fraxinus pensylvanica 'Zundert',Fraxinus pennsylvanica 'Zundert',latin_regex,latin spelling fix,NA
d2f71fb7-6417-4c04-bef8-ba7c1812911f,APPLIED_REGEX_RULE,traeart,Fraxinus pensylvanica 'Zundert',Fraxinus pennsylvanica 'Zundert',latin_regex,latin spelling fix,NA
e96146d7-12e8-483d-b419-c4a9101d568b,APPLIED_REGEX_RULE,traeart,Fraxinus pensylvanica 'Zundert',Fraxinus pennsylvanica 'Zundert',latin_regex,latin spelling fix,NA
81cde66f-ce00-4e06-b330-8f984bf11303,APPLIED_REGEX_RULE,traeart,Fraxinus pensylvanica 'Zundert',Fraxinus pennsylvanica 'Zundert',latin_regex,latin spelling fix,NA
5aad23bb-dbb1-4549-86ea-ac2a64f12d2c,APPLIED_REGEX_RULE,traeart,Fraxinus pensylvanica 'Zundert',Fraxinus pennsylvanica 'Zundert',latin_regex,latin spelling fix,NA
6243bc6e-d8b1-4df9-a26f-5739d2625747,APPLIED_REGEX_RULE,traeart,Fraxinus pensylvanica 'Zundert',Fraxinus pennsylvanica 'Zundert',latin_regex,latin spelling fix,NA
ecf2210c-a945-46c9-8e99-a6d77be8a56d,APPLIED_REGEX_RULE,traeart,Fraxinus pensylvanica 'Zundert',Fraxinus pennsylvanica 'Zundert',latin_regex,latin spelling fix,NA
ca4e5733-2c08-4212-9895-52e7bdd84504,APPLIED_REGEX_RULE,traeart,Fraxinus pensylvanica 'Zundert',Fraxinus pennsylvanica 'Zundert',latin_regex,latin spelling fix,NA
201e25b6-270a-412c-8e2a-2b6ca2881a7a,APPLIED_REGEX_RULE,traeart,Fraxinus pensylvanica 'Zundert',Fraxinus pennsylvanica 'Zundert',latin_regex,latin spelling fix,NA
0313ac13-76b7-42a1-ad59-84966694f0b6,APPLIED_REGEX_RULE,traeart,Fraxinus pensylvanica 'Zundert',Fraxinus pennsylvanica 'Zundert',latin_regex,latin spelling fix,NA
5c53def5-1d25-48f7-86bc-ab461dc5743e,APPLIED_REGEX_RULE,traeart,Fraxinus pensylvanica 'Zundert',Fraxinus pennsylvanica 'Zundert',latin_regex,latin spelling fix,NA
9023140a-ef5c-4c4d-b101-72e93d8a305e,APPLIED_REGEX_RULE,traeart,Fraxinus pensylvanica 'Zundert',Fraxinus pennsylvanica 'Zundert',latin_regex,latin spelling fix,NA
97089aa9-8d17-40fc-8c1d-f4b8c832d3c6,APPLIED_REGEX_RULE,traeart,Fraxinus pensylvanica 'Zundert',Fraxinus pennsylvanica 'Zundert',latin_regex,latin spelling fix,NA
36b86e29-8877-474c-9f1f-9cc3f976c227,APPLIED_REGEX_RULE,traeart,Fraxinus pensylvanica 'Zundert',Fraxinus pennsylvanica 'Zundert',latin_regex,latin spelling fix,NA
43df9cbd-0544-46ec-b220-955937897274,APPLIED_REGEX_RULE,traeart,Fraxinus pensylvanica 'Zundert',Fraxinus pennsylvanica 'Zundert',latin_regex,latin spelling fix,NA
d162cedc-e3e3-4bd4-aab3-659bb49b683d,APPLIED_REGEX_RULE,traeart,Fraxinus pensylvanica 'Zundert',Fraxinus pennsylvanica 'Zundert',latin_regex,latin spelling fix,NA
ff6a99f3-afe8-4c51-9847-ff1e72d2a7a9,APPLIED_REGEX_RULE,traeart,Fraxinus pensylvanica 'Zundert',Fraxinus pennsylvanica 'Zundert',latin_regex,latin spelling fix,NA
16401e83-140b-4ae2-acf5-88cd51c365ff,APPLIED_REGEX_RULE,traeart,Fraxinus pensylvanica 'Zundert',Fraxinus pennsylvanica 'Zundert',latin_regex,latin spelling fix,NA
fe75291e-b32a-41de-8284-365ee1e0bbdb,APPLIED_REGEX_RULE,traeart,Fraxinus pensylvanica 'Zundert',Fraxinus pennsylvanica 'Zundert',latin_regex,latin spelling fix,NA
26aabef6-dda0-4e10-9f86-a3485d57cc43,APPLIED_REGEX_RULE,traeart,Fraxinus pensylvanica 'Zundert',Fraxinus pennsylvanica 'Zundert',latin_regex,latin spelling fix,NA
c286659a-fe96-4de9-a2c1-3b279a566e0f,APPLIED_REGEX_RULE,traeart,Fraxinus pensylvanica 'Zundert',Fraxinus pennsylvanica 'Zundert',latin_regex,latin spelling fix,NA
a55135e4-9edb-4cc2-8d4a-8ac58a187a01,APPLIED_REGEX_RULE,traeart,Fraxinus pensylvanica 'Zundert',Fraxinus pennsylvanica 'Zundert',latin_regex,latin spelling fix,NA
ce14e578-d920-4fa6-acbc-dec7a6991dee,APPLIED_REGEX_RULE,traeart,Fraxinus pensylvanica 'Zundert',Fraxinus pennsylvanica 'Zundert',latin_regex,latin spelling fix,NA
70d753cf-1ca2-419f-9bc3-a7b075f87810,APPLIED_REGEX_RULE,traeart,Fraxinus pensylvanica 'Zundert',Fraxinus pennsylvanica 'Zundert',latin_regex,latin spelling fix,NA
e9115e77-3ee8-4709-979b-737f2d522561,APPLIED_REGEX_RULE,traeart,Fraxinus pensylvanica 'Zundert',Fraxinus pennsylvanica 'Zundert',latin_regex,latin spelling fix,NA
f66b13dd-f3cc-41c0-b6c2-f788270dfff1,APPLIED_REGEX_RULE,traeart,Fraxinus pensylvanica 'Zundert',Fraxinus pennsylvanica 'Zundert',latin_regex,latin spelling fix,NA
bc477db7-cb38-4da5-836e-2d4556d5ed65,APPLIED_REGEX_RULE,traeart,Fraxinus pensylvanica 'Zundert',Fraxinus pennsylvanica 'Zundert',latin_regex,latin spelling fix,NA
a7abc202-c3c3-48da-adc6-b862cf1a1b21,APPLIED_REGEX_RULE,traeart,Fraxinus pensylvanica 'Zundert',Fraxinus pennsylvanica 'Zundert',latin_regex,latin spelling fix,NA
c3353bb5-7157-4264-8837-cb920db2bbb6,APPLIED_REGEX_RULE,traeart,Fraxinus pensylvanica 'Zundert',Fraxinus pennsylvanica 'Zundert',latin_regex,latin spelling fix,NA
f255de04-c0ee-4327-83ee-f22840b0c08c,APPLIED_REGEX_RULE,traeart,Fraxinus pensylvanica 'Zundert',Fraxinus pennsylvanica 'Zundert',latin_regex,latin spelling fix,NA
e6d4fd59-f920-40c8-9996-95a408f1cba4,APPLIED_REGEX_RULE,traeart,Fraxinus pensylvanica 'Zundert',Fraxinus pennsylvanica 'Zundert',latin_regex,latin spelling fix,NA
51aaeaea-79db-4e64-b7fe-59b71c48195c,APPLIED_REGEX_RULE,traeart,Fraxinus pensylvanica 'Zundert',Fraxinus pennsylvanica 'Zundert',latin_regex,latin spelling fix,NA
e04eae0e-5892-4f47-af8b-e684e1c2ffbd,APPLIED_REGEX_RULE,traeart,Fraxinus pensylvanica 'Zundert',Fraxinus pennsylvanica 'Zundert',latin_regex,latin spelling fix,NA
f59a92d4-282f-4e53-90fb-78bdae9133b7,APPLIED_REGEX_RULE,traeart,Fraxinus pensylvanica 'Zundert',Fraxinus pennsylvanica 'Zundert',latin_regex,latin spelling fix,NA
1bf9306f-0ce1-4c85-a2d6-0a2a5fc89b2d,APPLIED_REGEX_RULE,traeart,Fraxinus pensylvanica 'Zundert',Fraxinus pennsylvanica 'Zundert',latin_regex,latin spelling fix,NA
f55a0180-7971-445f-b0e6-e3b9f32ede25,APPLIED_REGEX_RULE,traeart,Fraxinus pensylvanica 'Zundert',Fraxinus pennsylvanica 'Zundert',latin_regex,latin spelling fix,NA
f42a8c19-14e1-4955-bcb5-05a7e4c03b7d,APPLIED_REGEX_RULE,traeart,Fraxinus pensylvanica 'Zundert',Fraxinus pennsylvanica 'Zundert',latin_regex,latin spelling fix,NA
cccc54b3-4c69-435a-9275-8d465fec2e04,APPLIED_REGEX_RULE,traeart,Fraxinus pensylvanica 'Zundert',Fraxinus pennsylvanica 'Zundert',latin_regex,latin spelling fix,NA
ebfffd76-0c09-407f-aac7-ad3fb7d8e238,APPLIED_REGEX_RULE,traeart,Fraxinus pensylvanica 'Zundert',Fraxinus pennsylvanica 'Zundert',latin_regex,latin spelling fix,NA
e9c4bfd6-882d-4727-9194-ae108160e551,APPLIED_REGEX_RULE,traeart,Fraxinus pensylvanica 'Zundert',Fraxinus pennsylvanica 'Zundert',latin_regex,latin spelling fix,NA
00e52fd3-eb79-41da-986b-bcfff2a11188,APPLIED_REGEX_RULE,traeart,Fraxinus pensylvanica 'Zundert',Fraxinus pennsylvanica 'Zundert',latin_regex,latin spelling fix,NA
7e8abe3c-3e1f-4e0b-b45f-b5d0e22aa896,APPLIED_REGEX_RULE,traeart,Fraxinus pensylvanica 'Zundert',Fraxinus pennsylvanica 'Zundert',latin_regex,latin spelling fix,NA
8dc992de-40b1-4d7a-88ed-ccc43846144a,APPLIED_REGEX_RULE,traeart,Fraxinus pensylvanica 'Zundert',Fraxinus pennsylvanica 'Zundert',latin_regex,latin spelling fix,NA
0e81f6e4-de6a-476e-a345-e4e6c1bd4498,APPLIED_REGEX_RULE,traeart,Fraxinus pensylvanica 'Zundert',Fraxinus pennsylvanica 'Zundert',latin_regex,latin spelling fix,NA
a19a8cc3-a7a6-4377-96b9-ab6291404259,APPLIED_REGEX_RULE,traeart,Fraxinus pensylvanica 'Zundert',Fraxinus pennsylvanica 'Zundert',latin_regex,latin spelling fix,NA
f9a0f555-d39a-41af-abc4-5c4a492065d5,APPLIED_REGEX_RULE,traeart,Fraxinus pensylvanica 'Zundert',Fraxinus pennsylvanica 'Zundert',latin_regex,latin spelling fix,NA
5186c154-fb6e-4032-9adb-05c78861ddd1,APPLIED_REGEX_RULE,traeart,Fraxinus pensylvanica 'Zundert',Fraxinus pennsylvanica 'Zundert',latin_regex,latin spelling fix,NA
e9c99cce-55eb-4a25-9c47-7f722c3dfe10,APPLIED_REGEX_RULE,traeart,Fraxinus pensylvanica 'Zundert',Fraxinus pennsylvanica 'Zundert',latin_regex,latin spelling fix,NA
2ccd7f6a-3573-4c32-8223-95954c84663a,APPLIED_REGEX_RULE,traeart,Fraxinus pensylvanica 'Zundert',Fraxinus pennsylvanica 'Zundert',latin_regex,latin spelling fix,NA
472f9173-e5ab-4545-85c7-3eb230fc948f,APPLIED_REGEX_RULE,traeart,Fraxinus pensylvanica 'Zundert',Fraxinus pennsylvanica 'Zundert',latin_regex,latin spelling fix,NA
e0b33379-2efd-4c78-abb3-b45e28c830da,APPLIED_REGEX_RULE,traeart,Fraxinus pensylvanica 'Zundert',Fraxinus pennsylvanica 'Zundert',latin_regex,latin spelling fix,NA
27e1b368-f651-449b-bf77-42f63311ded0,APPLIED_REGEX_RULE,traeart,Fraxinus pensylvanica 'Zundert',Fraxinus pennsylvanica 'Zundert',latin_regex,latin spelling fix,NA
7043da68-a9e3-4172-8670-a59cd60b8c9c,APPLIED_REGEX_RULE,traeart,Fraxinus pensylvanica 'Zundert',Fraxinus pennsylvanica 'Zundert',latin_regex,latin spelling fix,NA
4b9e722a-1061-442a-b754-5cee43b67485,APPLIED_REGEX_RULE,traeart,Fraxinus pensylvanica 'Zundert',Fraxinus pennsylvanica 'Zundert',latin_regex,latin spelling fix,NA
f638a678-e411-4f89-bfb5-eb7875b4983f,APPLIED_REGEX_RULE,traeart,Fraxinus pensylvanica 'Zundert',Fraxinus pennsylvanica 'Zundert',latin_regex,latin spelling fix,NA
b1cc4d9f-993b-4f38-a641-7b9bafc5ef7e,APPLIED_REGEX_RULE,traeart,Fraxinus pensylvanica 'Zundert',Fraxinus pennsylvanica 'Zundert',latin_regex,latin spelling fix,NA
e6431382-752c-4086-8e27-76944aa282d4,APPLIED_REGEX_RULE,traeart,Fraxinus pensylvanica 'Zundert',Fraxinus pennsylvanica 'Zundert',latin_regex,latin spelling fix,NA
bcc9b198-5dbc-4b89-9271-855b40a78ebe,APPLIED_REGEX_RULE,traeart,Fraxinus pensylvanica 'Zundert',Fraxinus pennsylvanica 'Zundert',latin_regex,latin spelling fix,NA
d4eaf235-5641-4e5d-8107-023d6e00f2de,APPLIED_REGEX_RULE,traeart,Fraxinus pensylvanica 'Zundert',Fraxinus pennsylvanica 'Zundert',latin_regex,latin spelling fix,NA
d8bece31-3d5c-4a06-a170-b300a911d4b9,APPLIED_REGEX_RULE,traeart,Fraxinus pensylvanica 'Zundert',Fraxinus pennsylvanica 'Zundert',latin_regex,latin spelling fix,NA
6fd289a2-a586-4133-ac58-a8501d747497,APPLIED_REGEX_RULE,traeart,Fraxinus pensylvanica 'Zundert',Fraxinus pennsylvanica 'Zundert',latin_regex,latin spelling fix,NA
f46353c7-8ef8-42dd-adc5-5412faae9742,APPLIED_REGEX_RULE,traeart,Fraxinus pensylvanica 'Zundert',Fraxinus pennsylvanica 'Zundert',latin_regex,latin spelling fix,NA
ac371a12-2493-468a-ba71-8bd0ea47bebf,APPLIED_REGEX_RULE,traeart,Fraxinus pensylvanica 'Zundert',Fraxinus pennsylvanica 'Zundert',latin_regex,latin spelling fix,NA
16d8cb20-98df-40b1-aa21-7f9b1291d56b,APPLIED_REGEX_RULE,traeart,Fraxinus pensylvanica 'Zundert',Fraxinus pennsylvanica 'Zundert',latin_regex,latin spelling fix,NA
eea4f54c-08aa-44dc-bde7-cafe962224de,APPLIED_REGEX_RULE,traeart,Fraxinus pensylvanica 'Zundert',Fraxinus pennsylvanica 'Zundert',latin_regex,latin spelling fix,NA
92c36299-1083-473b-b16c-61b63bc5286b,APPLIED_REGEX_RULE,traeart,Fraxinus pensylvanica 'Zundert',Fraxinus pennsylvanica 'Zundert',latin_regex,latin spelling fix,NA
f3019c82-1a81-4f75-92a9-5cd3e724c83a,APPLIED_REGEX_RULE,traeart,Fraxinus pensylvanica 'Zundert',Fraxinus pennsylvanica 'Zundert',latin_regex,latin spelling fix,NA
0d888d2c-7834-4758-8543-481e5a58505c,APPLIED_REGEX_RULE,traeart,Fraxinus pensylvanica 'Zundert',Fraxinus pennsylvanica 'Zundert',latin_regex,latin spelling fix,NA
12108939-3c73-41f4-a45c-9729ccb20ece,APPLIED_REGEX_RULE,traeart,Fraxinus pensylvanica 'Zundert',Fraxinus pennsylvanica 'Zundert',latin_regex,latin spelling fix,NA
597a9d8e-fc34-484c-872d-7174b3fa354d,APPLIED_REGEX_RULE,traeart,Fraxinus pensylvanica 'Zundert',Fraxinus pennsylvanica 'Zundert',latin_regex,latin spelling fix,NA
b95c4384-5e35-44d2-860f-16a036125a2e,APPLIED_REGEX_RULE,traeart,Fraxinus pensylvanica 'Zundert',Fraxinus pennsylvanica 'Zundert',latin_regex,latin spelling fix,NA
39f10e54-9d0c-443e-99de-690b9c811afc,APPLIED_REGEX_RULE,traeart,Fraxinus pensylvanica 'Zundert',Fraxinus pennsylvanica 'Zundert',latin_regex,latin spelling fix,NA
6e0d126b-11c2-4a17-9540-cff9f84b5310,APPLIED_REGEX_RULE,traeart,Fraxinus pensylvanica 'Zundert',Fraxinus pennsylvanica 'Zundert',latin_regex,latin spelling fix,NA
d66b2a03-3a58-408c-ae9d-3cbe4a636bce,APPLIED_REGEX_RULE,traeart,Fraxinus pensylvanica 'Zundert',Fraxinus pennsylvanica 'Zundert',latin_regex,latin spelling fix,NA
b43dfa92-d270-4674-b753-28c8a5f36be3,APPLIED_REGEX_RULE,traeart,Fraxinus pensylvanica 'Zundert',Fraxinus pennsylvanica 'Zundert',latin_regex,latin spelling fix,NA
210ba046-72c5-4766-930c-bf267af523db,APPLIED_REGEX_RULE,traeart,Fraxinus pensylvanica 'Zundert',Fraxinus pennsylvanica 'Zundert',latin_regex,latin spelling fix,NA
0e463e0a-3066-4dee-99dd-b2432d1440d4,APPLIED_REGEX_RULE,traeart,Fraxinus pensylvanica 'Zundert',Fraxinus pennsylvanica 'Zundert',latin_regex,latin spelling fix,NA
6c76c8eb-cbf4-4acd-9f6f-4510ea5545b5,APPLIED_REGEX_RULE,traeart,Fraxinus pensylvanica 'Zundert',Fraxinus pennsylvanica 'Zundert',latin_regex,latin spelling fix,NA
440458bf-d694-464e-9782-c82a6ba6953e,APPLIED_REGEX_RULE,traeart,Fraxinus pensylvanica 'Zundert',Fraxinus pennsylvanica 'Zundert',latin_regex,latin spelling fix,NA
025f8b85-2c2b-4817-8113-f42be5bb0d64,APPLIED_REGEX_RULE,traeart,Fraxinus pensylvanica 'Zundert',Fraxinus pennsylvanica 'Zundert',latin_regex,latin spelling fix,NA
aa8b0eca-e204-4771-bd4f-68de5408031a,APPLIED_REGEX_RULE,traeart,Fraxinus pensylvanica 'Zundert',Fraxinus pennsylvanica 'Zundert',latin_regex,latin spelling fix,NA
04fee2fc-6e0f-467f-99cb-5b791fab7a9b,APPLIED_REGEX_RULE,traeart,Fraxinus pensylvanica 'Zundert',Fraxinus pennsylvanica 'Zundert',latin_regex,latin spelling fix,NA
2f22e533-b522-4ed0-ba15-ecf74bdb07cc,APPLIED_REGEX_RULE,traeart,Fraxinus pensylvanica 'Zundert',Fraxinus pennsylvanica 'Zundert',latin_regex,latin spelling fix,NA
6c50ebad-3ea7-44b4-925a-f5ae81bbb6bd,APPLIED_REGEX_RULE,traeart,Fraxinus pensylvanica 'Zundert',Fraxinus pennsylvanica 'Zundert',latin_regex,latin spelling fix,NA
5ef833d9-4a09-4bae-a1c3-9e90e02a286d,APPLIED_REGEX_RULE,traeart,Fraxinus pensylvanica 'Zundert',Fraxinus pennsylvanica 'Zundert',latin_regex,latin spelling fix,NA
3ee09509-3efa-41b7-becb-a9160b82438c,APPLIED_REGEX_RULE,traeart,Fraxinus pensylvanica 'Zundert',Fraxinus pennsylvanica 'Zundert',latin_regex,latin spelling fix,NA
ce7ddbb7-d94a-4f03-a293-e7cab454550d,APPLIED_REGEX_RULE,traeart,Fraxinus pensylvanica 'Zundert',Fraxinus pennsylvanica 'Zundert',latin_regex,latin spelling fix,NA
22e28eff-5f78-4bcf-bd11-82a11f3df747,APPLIED_REGEX_RULE,traeart,Fraxinus pensylvanica 'Zundert',Fraxinus pennsylvanica 'Zundert',latin_regex,latin spelling fix,NA
777c0761-b814-4364-b71f-22a3d573f13f,APPLIED_REGEX_RULE,traeart,Fraxinus pensylvanica 'Zundert',Fraxinus pennsylvanica 'Zundert',latin_regex,latin spelling fix,NA
82ab958a-15e6-4933-9858-abf7d34f6296,APPLIED_REGEX_RULE,traeart,Fraxinus pensylvanica 'Zundert',Fraxinus pennsylvanica 'Zundert',latin_regex,latin spelling fix,NA
fb211413-f19f-4a6a-ab08-8c3d47fb8002,APPLIED_REGEX_RULE,traeart,Fraxinus pensylvanica 'Zundert',Fraxinus pennsylvanica 'Zundert',latin_regex,latin spelling fix,NA
b40fe3fc-4177-4ca4-861b-660259f16bfe,APPLIED_REGEX_RULE,traeart,Fraxinus pensylvanica 'Zundert',Fraxinus pennsylvanica 'Zundert',latin_regex,latin spelling fix,NA
62e9fb77-9758-485c-8f5a-d284c90444e2,APPLIED_REGEX_RULE,traeart,Fraxinus pensylvanica 'Zundert',Fraxinus pennsylvanica 'Zundert',latin_regex,latin spelling fix,NA
f262e329-e707-4e79-b1fa-eeb7f48cf653,APPLIED_REGEX_RULE,traeart,Fraxinus pensylvanica 'Zundert',Fraxinus pennsylvanica 'Zundert',latin_regex,latin spelling fix,NA
406dee19-a03e-42aa-a8e1-81df68df7d62,APPLIED_REGEX_RULE,traeart,Fraxinus pensylvanica 'Zundert',Fraxinus pennsylvanica 'Zundert',latin_regex,latin spelling fix,NA
0eecd356-67be-44d4-acb6-8e083ead0336,APPLIED_REGEX_RULE,traeart,Fraxinus pensylvanica 'Zundert',Fraxinus pennsylvanica 'Zundert',latin_regex,latin spelling fix,NA
7dbfc2b0-320a-4ca5-87de-f2b3465e05e5,APPLIED_REGEX_RULE,traeart,Fraxinus pensylvanica 'Zundert',Fraxinus pennsylvanica 'Zundert',latin_regex,latin spelling fix,NA
72d31edf-2a2a-4514-b0b7-126c60c5feb9,APPLIED_REGEX_RULE,traeart,Fraxinus pensylvanica 'Zundert',Fraxinus pennsylvanica 'Zundert',latin_regex,latin spelling fix,NA
3d8dd47f-3ee7-421e-956c-2ab5b7254e27,APPLIED_REGEX_RULE,traeart,Fraxinus pensylvanica 'Zundert',Fraxinus pennsylvanica 'Zundert',latin_regex,latin spelling fix,NA
5551bc6d-f9cf-4e12-9a0c-ca6743c064bf,APPLIED_REGEX_RULE,traeart,Fraxinus pensylvanica 'Zundert',Fraxinus pennsylvanica 'Zundert',latin_regex,latin spelling fix,NA
51df979b-6e94-4a14-916b-b22f7af5fb4b,APPLIED_REGEX_RULE,traeart,Fraxinus pensylvanica 'Zundert',Fraxinus pennsylvanica 'Zundert',latin_regex,latin spelling fix,NA
c5891606-2017-4620-90eb-b08dcebb8a76,APPLIED_REGEX_RULE,traeart,Fraxinus pensylvanica 'Zundert',Fraxinus pennsylvanica 'Zundert',latin_regex,latin spelling fix,NA
309b6d35-a286-42cc-baf1-2421929cb985,APPLIED_REGEX_RULE,traeart,Fraxinus pensylvanica 'Zundert',Fraxinus pennsylvanica 'Zundert',latin_regex,latin spelling fix,NA
ec5d0893-1bfb-4b14-bf41-3b878d03aa6a,APPLIED_REGEX_RULE,traeart,Fraxinus pensylvanica 'Zundert',Fraxinus pennsylvanica 'Zundert',latin_regex,latin spelling fix,NA
e61aa7f5-ab1e-4f5a-9ac6-f5a2f09abf74,APPLIED_REGEX_RULE,traeart,Fraxinus pensylvanica 'Zundert',Fraxinus pennsylvanica 'Zundert',latin_regex,latin spelling fix,NA
585d4a64-5688-447f-a550-d2e53188db0e,APPLIED_REGEX_RULE,traeart,Fraxinus pensylvanica 'Zundert',Fraxinus pennsylvanica 'Zundert',latin_regex,latin spelling fix,NA
db5b6159-25cd-42f8-aaf9-44c40474e905,APPLIED_REGEX_RULE,traeart,Fraxinus pensylvanica 'Zundert',Fraxinus pennsylvanica 'Zundert',latin_regex,latin spelling fix,NA
9e455539-bcfb-420a-9534-e645421fd886,APPLIED_REGEX_RULE,traeart,Fraxinus pensylvanica 'Zundert',Fraxinus pennsylvanica 'Zundert',latin_regex,latin spelling fix,NA
9c5674aa-9d32-4cc2-92c6-b5a33a2edf8d,APPLIED_REGEX_RULE,traeart,Fraxinus pensylvanica 'Zundert',Fraxinus pennsylvanica 'Zundert',latin_regex,latin spelling fix,NA
f5fc067c-7ef7-4a41-a252-6423f4b6f019,APPLIED_REGEX_RULE,traeart,Fraxinus pensylvanica 'Zundert',Fraxinus pennsylvanica 'Zundert',latin_regex,latin spelling fix,NA
faecfdeb-1fd3-48fa-955b-d83912cd4933,APPLIED_REGEX_RULE,traeart,Fraxinus pensylvanica 'Zundert',Fraxinus pennsylvanica 'Zundert',latin_regex,latin spelling fix,NA
c7ae7cc0-e023-4fa1-ad0e-9b788cc981d3,APPLIED_REGEX_RULE,traeart,Fraxinus pensylvanica 'Zundert',Fraxinus pennsylvanica 'Zundert',latin_regex,latin spelling fix,NA
9dc7f974-6338-4703-8494-5686c67a9bac,APPLIED_REGEX_RULE,traeart,Fraxinus pensylvanica 'Zundert',Fraxinus pennsylvanica 'Zundert',latin_regex,latin spelling fix,NA
5368601e-522b-4a54-bffa-0e7dc0d09ad4,APPLIED_REGEX_RULE,traeart,Fraxinus pensylvanica 'Zundert',Fraxinus pennsylvanica 'Zundert',latin_regex,latin spelling fix,NA
18b196c7-f2ec-4857-bb79-b9131ed96b50,APPLIED_REGEX_RULE,traeart,Fraxinus pensylvanica 'Zundert',Fraxinus pennsylvanica 'Zundert',latin_regex,latin spelling fix,NA
28681d8b-038b-4f22-babe-68010d936ebe,APPLIED_REGEX_RULE,traeart,Fraxinus pensylvanica 'Zundert',Fraxinus pennsylvanica 'Zundert',latin_regex,latin spelling fix,NA
cd81c694-f536-43af-b294-aa0b8bec450b,APPLIED_REGEX_RULE,traeart,Fraxinus pensylvanica 'Zundert',Fraxinus pennsylvanica 'Zundert',latin_regex,latin spelling fix,NA
d5c7054e-80f9-4bbe-846d-e91e545fc11b,APPLIED_REGEX_RULE,traeart,Fraxinus pensylvanica 'Zundert',Fraxinus pennsylvanica 'Zundert',latin_regex,latin spelling fix,NA
12957b57-7698-47c0-91fa-da13f08b4464,APPLIED_REGEX_RULE,traeart,Fraxinus pensylvanica 'Zundert',Fraxinus pennsylvanica 'Zundert',latin_regex,latin spelling fix,NA
c1e15004-cc63-46e6-87b6-aacf56b047cb,APPLIED_REGEX_RULE,traeart,Fraxinus pensylvanica 'Zundert',Fraxinus pennsylvanica 'Zundert',latin_regex,latin spelling fix,NA
7b6d9620-5732-470c-a21e-305a423d829f,APPLIED_REGEX_RULE,traeart,Fraxinus pensylvanica 'Zundert',Fraxinus pennsylvanica 'Zundert',latin_regex,latin spelling fix,NA
21277279-6ffc-4ecf-8467-711ae3a5bb65,APPLIED_REGEX_RULE,traeart,Fraxinus pensylvanica 'Zundert',Fraxinus pennsylvanica 'Zundert',latin_regex,latin spelling fix,NA
a1eefbb7-34fd-4245-9f9e-b8ed15bb2419,APPLIED_REGEX_RULE,traeart,Fraxinus pensylvanica 'Zundert',Fraxinus pennsylvanica 'Zundert',latin_regex,latin spelling fix,NA
325a61a5-5c12-4ab4-9751-3e49d2a9a57f,APPLIED_REGEX_RULE,traeart,Fraxinus pensylvanica 'Zundert',Fraxinus pennsylvanica 'Zundert',latin_regex,latin spelling fix,NA
ab2c8790-7f2d-4568-9e10-515d31746c91,APPLIED_REGEX_RULE,traeart,Fraxinus pensylvanica 'Zundert',Fraxinus pennsylvanica 'Zundert',latin_regex,latin spelling fix,NA
86825880-a7c2-42e9-9e1f-5717221602a1,APPLIED_REGEX_RULE,traeart,Fraxinus pensylvanica 'Zundert',Fraxinus pennsylvanica 'Zundert',latin_regex,latin spelling fix,NA
a9ae9070-234a-4750-8c34-0b5adf53cdeb,APPLIED_REGEX_RULE,traeart,Fraxinus pensylvanica 'Zundert',Fraxinus pennsylvanica 'Zundert',latin_regex,latin spelling fix,NA
ced90682-24e2-4030-8bd8-e8704ca7a3d3,APPLIED_REGEX_RULE,traeart,Fraxinus pensylvanica 'Zundert',Fraxinus pennsylvanica 'Zundert',latin_regex,latin spelling fix,NA
12bb321d-dd31-44a8-874b-8e579e070194,APPLIED_REGEX_RULE,traeart,Fraxinus pensylvanica 'Zundert',Fraxinus pennsylvanica 'Zundert',latin_regex,latin spelling fix,NA
b3953e9c-3f8a-4028-8f8c-6a2af6b3fafd,APPLIED_REGEX_RULE,traeart,Fraxinus pensylvanica 'Zundert',Fraxinus pennsylvanica 'Zundert',latin_regex,latin spelling fix,NA
b9fc99e3-3a33-4fdb-b4c3-3236d24b1661,APPLIED_REGEX_RULE,traeart,Fraxinus pensylvanica 'Zundert',Fraxinus pennsylvanica 'Zundert',latin_regex,latin spelling fix,NA
42ba19b5-3b66-42c9-a0fd-39ee7d71e95d,APPLIED_REGEX_RULE,traeart,Fraxinus pensylvanica 'Zundert',Fraxinus pennsylvanica 'Zundert',latin_regex,latin spelling fix,NA
b9863bef-0b8a-4bd1-929b-823657f20816,APPLIED_REGEX_RULE,traeart,Fraxinus pensylvanica 'Zundert',Fraxinus pennsylvanica 'Zundert',latin_regex,latin spelling fix,NA
ddb7a261-b81d-4429-ae9f-f20c2eea31a6,APPLIED_REGEX_RULE,traeart,Fraxinus pensylvanica 'Zundert',Fraxinus pennsylvanica 'Zundert',latin_regex,latin spelling fix,NA
f3328cba-71f9-4776-a8cb-60d105863cda,APPLIED_REGEX_RULE,traeart,Fraxinus pensylvanica 'Zundert',Fraxinus pennsylvanica 'Zundert',latin_regex,latin spelling fix,NA
5955b3d5-6763-4f1e-bc3a-ddc98ca4c69e,APPLIED_REGEX_RULE,traeart,Fraxinus pensylvanica 'Zundert',Fraxinus pennsylvanica 'Zundert',latin_regex,latin spelling fix,NA
4e250dfa-51f0-47d0-9c7c-55f2a8cf97a2,APPLIED_REGEX_RULE,traeart,Fraxinus pensylvanica 'Zundert',Fraxinus pennsylvanica 'Zundert',latin_regex,latin spelling fix,NA
c95845a0-2eb4-409d-9d72-6648a612bd9a,APPLIED_REGEX_RULE,traeart,Fraxinus pensylvanica 'Zundert',Fraxinus pennsylvanica 'Zundert',latin_regex,latin spelling fix,NA
a0b32eac-89a1-4f1d-8bc4-1d057a77c877,APPLIED_REGEX_RULE,traeart,Fraxinus pensylvanica 'Zundert',Fraxinus pennsylvanica 'Zundert',latin_regex,latin spelling fix,NA
b4177e9f-0239-41a8-bed8-868a66021e94,APPLIED_REGEX_RULE,traeart,Fraxinus pensylvanica 'Zundert',Fraxinus pennsylvanica 'Zundert',latin_regex,latin spelling fix,NA
a5437469-d7fd-4777-ac65-9fa98298c89e,APPLIED_REGEX_RULE,traeart,Fraxinus pensylvanica 'Zundert',Fraxinus pennsylvanica 'Zundert',latin_regex,latin spelling fix,NA
2d0f5047-1afb-4f7a-90c5-67c2ee92fbcc,APPLIED_REGEX_RULE,traeart,Fraxinus pensylvanica 'Zundert',Fraxinus pennsylvanica 'Zundert',latin_regex,latin spelling fix,NA
4f4dcf79-a54b-40f1-848c-0982d45e0677,APPLIED_REGEX_RULE,traeart,Fraxinus pensylvanica 'Zundert',Fraxinus pennsylvanica 'Zundert',latin_regex,latin spelling fix,NA
30263a65-c320-4a7b-8a64-3f7e1d28efb1,APPLIED_REGEX_RULE,traeart,Fraxinus pensylvanica 'Zundert',Fraxinus pennsylvanica 'Zundert',latin_regex,latin spelling fix,NA
06df11ac-17bc-4f9c-8cb2-bd1fe2328fc4,APPLIED_REGEX_RULE,traeart,Fraxinus pensylvanica 'Zundert',Fraxinus pennsylvanica 'Zundert',latin_regex,latin spelling fix,NA
15d70c78-c31e-45df-9ef0-8956506c81ba,APPLIED_REGEX_RULE,traeart,Fraxinus pensylvanica 'Zundert',Fraxinus pennsylvanica 'Zundert',latin_regex,latin spelling fix,NA
37cebcd3-891c-4dc5-b349-76efd1969ea6,APPLIED_REGEX_RULE,traeart,Fraxinus pensylvanica 'Zundert',Fraxinus pennsylvanica 'Zundert',latin_regex,latin spelling fix,NA
97a3b2e8-fbab-4e10-a489-66e6c68cc452,APPLIED_REGEX_RULE,traeart,Fraxinus pensylvanica 'Zundert',Fraxinus pennsylvanica 'Zundert',latin_regex,latin spelling fix,NA
cb1f9812-0a96-4ec8-aade-f8e9f605d9fd,APPLIED_REGEX_RULE,traeart,Fraxinus pensylvanica 'Zundert',Fraxinus pennsylvanica 'Zundert',latin_regex,latin spelling fix,NA
cc806397-a07c-49ce-a152-cda2a344e940,APPLIED_REGEX_RULE,traeart,Fraxinus pensylvanica 'Zundert',Fraxinus pennsylvanica 'Zundert',latin_regex,latin spelling fix,NA
4ec7f95b-8520-42f3-81a3-d5ae53ce29a3,APPLIED_REGEX_RULE,traeart,Fraxinus pensylvanica 'Zundert',Fraxinus pennsylvanica 'Zundert',latin_regex,latin spelling fix,NA
c2003955-d0b1-4243-ab34-715cec76d79e,APPLIED_REGEX_RULE,traeart,Fraxinus pensylvanica 'Zundert',Fraxinus pennsylvanica 'Zundert',latin_regex,latin spelling fix,NA
62cf6845-3923-405c-a8ff-d31dae3764b0,APPLIED_REGEX_RULE,traeart,Fraxinus pensylvanica 'Zundert',Fraxinus pennsylvanica 'Zundert',latin_regex,latin spelling fix,NA
bd3134af-5b96-4a19-ad89-676960b57616,APPLIED_REGEX_RULE,traeart,Fraxinus pensylvanica 'Zundert',Fraxinus pennsylvanica 'Zundert',latin_regex,latin spelling fix,NA
33a204b0-b8d7-4f76-8f90-9edd22b6ab9b,APPLIED_REGEX_RULE,traeart,Fraxinus pensylvanica 'Zundert',Fraxinus pennsylvanica 'Zundert',latin_regex,latin spelling fix,NA
2182f5a2-4297-4830-be44-b8f4939ed2fb,APPLIED_REGEX_RULE,traeart,Fraxinus pensylvanica 'Zundert',Fraxinus pennsylvanica 'Zundert',latin_regex,latin spelling fix,NA
5950763f-b70e-4bfb-a5c8-91d1e7922947,APPLIED_REGEX_RULE,traeart,Fraxinus pensylvanica 'Zundert',Fraxinus pennsylvanica 'Zundert',latin_regex,latin spelling fix,NA
7ff98a4c-7bd1-41ce-91d8-27d246b9b8ad,APPLIED_REGEX_RULE,traeart,Fraxinus pensylvanica 'Zundert',Fraxinus pennsylvanica 'Zundert',latin_regex,latin spelling fix,NA
23442a4c-d83f-44a5-a9ef-e5f549a98212,APPLIED_REGEX_RULE,traeart,Fraxinus pensylvanica 'Zundert',Fraxinus pennsylvanica 'Zundert',latin_regex,latin spelling fix,NA
fd8a1fd8-9e23-413d-954b-a0485871b9dc,APPLIED_REGEX_RULE,traeart,Fraxinus pensylvanica 'Zundert',Fraxinus pennsylvanica 'Zundert',latin_regex,latin spelling fix,NA
13b11a83-7504-431a-a29b-23a498af543b,APPLIED_REGEX_RULE,traeart,Fraxinus pensylvanica 'Zundert',Fraxinus pennsylvanica 'Zundert',latin_regex,latin spelling fix,NA
637ab8d6-465d-45f7-b153-75bc63f68bd3,APPLIED_REGEX_RULE,traeart,Fraxinus pensylvanica 'Zundert',Fraxinus pennsylvanica 'Zundert',latin_regex,latin spelling fix,NA
9ec4d1eb-f8c3-4577-96da-ead79ecea728,APPLIED_REGEX_RULE,traeart,Fraxinus pensylvanica 'Zundert',Fraxinus pennsylvanica 'Zundert',latin_regex,latin spelling fix,NA
129ecde0-65b0-47d0-b273-05d5f1f477c0,APPLIED_REGEX_RULE,traeart,Fraxinus pensylvanica 'Zundert',Fraxinus pennsylvanica 'Zundert',latin_regex,latin spelling fix,NA
c1a13d39-c0b1-4edd-bca8-7a465dfa7b0b,APPLIED_REGEX_RULE,traeart,Fraxinus pensylvanica 'Zundert',Fraxinus pennsylvanica 'Zundert',latin_regex,latin spelling fix,NA
85875592-2675-448f-b03b-17b1291e0faa,APPLIED_REGEX_RULE,traeart,Fraxinus pensylvanica 'Zundert',Fraxinus pennsylvanica 'Zundert',latin_regex,latin spelling fix,NA
7b821efb-8622-4222-b9c9-bbce4efc7ee4,APPLIED_REGEX_RULE,traeart,Fraxinus pensylvanica 'Zundert',Fraxinus pennsylvanica 'Zundert',latin_regex,latin spelling fix,NA
d42dfb56-e912-4d67-b546-1a9d3ac692e2,APPLIED_REGEX_RULE,traeart,Fraxinus pensylvanica 'Zundert',Fraxinus pennsylvanica 'Zundert',latin_regex,latin spelling fix,NA
6d8da037-cd95-4ebe-97da-6f8bf6c97577,APPLIED_REGEX_RULE,traeart,Fraxinus pensylvanica 'Zundert',Fraxinus pennsylvanica 'Zundert',latin_regex,latin spelling fix,NA
7eb7eff6-c67b-4181-a889-c0d7e66e8c43,APPLIED_REGEX_RULE,traeart,Fraxinus pensylvanica 'Zundert',Fraxinus pennsylvanica 'Zundert',latin_regex,latin spelling fix,NA
f0314fc6-157c-4c73-b87a-280b07226431,APPLIED_REGEX_RULE,traeart,Fraxinus pensylvanica 'Zundert',Fraxinus pennsylvanica 'Zundert',latin_regex,latin spelling fix,NA
3717c016-9ae1-4dc9-a134-05a3b36b689a,APPLIED_REGEX_RULE,traeart,Fraxinus pensylvanica 'Zundert',Fraxinus pennsylvanica 'Zundert',latin_regex,latin spelling fix,NA
92f3af03-6ba4-4974-a147-e613a25014da,APPLIED_REGEX_RULE,traeart,Fraxinus pensylvanica 'Zundert',Fraxinus pennsylvanica 'Zundert',latin_regex,latin spelling fix,NA
8de5a5f5-0a2e-4388-b25f-d85ea18fb74a,APPLIED_REGEX_RULE,traeart,Fraxinus pensylvanica 'Zundert',Fraxinus pennsylvanica 'Zundert',latin_regex,latin spelling fix,NA
7d51b1ad-b56a-4878-b33e-2f25a8cd6c47,APPLIED_REGEX_RULE,traeart,Fraxinus pensylvanica 'Zundert',Fraxinus pennsylvanica 'Zundert',latin_regex,latin spelling fix,NA
cebdb853-68e7-4aab-8943-5e49aba423d2,APPLIED_REGEX_RULE,traeart,Fraxinus pensylvanica 'Zundert',Fraxinus pennsylvanica 'Zundert',latin_regex,latin spelling fix,NA
0789c9b5-e905-414a-9810-9f70628173cd,APPLIED_REGEX_RULE,traeart,Fraxinus pensylvanica 'Zundert',Fraxinus pennsylvanica 'Zundert',latin_regex,latin spelling fix,NA
a838e539-a131-41bc-bc56-e6315d8f9524,APPLIED_REGEX_RULE,traeart,Fraxinus pensylvanica 'Zundert',Fraxinus pennsylvanica 'Zundert',latin_regex,latin spelling fix,NA
ca11879a-5e45-41dc-9a16-c750065c54b4,APPLIED_REGEX_RULE,traeart,Fraxinus pensylvanica 'Zundert',Fraxinus pennsylvanica 'Zundert',latin_regex,latin spelling fix,NA
3e065331-a800-4549-85f5-f2c89f9e08a4,APPLIED_REGEX_RULE,traeart,Fraxinus pensylvanica 'Zundert',Fraxinus pennsylvanica 'Zundert',latin_regex,latin spelling fix,NA
5ec48649-7520-4e47-a558-a861d4ce12e6,APPLIED_REGEX_RULE,traeart,Fraxinus pensylvanica 'Zundert',Fraxinus pennsylvanica 'Zundert',latin_regex,latin spelling fix,NA
ec0caede-2cde-4d57-a578-fd65f7dc757a,APPLIED_REGEX_RULE,traeart,Fraxinus pensylvanica 'Zundert',Fraxinus pennsylvanica 'Zundert',latin_regex,latin spelling fix,NA
d06c704a-03c8-40ef-a78a-1e3602e8a1a7,APPLIED_REGEX_RULE,traeart,Fraxinus pensylvanica 'Zundert',Fraxinus pennsylvanica 'Zundert',latin_regex,latin spelling fix,NA
2fde62f9-fc24-4c9a-b43c-bafc3759e8e1,APPLIED_REGEX_RULE,traeart,Fraxinus pensylvanica 'Zundert',Fraxinus pennsylvanica 'Zundert',latin_regex,latin spelling fix,NA
0f61533c-5be0-4b57-8a5b-4eb08c320523,APPLIED_REGEX_RULE,traeart,Fraxinus pensylvanica 'Zundert',Fraxinus pennsylvanica 'Zundert',latin_regex,latin spelling fix,NA
f6f7308a-b73e-4072-9e9d-2862115d41f0,APPLIED_REGEX_RULE,traeart,Fraxinus pensylvanica 'Zundert',Fraxinus pennsylvanica 'Zundert',latin_regex,latin spelling fix,NA
050ede95-2898-46f8-8af0-3e25b637370e,APPLIED_REGEX_RULE,traeart,Fraxinus pensylvanica 'Zundert',Fraxinus pennsylvanica 'Zundert',latin_regex,latin spelling fix,NA
22677504-16d6-4aaf-a3ff-77d12b7db57d,APPLIED_REGEX_RULE,traeart,Fraxinus pensylvanica 'Zundert',Fraxinus pennsylvanica 'Zundert',latin_regex,latin spelling fix,NA
35c07c3d-1714-4fc7-b488-3a48f15fca4c,APPLIED_REGEX_RULE,traeart,Fraxinus pensylvanica 'Zundert',Fraxinus pennsylvanica 'Zundert',latin_regex,latin spelling fix,NA
da8bbef2-a6e8-4d23-80ec-d723fbf371f3,APPLIED_REGEX_RULE,traeart,Fraxinus pensylvanica 'Zundert',Fraxinus pennsylvanica 'Zundert',latin_regex,latin spelling fix,NA
e380c2ef-f0d9-41ad-92f6-9513b269eef8,APPLIED_REGEX_RULE,traeart,Fraxinus pensylvanica 'Zundert',Fraxinus pennsylvanica 'Zundert',latin_regex,latin spelling fix,NA
29509599-1ab4-4aa0-a7ee-cc8dbd774c1b,APPLIED_REGEX_RULE,traeart,Fraxinus pensylvanica 'Zundert',Fraxinus pennsylvanica 'Zundert',latin_regex,latin spelling fix,NA
a80eb852-cc93-4c59-9baf-b486a1e91bac,APPLIED_REGEX_RULE,traeart,Fraxinus pensylvanica 'Zundert',Fraxinus pennsylvanica 'Zundert',latin_regex,latin spelling fix,NA
2a16d91f-cf9a-42b6-8ccc-d881eefddfcc,APPLIED_REGEX_RULE,traeart,Fraxinus pensylvanica 'Zundert',Fraxinus pennsylvanica 'Zundert',latin_regex,latin spelling fix,NA
fdfe77fe-67e8-4cf6-990c-393223fb985c,APPLIED_REGEX_RULE,traeart,Fraxinus pensylvanica 'Zundert',Fraxinus pennsylvanica 'Zundert',latin_regex,latin spelling fix,NA
66fb3c0b-83e4-4e34-8701-85de362311e9,APPLIED_REGEX_RULE,traeart,Fraxinus pensylvanica 'Zundert',Fraxinus pennsylvanica 'Zundert',latin_regex,latin spelling fix,NA
b3fbd344-b753-41e0-8884-e68f5f14ed50,APPLIED_REGEX_RULE,traeart,Fraxinus pensylvanica 'Zundert',Fraxinus pennsylvanica 'Zundert',latin_regex,latin spelling fix,NA
0a100835-5625-4bb0-a227-5d3771b1cc9c,APPLIED_REGEX_RULE,traeart,Fraxinus pensylvanica 'Zundert',Fraxinus pennsylvanica 'Zundert',latin_regex,latin spelling fix,NA
677352ca-43ff-41fb-906a-5422f27275d7,APPLIED_REGEX_RULE,traeart,Fraxinus pensylvanica 'Zundert',Fraxinus pennsylvanica 'Zundert',latin_regex,latin spelling fix,NA
af2a78b7-366e-4c3d-aeb6-ba3b3c637aef,APPLIED_REGEX_RULE,traeart,Fraxinus pensylvanica 'Zundert',Fraxinus pennsylvanica 'Zundert',latin_regex,latin spelling fix,NA
70790868-a48e-4fe9-adb9-95043789cae8,APPLIED_REGEX_RULE,traeart,Fraxinus pensylvanica 'Zundert',Fraxinus pennsylvanica 'Zundert',latin_regex,latin spelling fix,NA
2d625015-a9ce-4d90-84fa-eaf33758ff33,APPLIED_REGEX_RULE,traeart,Fraxinus pensylvanica 'Zundert',Fraxinus pennsylvanica 'Zundert',latin_regex,latin spelling fix,NA
ff200b52-bc48-4e4d-ab72-5baac810295b,APPLIED_REGEX_RULE,traeart,Fraxinus pensylvanica 'Zundert',Fraxinus pennsylvanica 'Zundert',latin_regex,latin spelling fix,NA
e861754b-b970-4d3f-8233-9ef3697cfdfb,APPLIED_REGEX_RULE,traeart,Fraxinus pensylvanica 'Zundert',Fraxinus pennsylvanica 'Zundert',latin_regex,latin spelling fix,NA
f3cfe207-b756-400d-8348-039eeb82e2ac,APPLIED_REGEX_RULE,traeart,Fraxinus pensylvanica 'Zundert',Fraxinus pennsylvanica 'Zundert',latin_regex,latin spelling fix,NA
6c4d2dd2-cc68-4b05-b586-17a2e1e9496c,APPLIED_REGEX_RULE,traeart,Fraxinus pensylvanica 'Zundert',Fraxinus pennsylvanica 'Zundert',latin_regex,latin spelling fix,NA
e7bbde0b-183f-4bee-95b1-3fe034d5bb07,APPLIED_REGEX_RULE,traeart,Fraxinus pensylvanica 'Zundert',Fraxinus pennsylvanica 'Zundert',latin_regex,latin spelling fix,NA
85219192-28a7-4909-9858-91e07bf27eb2,APPLIED_REGEX_RULE,traeart,Fraxinus pensylvanica 'Zundert',Fraxinus pennsylvanica 'Zundert',latin_regex,latin spelling fix,NA
5c430f58-f014-4c92-be6c-d17567b4fa8b,APPLIED_REGEX_RULE,traeart,Fraxinus pensylvanica 'Zundert',Fraxinus pennsylvanica 'Zundert',latin_regex,latin spelling fix,NA
e1854649-ce37-4df8-8168-dcec47eb68aa,APPLIED_REGEX_RULE,traeart,Fraxinus pensylvanica 'Zundert',Fraxinus pennsylvanica 'Zundert',latin_regex,latin spelling fix,NA
569898fa-f96b-4009-bd9e-5de30816c001,APPLIED_REGEX_RULE,traeart,Fraxinus pensylvanica 'Zundert',Fraxinus pennsylvanica 'Zundert',latin_regex,latin spelling fix,NA
8b238cad-3d1e-432d-9087-ac00726a3953,APPLIED_REGEX_RULE,traeart,Fraxinus pensylvanica 'Zundert',Fraxinus pennsylvanica 'Zundert',latin_regex,latin spelling fix,NA
7a0e5d13-4248-4235-b6a6-6f4ee025eccb,APPLIED_REGEX_RULE,traeart,Fraxinus pensylvanica 'Zundert',Fraxinus pennsylvanica 'Zundert',latin_regex,latin spelling fix,NA
de599921-7178-4213-9faa-b9876fa3b64d,APPLIED_REGEX_RULE,traeart,Fraxinus pensylvanica 'Zundert',Fraxinus pennsylvanica 'Zundert',latin_regex,latin spelling fix,NA
1761b5ea-be31-4367-99a6-2198e186896b,APPLIED_REGEX_RULE,traeart,Fraxinus pensylvanica 'Zundert',Fraxinus pennsylvanica 'Zundert',latin_regex,latin spelling fix,NA
daae9e60-f233-4948-a55e-bb89b799bbfc,APPLIED_REGEX_RULE,traeart,Fraxinus pensylvanica 'Zundert',Fraxinus pennsylvanica 'Zundert',latin_regex,latin spelling fix,NA
6c06d0bf-e941-4a0c-bc6a-9d73e4a980c8,APPLIED_REGEX_RULE,traeart,Fraxinus pensylvanica 'Zundert',Fraxinus pennsylvanica 'Zundert',latin_regex,latin spelling fix,NA
b7af7d2b-e02d-4764-abf0-f92f4011e332,APPLIED_REGEX_RULE,traeart,Fraxinus pensylvanica 'Zundert',Fraxinus pennsylvanica 'Zundert',latin_regex,latin spelling fix,NA
5851162f-5529-4299-9307-d7c2021b26d1,APPLIED_REGEX_RULE,traeart,Fraxinus pensylvanica 'Zundert',Fraxinus pennsylvanica 'Zundert',latin_regex,latin spelling fix,NA
75a87bc7-6dde-4fbd-aef8-ada0d8335116,APPLIED_REGEX_RULE,traeart,Fraxinus pensylvanica 'Zundert',Fraxinus pennsylvanica 'Zundert',latin_regex,latin spelling fix,NA
79926efe-3f6f-4759-a074-9b73d4aa66fa,APPLIED_REGEX_RULE,traeart,Fraxinus pensylvanica 'Zundert',Fraxinus pennsylvanica 'Zundert',latin_regex,latin spelling fix,NA
67b9d987-e80b-4766-ae93-552a17181124,APPLIED_REGEX_RULE,traeart,Fraxinus pensylvanica 'Zundert',Fraxinus pennsylvanica 'Zundert',latin_regex,latin spelling fix,NA
0ccf165b-d37f-43ef-b2c5-a1bf6e4b3e4a,APPLIED_REGEX_RULE,traeart,Fraxinus pensylvanica 'Zundert',Fraxinus pennsylvanica 'Zundert',latin_regex,latin spelling fix,NA
c606a0ff-246a-404d-8076-04c9dc9f9d43,APPLIED_REGEX_RULE,traeart,Fraxinus pensylvanica 'Zundert',Fraxinus pennsylvanica 'Zundert',latin_regex,latin spelling fix,NA
d9f865d4-8de0-4c01-bf33-013af7202433,APPLIED_REGEX_RULE,traeart,Fraxinus pensylvanica 'Zundert',Fraxinus pennsylvanica 'Zundert',latin_regex,latin spelling fix,NA
50289a5d-b2b1-4629-a626-8dafc15709ff,APPLIED_REGEX_RULE,traeart,Fraxinus pensylvanica 'Zundert',Fraxinus pennsylvanica 'Zundert',latin_regex,latin spelling fix,NA
1a2b0f30-6ead-4aef-9782-e7d6a686b745,APPLIED_REGEX_RULE,traeart,Fraxinus pensylvanica 'Zundert',Fraxinus pennsylvanica 'Zundert',latin_regex,latin spelling fix,NA
aff072fa-a50b-4006-ba5a-0940a4b64f5d,APPLIED_REGEX_RULE,traeart,Fraxinus pensylvanica 'Zundert',Fraxinus pennsylvanica 'Zundert',latin_regex,latin spelling fix,NA
c6acd38c-af82-4916-bcf7-4297582f1e1a,APPLIED_REGEX_RULE,traeart,Fraxinus pensylvanica 'Zundert',Fraxinus pennsylvanica 'Zundert',latin_regex,latin spelling fix,NA
023cb09e-815e-463f-9790-b1358dbdcd1d,APPLIED_REGEX_RULE,traeart,Fraxinus pensylvanica 'Zundert',Fraxinus pennsylvanica 'Zundert',latin_regex,latin spelling fix,NA
a3e2e710-6d34-40f1-8768-fa8348509a5e,APPLIED_REGEX_RULE,traeart,Fraxinus pensylvanica 'Zundert',Fraxinus pennsylvanica 'Zundert',latin_regex,latin spelling fix,NA
1047a15a-48c2-47f2-9fcd-aea22937e50d,APPLIED_REGEX_RULE,traeart,Fraxinus pensylvanica 'Zundert',Fraxinus pennsylvanica 'Zundert',latin_regex,latin spelling fix,NA
1f6d1842-78ee-4e72-a1f3-335910ec31d9,APPLIED_REGEX_RULE,traeart,Fraxinus pensylvanica 'Zundert',Fraxinus pennsylvanica 'Zundert',latin_regex,latin spelling fix,NA
b6c505fe-deae-473d-b71f-52fd1bb636d9,APPLIED_REGEX_RULE,traeart,Fraxinus pensylvanica 'Zundert',Fraxinus pennsylvanica 'Zundert',latin_regex,latin spelling fix,NA
b54367c4-c0c7-49f0-8c38-fde0002d3012,APPLIED_REGEX_RULE,traeart,Fraxinus pensylvanica 'Zundert',Fraxinus pennsylvanica 'Zundert',latin_regex,latin spelling fix,NA
ac590924-f45b-4332-9294-1a144eb81774,APPLIED_REGEX_RULE,traeart,Fraxinus pensylvanica 'Zundert',Fraxinus pennsylvanica 'Zundert',latin_regex,latin spelling fix,NA
f8b0aa58-5b96-469f-853e-e7199dd6f7ec,APPLIED_REGEX_RULE,traeart,Fraxinus pensylvanica 'Zundert',Fraxinus pennsylvanica 'Zundert',latin_regex,latin spelling fix,NA
52e8f222-e085-4be9-bbaf-a338100ea6f1,APPLIED_REGEX_RULE,traeart,Fraxinus pensylvanica 'Zundert',Fraxinus pennsylvanica 'Zundert',latin_regex,latin spelling fix,NA
9be1f3b7-0b03-4df8-8247-d441275943ba,APPLIED_REGEX_RULE,traeart,Fraxinus pensylvanica 'Zundert',Fraxinus pennsylvanica 'Zundert',latin_regex,latin spelling fix,NA
316db7de-ad0b-4dae-867c-490d69f30984,APPLIED_REGEX_RULE,traeart,Fraxinus pensylvanica 'Zundert',Fraxinus pennsylvanica 'Zundert',latin_regex,latin spelling fix,NA
f6c78685-bcd8-45ed-a7b4-3c42b47263bb,APPLIED_REGEX_RULE,traeart,Fraxinus pensylvanica 'Zundert',Fraxinus pennsylvanica 'Zundert',latin_regex,latin spelling fix,NA
ec52b990-10a3-4f0f-ba92-f02b2f517ca4,APPLIED_REGEX_RULE,traeart,Fraxinus pensylvanica 'Zundert',Fraxinus pennsylvanica 'Zundert',latin_regex,latin spelling fix,NA
135c47f6-399c-4afe-a9e3-991d8d039610,APPLIED_REGEX_RULE,traeart,Fraxinus pensylvanica 'Zundert',Fraxinus pennsylvanica 'Zundert',latin_regex,latin spelling fix,NA
459e971e-0e2f-4739-a3e9-92b30b31201c,APPLIED_REGEX_RULE,traeart,Fraxinus pensylvanica 'Zundert',Fraxinus pennsylvanica 'Zundert',latin_regex,latin spelling fix,NA
381f5ab9-9112-464b-bab4-be0f95b3866b,APPLIED_REGEX_RULE,traeart,Fraxinus pensylvanica 'Zundert',Fraxinus pennsylvanica 'Zundert',latin_regex,latin spelling fix,NA
48e31f30-27d4-442a-82fd-14f324e71995,APPLIED_REGEX_RULE,traeart,Fraxinus pensylvanica 'Zundert',Fraxinus pennsylvanica 'Zundert',latin_regex,latin spelling fix,NA
57136ef0-699f-43f8-9b75-bd061ce77272,APPLIED_REGEX_RULE,traeart,Fraxinus pensylvanica 'Zundert',Fraxinus pennsylvanica 'Zundert',latin_regex,latin spelling fix,NA
e49f102b-324a-4da6-b0a0-a58ce268bb4e,APPLIED_REGEX_RULE,traeart,Fraxinus pensylvanica 'Zundert',Fraxinus pennsylvanica 'Zundert',latin_regex,latin spelling fix,NA
aa716161-6710-4371-aee0-52cf50050a58,APPLIED_REGEX_RULE,traeart,Fraxinus pensylvanica 'Zundert',Fraxinus pennsylvanica 'Zundert',latin_regex,latin spelling fix,NA
be23b003-c1f9-4f6e-8213-5dfa92d92144,APPLIED_REGEX_RULE,traeart,Fraxinus pensylvanica 'Zundert',Fraxinus pennsylvanica 'Zundert',latin_regex,latin spelling fix,NA
3977dc5a-9a7a-4b78-b6ea-86812437ff8b,APPLIED_REGEX_RULE,traeart,Fraxinus pensylvanica 'Zundert',Fraxinus pennsylvanica 'Zundert',latin_regex,latin spelling fix,NA
de313583-58b5-463e-af3b-d9dcb37cef3c,APPLIED_REGEX_RULE,traeart,Fraxinus pensylvanica 'Zundert',Fraxinus pennsylvanica 'Zundert',latin_regex,latin spelling fix,NA
983eba23-425a-46a5-8464-945f8d68cc30,APPLIED_REGEX_RULE,traeart,Fraxinus pensylvanica 'Zundert',Fraxinus pennsylvanica 'Zundert',latin_regex,latin spelling fix,NA
a3c22c1e-f904-48f8-adc8-589fa84048c7,APPLIED_REGEX_RULE,traeart,Fraxinus pensylvanica 'Zundert',Fraxinus pennsylvanica 'Zundert',latin_regex,latin spelling fix,NA
cc1ede87-07b4-4c54-b98d-2aa01835606a,APPLIED_REGEX_RULE,traeart,Fraxinus pensylvanica 'Zundert',Fraxinus pennsylvanica 'Zundert',latin_regex,latin spelling fix,NA
5c3e968d-a482-4b7c-80d3-7627e433a3df,APPLIED_REGEX_RULE,traeart,Fraxinus pensylvanica 'Zundert',Fraxinus pennsylvanica 'Zundert',latin_regex,latin spelling fix,NA
173bcb58-a905-4f50-b442-cd9a87972130,APPLIED_REGEX_RULE,traeart,Fraxinus pensylvanica 'Zundert',Fraxinus pennsylvanica 'Zundert',latin_regex,latin spelling fix,NA
ce2712ba-ab45-45da-b666-c4a7fd75be7e,APPLIED_REGEX_RULE,traeart,Fraxinus pensylvanica 'Zundert',Fraxinus pennsylvanica 'Zundert',latin_regex,latin spelling fix,NA
d5ed57ac-a625-471c-b99d-e5d1d2f79d7e,APPLIED_REGEX_RULE,traeart,Fraxinus pensylvanica 'Zundert',Fraxinus pennsylvanica 'Zundert',latin_regex,latin spelling fix,NA
1bd9048f-41fa-4fca-a471-dd7d465d41ea,APPLIED_REGEX_RULE,traeart,Fraxinus pensylvanica 'Zundert',Fraxinus pennsylvanica 'Zundert',latin_regex,latin spelling fix,NA
159aec03-2525-41bb-9f6b-8e96ce00d999,APPLIED_REGEX_RULE,traeart,Fraxinus pensylvanica 'Zundert',Fraxinus pennsylvanica 'Zundert',latin_regex,latin spelling fix,NA
04da26f2-f168-47ef-b474-0807720ff4f1,APPLIED_REGEX_RULE,traeart,Fraxinus pensylvanica 'Zundert',Fraxinus pennsylvanica 'Zundert',latin_regex,latin spelling fix,NA
31b3953a-43ed-475e-8380-39617f2cb11d,APPLIED_REGEX_RULE,traeart,Fraxinus pensylvanica 'Zundert',Fraxinus pennsylvanica 'Zundert',latin_regex,latin spelling fix,NA
b3b7b764-3742-4edf-aa79-f3535ec78f3e,APPLIED_REGEX_RULE,traeart,Fraxinus pensylvanica 'Zundert',Fraxinus pennsylvanica 'Zundert',latin_regex,latin spelling fix,NA
962b0577-1b19-4bcc-b728-15d58d3c9ef2,APPLIED_REGEX_RULE,traeart,Fraxinus pensylvanica 'Zundert',Fraxinus pennsylvanica 'Zundert',latin_regex,latin spelling fix,NA
6cd391bb-08ed-47fb-a3fb-321d23d81afa,APPLIED_REGEX_RULE,traeart,Fraxinus pensylvanica 'Zundert',Fraxinus pennsylvanica 'Zundert',latin_regex,latin spelling fix,NA
038376f7-ebe6-4219-93ba-30a38e62b58c,APPLIED_REGEX_RULE,traeart,Fraxinus pensylvanica 'Zundert',Fraxinus pennsylvanica 'Zundert',latin_regex,latin spelling fix,NA
f10522e0-1c3e-45a0-8d22-e0a3294ff200,APPLIED_REGEX_RULE,traeart,Fraxinus pensylvanica 'Zundert',Fraxinus pennsylvanica 'Zundert',latin_regex,latin spelling fix,NA
8fcd1f16-94b1-4b95-a5c4-5cd26b10287d,APPLIED_REGEX_RULE,traeart,Fraxinus pensylvanica 'Zundert',Fraxinus pennsylvanica 'Zundert',latin_regex,latin spelling fix,NA
23b16db4-1cbb-4b91-a929-3c2540e2bedc,APPLIED_REGEX_RULE,traeart,Fraxinus pensylvanica 'Zundert',Fraxinus pennsylvanica 'Zundert',latin_regex,latin spelling fix,NA
4c091b09-e380-4a6d-a4b8-efb86a5a8dc7,APPLIED_REGEX_RULE,traeart,Fraxinus pensylvanica 'Zundert',Fraxinus pennsylvanica 'Zundert',latin_regex,latin spelling fix,NA
8fe2cf2f-fef0-4b75-940e-c417e8089fd8,APPLIED_REGEX_RULE,traeart,Fraxinus pensylvanica 'Zundert',Fraxinus pennsylvanica 'Zundert',latin_regex,latin spelling fix,NA
617ac5b8-8373-4256-bde0-c970b0ad04c7,APPLIED_REGEX_RULE,traeart,Fraxinus pensylvanica 'Zundert',Fraxinus pennsylvanica 'Zundert',latin_regex,latin spelling fix,NA
684400b1-b39a-4ca2-8830-e19337c73eba,APPLIED_REGEX_RULE,traeart,Fraxinus pensylvanica 'Zundert',Fraxinus pennsylvanica 'Zundert',latin_regex,latin spelling fix,NA
6d11f6a3-0799-4616-8bb9-42f7fc025ee2,APPLIED_REGEX_RULE,traeart,Fraxinus pensylvanica 'Zundert',Fraxinus pennsylvanica 'Zundert',latin_regex,latin spelling fix,NA
cf8941a7-8113-43a3-ac9b-b2502f5c3853,APPLIED_REGEX_RULE,traeart,Fraxinus pensylvanica 'Zundert',Fraxinus pennsylvanica 'Zundert',latin_regex,latin spelling fix,NA
16898af2-f9eb-4252-af5a-4575e230b080,APPLIED_REGEX_RULE,traeart,Fraxinus pensylvanica 'Zundert',Fraxinus pennsylvanica 'Zundert',latin_regex,latin spelling fix,NA
7f263dc4-1f30-4c38-a439-dca79a05d181,APPLIED_REGEX_RULE,traeart,Fraxinus pensylvanica 'Zundert',Fraxinus pennsylvanica 'Zundert',latin_regex,latin spelling fix,NA
f6c3e244-fe30-489e-adb2-77f3a8b268cb,APPLIED_REGEX_RULE,traeart,Fraxinus pensylvanica 'Zundert',Fraxinus pennsylvanica 'Zundert',latin_regex,latin spelling fix,NA
00d5bb0e-8c2d-44e4-a971-fdbecdbeaf4a,APPLIED_REGEX_RULE,traeart,Fraxinus pensylvanica 'Zundert',Fraxinus pennsylvanica 'Zundert',latin_regex,latin spelling fix,NA
dfc1f377-ff81-4a8a-a3a3-386ec25c0fa3,APPLIED_REGEX_RULE,traeart,Fraxinus pensylvanica 'Zundert',Fraxinus pennsylvanica 'Zundert',latin_regex,latin spelling fix,NA
ef213d34-b8cc-4913-8bcd-e02a27716494,APPLIED_REGEX_RULE,traeart,Fraxinus pensylvanica 'Zundert',Fraxinus pennsylvanica 'Zundert',latin_regex,latin spelling fix,NA
37f5f273-b32d-4ce5-89a8-e3709de01430,APPLIED_REGEX_RULE,traeart,Fraxinus pensylvanica 'Zundert',Fraxinus pennsylvanica 'Zundert',latin_regex,latin spelling fix,NA
8b995036-df35-4f9e-9003-029927f43c04,APPLIED_REGEX_RULE,traeart,Fraxinus pensylvanica 'Zundert',Fraxinus pennsylvanica 'Zundert',latin_regex,latin spelling fix,NA
b1eca72f-82a3-45da-9226-0a0755941344,APPLIED_REGEX_RULE,traeart,Fraxinus pensylvanica 'Zundert',Fraxinus pennsylvanica 'Zundert',latin_regex,latin spelling fix,NA
03b69329-2dd5-4d13-b105-0f008a67fcab,APPLIED_REGEX_RULE,traeart,Fraxinus pensylvanica 'Zundert',Fraxinus pennsylvanica 'Zundert',latin_regex,latin spelling fix,NA
787c433f-c2af-46dd-8331-c0fec3270a75,APPLIED_REGEX_RULE,traeart,Fraxinus pensylvanica 'Zundert',Fraxinus pennsylvanica 'Zundert',latin_regex,latin spelling fix,NA
d9702afb-557b-4592-9ee4-224e2972ad6a,APPLIED_REGEX_RULE,traeart,Fraxinus pensylvanica 'Zundert',Fraxinus pennsylvanica 'Zundert',latin_regex,latin spelling fix,NA
2e50ce2a-323c-444f-aeb5-286902ef4152,APPLIED_REGEX_RULE,traeart,Fraxinus pensylvanica 'Zundert',Fraxinus pennsylvanica 'Zundert',latin_regex,latin spelling fix,NA
57d90a79-a9f0-457e-8923-a0fa6f85c46b,APPLIED_REGEX_RULE,traeart,Fraxinus pensylvanica 'Zundert',Fraxinus pennsylvanica 'Zundert',latin_regex,latin spelling fix,NA
2b89dd28-966a-495c-ba65-ff29cae1f4ea,APPLIED_REGEX_RULE,traeart,Fraxinus pensylvanica 'Zundert',Fraxinus pennsylvanica 'Zundert',latin_regex,latin spelling fix,NA
c8e4e1a0-1b79-43d8-8d50-ad48e7691f98,APPLIED_REGEX_RULE,traeart,Fraxinus pensylvanica 'Zundert',Fraxinus pennsylvanica 'Zundert',latin_regex,latin spelling fix,NA
18cbbc94-0d5d-4a3b-94c5-e466385980e3,APPLIED_REGEX_RULE,traeart,Fraxinus pensylvanica 'Zundert',Fraxinus pennsylvanica 'Zundert',latin_regex,latin spelling fix,NA
30ff651c-88f0-4528-bbe6-e570f2872991,APPLIED_REGEX_RULE,traeart,Fraxinus pensylvanica 'Zundert',Fraxinus pennsylvanica 'Zundert',latin_regex,latin spelling fix,NA
90b1da93-d96f-4a4c-bf78-2ee5d2195fcf,APPLIED_REGEX_RULE,traeart,Fraxinus pensylvanica 'Zundert',Fraxinus pennsylvanica 'Zundert',latin_regex,latin spelling fix,NA
10686832-29bf-4737-b4ea-f63f83abf5fc,APPLIED_REGEX_RULE,traeart,Fraxinus pensylvanica 'Zundert',Fraxinus pennsylvanica 'Zundert',latin_regex,latin spelling fix,NA
ce706198-1de3-4fec-9e61-27dd1e8ee905,APPLIED_REGEX_RULE,traeart,Fraxinus pensylvanica 'Zundert',Fraxinus pennsylvanica 'Zundert',latin_regex,latin spelling fix,NA
91eb88ea-377c-4e71-b38f-89dabc18e4ac,APPLIED_REGEX_RULE,traeart,Fraxinus pensylvanica 'Zundert',Fraxinus pennsylvanica 'Zundert',latin_regex,latin spelling fix,NA
45944817-91b1-49a9-8e11-8d974fdaca58,APPLIED_REGEX_RULE,traeart,Fraxinus pensylvanica 'Zundert',Fraxinus pennsylvanica 'Zundert',latin_regex,latin spelling fix,NA
c9c7c0ec-e9bf-45e7-af7c-4462134cf012,APPLIED_REGEX_RULE,traeart,Fraxinus pensylvanica 'Zundert',Fraxinus pennsylvanica 'Zundert',latin_regex,latin spelling fix,NA
77ec0382-aef3-4335-99ba-b6afd033221e,APPLIED_REGEX_RULE,traeart,Fraxinus pensylvanica 'Zundert',Fraxinus pennsylvanica 'Zundert',latin_regex,latin spelling fix,NA
79b2f432-aed4-4abc-b2c0-38de582e50ab,APPLIED_REGEX_RULE,traeart,Fraxinus pensylvanica 'Zundert',Fraxinus pennsylvanica 'Zundert',latin_regex,latin spelling fix,NA
1d7c9caa-0541-4e42-88c9-89e1843a6a99,APPLIED_REGEX_RULE,traeart,Fraxinus pensylvanica 'Zundert',Fraxinus pennsylvanica 'Zundert',latin_regex,latin spelling fix,NA
991fd1e2-9686-4a42-af53-6d63afaf4f89,APPLIED_REGEX_RULE,traeart,Fraxinus pensylvanica 'Zundert',Fraxinus pennsylvanica 'Zundert',latin_regex,latin spelling fix,NA
33d2c721-45b5-4916-ac0f-05969123df5c,APPLIED_REGEX_RULE,traeart,Fraxinus pensylvanica 'Zundert',Fraxinus pennsylvanica 'Zundert',latin_regex,latin spelling fix,NA
86105e91-f350-45e1-baa8-ddc75e79b555,APPLIED_REGEX_RULE,traeart,Fraxinus pensylvanica 'Zundert',Fraxinus pennsylvanica 'Zundert',latin_regex,latin spelling fix,NA
e726697a-3f4f-4cbd-9433-e48961cf315e,APPLIED_REGEX_RULE,traeart,Fraxinus pensylvanica 'Zundert',Fraxinus pennsylvanica 'Zundert',latin_regex,latin spelling fix,NA
61a7b31f-e5ae-41fd-9418-7ff970ad9617,APPLIED_REGEX_RULE,traeart,Fraxinus pensylvanica 'Zundert',Fraxinus pennsylvanica 'Zundert',latin_regex,latin spelling fix,NA
582da53d-61bc-425d-804b-e69d8cbd86a6,APPLIED_REGEX_RULE,traeart,Fraxinus pensylvanica 'Zundert',Fraxinus pennsylvanica 'Zundert',latin_regex,latin spelling fix,NA
2b2831cd-5276-463f-afd0-2ad09e33facf,APPLIED_REGEX_RULE,traeart,Fraxinus pensylvanica 'Zundert',Fraxinus pennsylvanica 'Zundert',latin_regex,latin spelling fix,NA
b6e05f52-896d-4d53-961a-05907821e2f7,APPLIED_REGEX_RULE,traeart,Fraxinus pensylvanica 'Zundert',Fraxinus pennsylvanica 'Zundert',latin_regex,latin spelling fix,NA
f995775f-90b5-4e53-bd3f-579e264f6109,APPLIED_REGEX_RULE,traeart,Fraxinus pensylvanica 'Zundert',Fraxinus pennsylvanica 'Zundert',latin_regex,latin spelling fix,NA
051377af-8d98-464f-9499-b2234077a137,APPLIED_REGEX_RULE,traeart,Fraxinus pensylvanica 'Zundert',Fraxinus pennsylvanica 'Zundert',latin_regex,latin spelling fix,NA
844cce1d-8217-43e3-b33c-f0ab217b6f64,APPLIED_REGEX_RULE,traeart,Fraxinus pensylvanica 'Zundert',Fraxinus pennsylvanica 'Zundert',latin_regex,latin spelling fix,NA
82b10975-47b5-4597-b40d-9f2b91b173a8,APPLIED_REGEX_RULE,traeart,Fraxinus pensylvanica 'Zundert',Fraxinus pennsylvanica 'Zundert',latin_regex,latin spelling fix,NA
04ec6e14-a00d-44a1-b45d-27c0b87c93a6,APPLIED_REGEX_RULE,traeart,Fraxinus pensylvanica 'Zundert',Fraxinus pennsylvanica 'Zundert',latin_regex,latin spelling fix,NA
10b5fe18-26b1-4c2f-94a3-71c8d8441f87,APPLIED_REGEX_RULE,traeart,Fraxinus pensylvanica 'Zundert',Fraxinus pennsylvanica 'Zundert',latin_regex,latin spelling fix,NA
c6633b49-619d-466c-8fd9-5a11fb7688e8,APPLIED_REGEX_RULE,traeart,Fraxinus pensylvanica 'Zundert',Fraxinus pennsylvanica 'Zundert',latin_regex,latin spelling fix,NA
6427f686-7199-44c6-b5c1-9a5fcb64bf56,APPLIED_REGEX_RULE,traeart,Fraxinus pensylvanica 'Zundert',Fraxinus pennsylvanica 'Zundert',latin_regex,latin spelling fix,NA
44042469-fa23-4ff9-9bdc-549a70f54eeb,APPLIED_REGEX_RULE,traeart,Fraxinus pensylvanica 'Zundert',Fraxinus pennsylvanica 'Zundert',latin_regex,latin spelling fix,NA
5743b26e-de85-45c2-9a61-db4140be2954,APPLIED_REGEX_RULE,traeart,Fraxinus pensylvanica 'Zundert',Fraxinus pennsylvanica 'Zundert',latin_regex,latin spelling fix,NA
d484439a-bcc3-497f-8d2c-c86e7a8c82ef,APPLIED_REGEX_RULE,traeart,Fraxinus pensylvanica 'Zundert',Fraxinus pennsylvanica 'Zundert',latin_regex,latin spelling fix,NA
162793d0-bb2f-49b2-9170-38f5d6ad09cd,APPLIED_REGEX_RULE,traeart,Fraxinus pensylvanica 'Zundert',Fraxinus pennsylvanica 'Zundert',latin_regex,latin spelling fix,NA
15aa51c7-7368-4313-b72e-bf08385dfb03,APPLIED_REGEX_RULE,traeart,Fraxinus pensylvanica 'Zundert',Fraxinus pennsylvanica 'Zundert',latin_regex,latin spelling fix,NA
be137300-749d-4eee-8bd7-f782e3366211,APPLIED_REGEX_RULE,traeart,Fraxinus pensylvanica 'Zundert',Fraxinus pennsylvanica 'Zundert',latin_regex,latin spelling fix,NA
18596cf6-4e26-494c-b939-c3a73669723f,APPLIED_REGEX_RULE,traeart,Fraxinus pensylvanica 'Zundert',Fraxinus pennsylvanica 'Zundert',latin_regex,latin spelling fix,NA
01eaf545-f749-48ed-924f-553e831a6786,APPLIED_REGEX_RULE,traeart,Fraxinus pensylvanica 'Zundert',Fraxinus pennsylvanica 'Zundert',latin_regex,latin spelling fix,NA
d3345e82-40dd-4b4d-9606-ac96e8ee8c2b,APPLIED_REGEX_RULE,traeart,Fraxinus pensylvanica 'Zundert',Fraxinus pennsylvanica 'Zundert',latin_regex,latin spelling fix,NA
585e7d42-d3c1-4abc-a3ea-f027c555c5e0,APPLIED_REGEX_RULE,traeart,Fraxinus pensylvanica 'Zundert',Fraxinus pennsylvanica 'Zundert',latin_regex,latin spelling fix,NA
ef14d3b5-d15f-44c1-9944-b7143c30c2f9,APPLIED_REGEX_RULE,traeart,Fraxinus pensylvanica 'Zundert',Fraxinus pennsylvanica 'Zundert',latin_regex,latin spelling fix,NA
430074b9-cabe-4e98-8cf0-73a71b6690f6,APPLIED_REGEX_RULE,traeart,Fraxinus pensylvanica 'Zundert',Fraxinus pennsylvanica 'Zundert',latin_regex,latin spelling fix,NA
dd96a8c0-eb50-4be2-a632-aad4444ed961,APPLIED_REGEX_RULE,traeart,Fraxinus pensylvanica 'Zundert',Fraxinus pennsylvanica 'Zundert',latin_regex,latin spelling fix,NA
9b7a987c-e218-4f28-8932-c04b92c39adc,APPLIED_REGEX_RULE,traeart,Fraxinus pensylvanica 'Zundert',Fraxinus pennsylvanica 'Zundert',latin_regex,latin spelling fix,NA
ce5b5c26-ef60-4ed5-b134-9b6600569058,APPLIED_REGEX_RULE,traeart,Fraxinus pensylvanica 'Zundert',Fraxinus pennsylvanica 'Zundert',latin_regex,latin spelling fix,NA
ce13528e-cf3d-41df-8462-015ad60d4ecf,APPLIED_REGEX_RULE,traeart,Fraxinus pensylvanica 'Zundert',Fraxinus pennsylvanica 'Zundert',latin_regex,latin spelling fix,NA
4c607865-9e19-4c22-b4fe-efc36703636f,APPLIED_REGEX_RULE,traeart,Fraxinus pensylvanica 'Zundert',Fraxinus pennsylvanica 'Zundert',latin_regex,latin spelling fix,NA
cc16bb36-2353-4ae7-af04-12c77326662f,APPLIED_REGEX_RULE,traeart,Fraxinus pensylvanica 'Zundert',Fraxinus pennsylvanica 'Zundert',latin_regex,latin spelling fix,NA
75d4d186-a22e-434f-9455-2a47755938dc,APPLIED_REGEX_RULE,traeart,Fraxinus pensylvanica 'Zundert',Fraxinus pennsylvanica 'Zundert',latin_regex,latin spelling fix,NA
db2c576b-779f-4f23-9366-bfa583dbbf95,APPLIED_REGEX_RULE,traeart,Fraxinus pensylvanica 'Zundert',Fraxinus pennsylvanica 'Zundert',latin_regex,latin spelling fix,NA
2145a5b8-8bc6-4b95-a009-2cc46552b4b8,APPLIED_REGEX_RULE,traeart,Fraxinus pensylvanica 'Zundert',Fraxinus pennsylvanica 'Zundert',latin_regex,latin spelling fix,NA
63aa5c67-1254-4b2d-b436-5c0f65b9ec4b,APPLIED_REGEX_RULE,traeart,Fraxinus pensylvanica 'Zundert',Fraxinus pennsylvanica 'Zundert',latin_regex,latin spelling fix,NA
7445c752-3fc7-42fc-89c9-8282630f6aa8,APPLIED_REGEX_RULE,traeart,Fraxinus pensylvanica 'Zundert',Fraxinus pennsylvanica 'Zundert',latin_regex,latin spelling fix,NA
de5cfb39-2ee5-4e8c-aedd-ae4405202854,APPLIED_REGEX_RULE,traeart,Fraxinus pensylvanica 'Zundert',Fraxinus pennsylvanica 'Zundert',latin_regex,latin spelling fix,NA
0d826cfb-54c7-4527-99d3-0d7d2601f543,APPLIED_REGEX_RULE,traeart,Fraxinus pensylvanica 'Zundert',Fraxinus pennsylvanica 'Zundert',latin_regex,latin spelling fix,NA
eb424d7b-a2e5-4446-8e1c-9a32233ad3ff,APPLIED_REGEX_RULE,traeart,Fraxinus pensylvanica 'Zundert',Fraxinus pennsylvanica 'Zundert',latin_regex,latin spelling fix,NA
dad2e6e0-e84f-4895-9de0-0f9cccce6c20,APPLIED_REGEX_RULE,traeart,Fraxinus pensylvanica 'Zundert',Fraxinus pennsylvanica 'Zundert',latin_regex,latin spelling fix,NA
886adb7a-2a15-4805-9df4-54ab967c2f8e,APPLIED_REGEX_RULE,traeart,Fraxinus pensylvanica 'Zundert',Fraxinus pennsylvanica 'Zundert',latin_regex,latin spelling fix,NA
afa73dc5-a6d7-4e68-8858-f36e4f0958c6,APPLIED_REGEX_RULE,traeart,Fraxinus pensylvanica 'Zundert',Fraxinus pennsylvanica 'Zundert',latin_regex,latin spelling fix,NA
7280b69c-084c-46a9-9d5f-7b67188e9342,APPLIED_REGEX_RULE,traeart,Fraxinus pensylvanica 'Zundert',Fraxinus pennsylvanica 'Zundert',latin_regex,latin spelling fix,NA
ff16c6cb-8d6b-44f2-9890-8205072f5fd9,APPLIED_REGEX_RULE,traeart,Fraxinus pensylvanica 'Zundert',Fraxinus pennsylvanica 'Zundert',latin_regex,latin spelling fix,NA
d010a8de-3363-4331-9415-dceb4affaa55,APPLIED_REGEX_RULE,traeart,Fraxinus pensylvanica 'Zundert',Fraxinus pennsylvanica 'Zundert',latin_regex,latin spelling fix,NA
f3d69f29-a09e-4d8d-ac6a-98ecbf4ff32e,APPLIED_REGEX_RULE,traeart,Fraxinus pensylvanica 'Zundert',Fraxinus pennsylvanica 'Zundert',latin_regex,latin spelling fix,NA
6c0feab9-236b-41f4-9830-2314d77b7649,APPLIED_REGEX_RULE,traeart,Fraxinus pensylvanica 'Zundert',Fraxinus pennsylvanica 'Zundert',latin_regex,latin spelling fix,NA
e3c940f9-c543-4cea-a499-7a33914e1b40,APPLIED_REGEX_RULE,traeart,Fraxinus pensylvanica 'Zundert',Fraxinus pennsylvanica 'Zundert',latin_regex,latin spelling fix,NA
763ac11d-bd29-490a-8e4c-c5f9bfd2521d,APPLIED_REGEX_RULE,traeart,Fraxinus pensylvanica 'Zundert',Fraxinus pennsylvanica 'Zundert',latin_regex,latin spelling fix,NA
5a126112-07de-4afc-bcbe-72b70b6bbc07,APPLIED_REGEX_RULE,traeart,Fraxinus pensylvanica 'Zundert',Fraxinus pennsylvanica 'Zundert',latin_regex,latin spelling fix,NA
64b259b9-eecf-4663-9944-d9f92eed7653,APPLIED_REGEX_RULE,traeart,Fraxinus pensylvanica 'Zundert',Fraxinus pennsylvanica 'Zundert',latin_regex,latin spelling fix,NA
aaefb8ee-5538-4ab2-afd6-95ec2d22485e,APPLIED_REGEX_RULE,traeart,Fraxinus pensylvanica 'Zundert',Fraxinus pennsylvanica 'Zundert',latin_regex,latin spelling fix,NA
49739ab3-2ef0-45a4-893d-b25e76c16f2c,APPLIED_REGEX_RULE,traeart,Fraxinus pensylvanica 'Zundert',Fraxinus pennsylvanica 'Zundert',latin_regex,latin spelling fix,NA
62f2b40a-1353-48a0-ad5d-fb3bb15e26dc,APPLIED_REGEX_RULE,traeart,Fraxinus pensylvanica 'Zundert',Fraxinus pennsylvanica 'Zundert',latin_regex,latin spelling fix,NA
42e0907a-0a88-4767-af10-5390427848e2,APPLIED_REGEX_RULE,traeart,Fraxinus pensylvanica 'Zundert',Fraxinus pennsylvanica 'Zundert',latin_regex,latin spelling fix,NA
15ea23e8-37eb-4820-ae88-a0d8864f1de3,APPLIED_REGEX_RULE,traeart,Fraxinus pensylvanica 'Zundert',Fraxinus pennsylvanica 'Zundert',latin_regex,latin spelling fix,NA
b449e9b1-eaf9-4c7c-bb15-8bec10f627c1,APPLIED_REGEX_RULE,traeart,Fraxinus pensylvanica 'Zundert',Fraxinus pennsylvanica 'Zundert',latin_regex,latin spelling fix,NA
df5dcf4c-58ae-4d51-a8b4-48948a1e7212,APPLIED_REGEX_RULE,traeart,Fraxinus pensylvanica 'Zundert',Fraxinus pennsylvanica 'Zundert',latin_regex,latin spelling fix,NA
62524d82-5f58-4d7f-b528-52769ffe6c9c,APPLIED_REGEX_RULE,traeart,Fraxinus pensylvanica 'Zundert',Fraxinus pennsylvanica 'Zundert',latin_regex,latin spelling fix,NA
a27d213f-82ef-440d-bdd0-82c5cb6532d2,APPLIED_REGEX_RULE,traeart,Fraxinus pensylvanica 'Zundert',Fraxinus pennsylvanica 'Zundert',latin_regex,latin spelling fix,NA
7ea64b66-4da3-4fe6-916f-8562c7de5b01,APPLIED_REGEX_RULE,traeart,Fraxinus pensylvanica 'Zundert',Fraxinus pennsylvanica 'Zundert',latin_regex,latin spelling fix,NA
425c126a-43d8-4866-8e29-6586dd242930,APPLIED_REGEX_RULE,traeart,Fraxinus pensylvanica 'Zundert',Fraxinus pennsylvanica 'Zundert',latin_regex,latin spelling fix,NA
7b3507e2-e8cd-4a9c-ab98-6dc33c264a27,APPLIED_REGEX_RULE,traeart,Fraxinus pensylvanica 'Zundert',Fraxinus pennsylvanica 'Zundert',latin_regex,latin spelling fix,NA
b672a681-042c-4ba6-844e-f3f7ea9f0d3d,APPLIED_REGEX_RULE,traeart,Fraxinus pensylvanica 'Zundert',Fraxinus pennsylvanica 'Zundert',latin_regex,latin spelling fix,NA
57fa9e4a-ecfa-467f-83dd-6f498640390d,APPLIED_REGEX_RULE,traeart,Fraxinus pensylvanica 'Zundert',Fraxinus pennsylvanica 'Zundert',latin_regex,latin spelling fix,NA
1f6f06f9-273b-4279-9ffc-bcb87c697275,APPLIED_REGEX_RULE,traeart,Fraxinus pensylvanica 'Zundert',Fraxinus pennsylvanica 'Zundert',latin_regex,latin spelling fix,NA
e1e78446-f359-4632-b164-53ecfccd7ce0,APPLIED_REGEX_RULE,traeart,Fraxinus pensylvanica 'Zundert',Fraxinus pennsylvanica 'Zundert',latin_regex,latin spelling fix,NA
4b3a0a6d-9079-4176-9590-1b90b958f3b0,APPLIED_REGEX_RULE,traeart,Fraxinus pensylvanica 'Zundert',Fraxinus pennsylvanica 'Zundert',latin_regex,latin spelling fix,NA
921fecf3-81c0-4877-b568-8a0bb97325f8,APPLIED_REGEX_RULE,traeart,Fraxinus pensylvanica 'Zundert',Fraxinus pennsylvanica 'Zundert',latin_regex,latin spelling fix,NA
6b8a1f0c-a64a-4186-afef-d29c46c8f651,APPLIED_REGEX_RULE,traeart,Fraxinus pensylvanica 'Zundert',Fraxinus pennsylvanica 'Zundert',latin_regex,latin spelling fix,NA
4eea7224-7480-45d5-90b7-817231d8cdf5,APPLIED_REGEX_RULE,traeart,Fraxinus pensylvanica 'Zundert',Fraxinus pennsylvanica 'Zundert',latin_regex,latin spelling fix,NA
ecdf2291-993f-4eb1-ad54-b8dac08ae9eb,APPLIED_REGEX_RULE,traeart,Fraxinus pensylvanica 'Zundert',Fraxinus pennsylvanica 'Zundert',latin_regex,latin spelling fix,NA
0514bf09-5e33-47cc-a599-21819bea35d9,APPLIED_REGEX_RULE,traeart,Fraxinus pensylvanica 'Zundert',Fraxinus pennsylvanica 'Zundert',latin_regex,latin spelling fix,NA
1fd8daec-96aa-48ea-bce3-58807a433a0d,APPLIED_REGEX_RULE,traeart,Fraxinus pensylvanica 'Zundert',Fraxinus pennsylvanica 'Zundert',latin_regex,latin spelling fix,NA
aeed8c28-f69e-4f0b-8b3a-5869ea92678c,APPLIED_REGEX_RULE,traeart,Fraxinus pensylvanica 'Zundert',Fraxinus pennsylvanica 'Zundert',latin_regex,latin spelling fix,NA
f18773ed-c202-4492-b6f4-c6ca893a4bd4,APPLIED_REGEX_RULE,traeart,Fraxinus pensylvanica 'Zundert',Fraxinus pennsylvanica 'Zundert',latin_regex,latin spelling fix,NA
cb12443b-4806-4218-8aa8-12627b93a3bd,APPLIED_REGEX_RULE,traeart,Fraxinus pensylvanica 'Zundert',Fraxinus pennsylvanica 'Zundert',latin_regex,latin spelling fix,NA
37a33c3d-504d-490b-8a00-601f6afad89a,APPLIED_REGEX_RULE,traeart,Fraxinus pensylvanica 'Zundert',Fraxinus pennsylvanica 'Zundert',latin_regex,latin spelling fix,NA
6b31c743-9c94-4aeb-920c-532dbc2a252a,APPLIED_REGEX_RULE,traeart,Fraxinus pensylvanica 'Zundert',Fraxinus pennsylvanica 'Zundert',latin_regex,latin spelling fix,NA
3f68466c-55ec-44b8-9226-d059da883aac,APPLIED_REGEX_RULE,traeart,Fraxinus pensylvanica 'Zundert',Fraxinus pennsylvanica 'Zundert',latin_regex,latin spelling fix,NA
29f4630d-eecb-416d-94f5-6963bdfbe329,APPLIED_REGEX_RULE,traeart,Fraxinus pensylvanica 'Zundert',Fraxinus pennsylvanica 'Zundert',latin_regex,latin spelling fix,NA
0aa5cc71-b06b-4e03-b604-f5e4152e95c9,APPLIED_REGEX_RULE,traeart,Fraxinus pensylvanica 'Zundert',Fraxinus pennsylvanica 'Zundert',latin_regex,latin spelling fix,NA
50bfa34e-cbb6-441f-a7e2-91dced949033,APPLIED_REGEX_RULE,traeart,Fraxinus pensylvanica 'Zundert',Fraxinus pennsylvanica 'Zundert',latin_regex,latin spelling fix,NA
7f82e095-e7d6-411b-b1ae-95f570ad0ec6,APPLIED_REGEX_RULE,traeart,Fraxinus pensylvanica 'Zundert',Fraxinus pennsylvanica 'Zundert',latin_regex,latin spelling fix,NA
812a62ca-daea-47b5-b42e-3592099ebfb5,APPLIED_REGEX_RULE,traeart,Fraxinus pensylvanica 'Zundert',Fraxinus pennsylvanica 'Zundert',latin_regex,latin spelling fix,NA
5933ac57-17e2-432c-bac7-cbd0a336ee0e,APPLIED_REGEX_RULE,traeart,Fraxinus pensylvanica 'Zundert',Fraxinus pennsylvanica 'Zundert',latin_regex,latin spelling fix,NA
9e97fb20-c9be-4409-adfe-edbacf6925a9,APPLIED_REGEX_RULE,traeart,Fraxinus pensylvanica 'Zundert',Fraxinus pennsylvanica 'Zundert',latin_regex,latin spelling fix,NA
4fcc1c88-2ec6-4a8b-8a7c-9feee9748bc6,APPLIED_REGEX_RULE,traeart,Fraxinus pensylvanica 'Zundert',Fraxinus pennsylvanica 'Zundert',latin_regex,latin spelling fix,NA
36c863a5-6e66-45e8-a2d4-420756ee3a4b,APPLIED_REGEX_RULE,traeart,Fraxinus pensylvanica 'Zundert',Fraxinus pennsylvanica 'Zundert',latin_regex,latin spelling fix,NA
37d925e2-4cad-4d16-b76f-4b17f90aa191,APPLIED_REGEX_RULE,traeart,Fraxinus pensylvanica 'Zundert',Fraxinus pennsylvanica 'Zundert',latin_regex,latin spelling fix,NA
713f6f0d-23cf-4c73-8e8f-35b900885265,APPLIED_REGEX_RULE,traeart,Fraxinus pensylvanica 'Zundert',Fraxinus pennsylvanica 'Zundert',latin_regex,latin spelling fix,NA
b7adcedb-b350-4699-a4a8-38375cb52a79,APPLIED_REGEX_RULE,traeart,Fraxinus pensylvanica 'Zundert',Fraxinus pennsylvanica 'Zundert',latin_regex,latin spelling fix,NA
7c0f32fb-28da-4c05-ba78-c361f9090bf3,APPLIED_REGEX_RULE,traeart,Fraxinus pensylvanica 'Zundert',Fraxinus pennsylvanica 'Zundert',latin_regex,latin spelling fix,NA
ffdbdd26-8632-4f70-817c-396c1bca8043,APPLIED_REGEX_RULE,traeart,Fraxinus pensylvanica 'Zundert',Fraxinus pennsylvanica 'Zundert',latin_regex,latin spelling fix,NA
19f13631-9617-4de8-a381-899a289d0cdc,APPLIED_REGEX_RULE,traeart,Fraxinus pensylvanica 'Zundert',Fraxinus pennsylvanica 'Zundert',latin_regex,latin spelling fix,NA
d78532f2-5945-4696-b579-25f307ca7e55,APPLIED_REGEX_RULE,traeart,Fraxinus pensylvanica 'Zundert',Fraxinus pennsylvanica 'Zundert',latin_regex,latin spelling fix,NA
925c88c2-c7a0-4b95-977b-f233014aaa61,APPLIED_REGEX_RULE,traeart,Fraxinus pensylvanica 'Zundert',Fraxinus pennsylvanica 'Zundert',latin_regex,latin spelling fix,NA
11a13313-ecde-4061-b493-291d38292fb5,APPLIED_REGEX_RULE,traeart,Fraxinus pensylvanica 'Zundert',Fraxinus pennsylvanica 'Zundert',latin_regex,latin spelling fix,NA
92be1dd0-77a2-445e-aae7-c44d6f847a1d,APPLIED_REGEX_RULE,traeart,Fraxinus pensylvanica 'Zundert',Fraxinus pennsylvanica 'Zundert',latin_regex,latin spelling fix,NA
0a1a7f9d-0fa7-4c37-b4cc-03ff107ba2c9,APPLIED_REGEX_RULE,traeart,Fraxinus pensylvanica 'Zundert',Fraxinus pennsylvanica 'Zundert',latin_regex,latin spelling fix,NA
db1746c6-2a5f-4a7b-8bfa-ffa24e545026,APPLIED_REGEX_RULE,traeart,Fraxinus pensylvanica 'Zundert',Fraxinus pennsylvanica 'Zundert',latin_regex,latin spelling fix,NA
95c61b3c-8b86-43e7-8b3d-73609d67ece9,APPLIED_REGEX_RULE,traeart,Fraxinus pensylvanica 'Zundert',Fraxinus pennsylvanica 'Zundert',latin_regex,latin spelling fix,NA
f3f6b4ef-b6f8-4be4-835e-5e051c9dc73a,APPLIED_REGEX_RULE,traeart,Fraxinus pensylvanica 'Zundert',Fraxinus pennsylvanica 'Zundert',latin_regex,latin spelling fix,NA
19e089cb-fde9-4b5a-8801-b9b902c0b02e,APPLIED_REGEX_RULE,traeart,Fraxinus pensylvanica 'Zundert',Fraxinus pennsylvanica 'Zundert',latin_regex,latin spelling fix,NA
7c6b7c20-64fc-4134-acbe-7ce8e3f7b0d2,APPLIED_REGEX_RULE,traeart,Fraxinus pensylvanica 'Zundert',Fraxinus pennsylvanica 'Zundert',latin_regex,latin spelling fix,NA
5fcf0fe8-ebf0-46ba-bf1d-8303a99ef3bc,APPLIED_REGEX_RULE,traeart,Fraxinus pensylvanica 'Zundert',Fraxinus pennsylvanica 'Zundert',latin_regex,latin spelling fix,NA
de565614-9372-4aea-9be5-92348c9011cb,APPLIED_REGEX_RULE,traeart,Fraxinus pensylvanica 'Zundert',Fraxinus pennsylvanica 'Zundert',latin_regex,latin spelling fix,NA
15749059-9977-4ff4-a560-00f90001b571,APPLIED_REGEX_RULE,traeart,Fraxinus pensylvanica 'Zundert',Fraxinus pennsylvanica 'Zundert',latin_regex,latin spelling fix,NA
40474a22-e7e9-471b-b7c0-684de90b8239,APPLIED_REGEX_RULE,traeart,Fraxinus pensylvanica 'Zundert',Fraxinus pennsylvanica 'Zundert',latin_regex,latin spelling fix,NA
331b270a-a2cc-49ce-a46d-2cb2436e1149,APPLIED_REGEX_RULE,traeart,Fraxinus pensylvanica 'Zundert',Fraxinus pennsylvanica 'Zundert',latin_regex,latin spelling fix,NA
8068079d-b664-43e6-9e3d-c63df694e0dc,APPLIED_REGEX_RULE,traeart,Fraxinus pensylvanica 'Zundert',Fraxinus pennsylvanica 'Zundert',latin_regex,latin spelling fix,NA
ddcea49f-2641-4d4f-9e69-c89aa655575f,APPLIED_REGEX_RULE,traeart,Fraxinus pensylvanica 'Zundert',Fraxinus pennsylvanica 'Zundert',latin_regex,latin spelling fix,NA
bd64a3de-7ba2-4c2f-b3f3-f7d82c23c491,APPLIED_REGEX_RULE,traeart,Fraxinus pensylvanica 'Zundert',Fraxinus pennsylvanica 'Zundert',latin_regex,latin spelling fix,NA
36ef4934-4663-41ec-8cc4-69fcc24ccfa8,APPLIED_REGEX_RULE,traeart,Fraxinus pensylvanica 'Zundert',Fraxinus pennsylvanica 'Zundert',latin_regex,latin spelling fix,NA
679472b4-2906-461b-b8d8-5cb41f821792,APPLIED_REGEX_RULE,traeart,Fraxinus pensylvanica 'Zundert',Fraxinus pennsylvanica 'Zundert',latin_regex,latin spelling fix,NA
337d9156-b1ae-43ad-993c-dd2e118f6861,APPLIED_REGEX_RULE,traeart,Fraxinus pensylvanica 'Zundert',Fraxinus pennsylvanica 'Zundert',latin_regex,latin spelling fix,NA
2bf34847-5349-4562-83d2-b51c6c6d5d59,APPLIED_REGEX_RULE,traeart,Fraxinus pensylvanica 'Zundert',Fraxinus pennsylvanica 'Zundert',latin_regex,latin spelling fix,NA
3e44f005-ef47-4100-9768-20e827c9368b,APPLIED_REGEX_RULE,traeart,Fraxinus pensylvanica 'Zundert',Fraxinus pennsylvanica 'Zundert',latin_regex,latin spelling fix,NA
bf2cc6fc-c024-4687-aae6-ca08ec155f9d,APPLIED_REGEX_RULE,traeart,Fraxinus pensylvanica 'Zundert',Fraxinus pennsylvanica 'Zundert',latin_regex,latin spelling fix,NA
f0a99c62-4dc9-427d-8c20-544a4b10c5e2,APPLIED_REGEX_RULE,traeart,Fraxinus pensylvanica 'Zundert',Fraxinus pennsylvanica 'Zundert',latin_regex,latin spelling fix,NA
77076cb2-117f-4c22-a442-34160e3acf3b,APPLIED_REGEX_RULE,traeart,Fraxinus pensylvanica 'Zundert',Fraxinus pennsylvanica 'Zundert',latin_regex,latin spelling fix,NA
ef3b1412-d9db-4344-92e6-2221868240a7,APPLIED_REGEX_RULE,traeart,Fraxinus pensylvanica 'Zundert',Fraxinus pennsylvanica 'Zundert',latin_regex,latin spelling fix,NA
7388efdc-e4e7-408e-bb0e-32b9649c1f9b,APPLIED_REGEX_RULE,traeart,Fraxinus pensylvanica 'Zundert',Fraxinus pennsylvanica 'Zundert',latin_regex,latin spelling fix,NA
10844c4c-a9d2-4c26-b967-128a2d3a68c2,APPLIED_REGEX_RULE,traeart,Fraxinus pensylvanica 'Zundert',Fraxinus pennsylvanica 'Zundert',latin_regex,latin spelling fix,NA
5d62bca1-e859-47aa-afea-c178f751902c,APPLIED_REGEX_RULE,traeart,Fraxinus pensylvanica 'Zundert',Fraxinus pennsylvanica 'Zundert',latin_regex,latin spelling fix,NA
381b2ef1-27b0-4a41-a3e5-8787f0b5c6f3,APPLIED_REGEX_RULE,traeart,Fraxinus pensylvanica 'Zundert',Fraxinus pennsylvanica 'Zundert',latin_regex,latin spelling fix,NA
d1b65c43-e1fb-4fc2-8eb4-3102b01f0561,APPLIED_REGEX_RULE,traeart,Fraxinus pensylvanica 'Zundert',Fraxinus pennsylvanica 'Zundert',latin_regex,latin spelling fix,NA
d4f3bf3e-ecca-41e4-bf47-a1beb176fe81,APPLIED_REGEX_RULE,traeart,Fraxinus pensylvanica 'Zundert',Fraxinus pennsylvanica 'Zundert',latin_regex,latin spelling fix,NA
822e3da6-367f-4365-a624-9a6ab96afb31,APPLIED_REGEX_RULE,traeart,Fraxinus pensylvanica 'Zundert',Fraxinus pennsylvanica 'Zundert',latin_regex,latin spelling fix,NA
0e4c6f90-4155-4306-8c9f-e4a69ab70ca3,APPLIED_REGEX_RULE,traeart,Fraxinus pensylvanica 'Zundert',Fraxinus pennsylvanica 'Zundert',latin_regex,latin spelling fix,NA
0e91f4f4-35cd-4d16-b48c-34453bcbd4f6,APPLIED_REGEX_RULE,traeart,Fraxinus pensylvanica 'Zundert',Fraxinus pennsylvanica 'Zundert',latin_regex,latin spelling fix,NA
46ea205d-9e52-4988-8348-c736fdf30328,APPLIED_REGEX_RULE,traeart,Fraxinus pensylvanica 'Zundert',Fraxinus pennsylvanica 'Zundert',latin_regex,latin spelling fix,NA
c14993a7-7b39-4b13-9d53-af441ec115d7,APPLIED_REGEX_RULE,traeart,Fraxinus pensylvanica 'Zundert',Fraxinus pennsylvanica 'Zundert',latin_regex,latin spelling fix,NA
3de6f8ba-483a-418d-9e43-edb4d80d3a14,APPLIED_REGEX_RULE,traeart,Fraxinus pensylvanica 'Zundert',Fraxinus pennsylvanica 'Zundert',latin_regex,latin spelling fix,NA
097b0b34-96ee-486a-8c7b-e20044a24719,APPLIED_REGEX_RULE,traeart,Fraxinus pensylvanica 'Zundert',Fraxinus pennsylvanica 'Zundert',latin_regex,latin spelling fix,NA
6c3c5ba4-67f0-467f-89f8-fc236fb7a84e,APPLIED_REGEX_RULE,traeart,Fraxinus pensylvanica 'Zundert',Fraxinus pennsylvanica 'Zundert',latin_regex,latin spelling fix,NA
68640cef-1f2e-4f68-84ac-f7c00e3ed7c3,APPLIED_REGEX_RULE,traeart,Fraxinus pensylvanica 'Zundert',Fraxinus pennsylvanica 'Zundert',latin_regex,latin spelling fix,NA
d2842fff-ada5-402d-9736-f5cfc03ebbd2,APPLIED_REGEX_RULE,traeart,Fraxinus pensylvanica 'Zundert',Fraxinus pennsylvanica 'Zundert',latin_regex,latin spelling fix,NA
daab8aee-601b-46a9-b922-8c237c0d8a93,APPLIED_REGEX_RULE,traeart,Fraxinus pensylvanica 'Zundert',Fraxinus pennsylvanica 'Zundert',latin_regex,latin spelling fix,NA
3e0c0d39-a34b-4e32-9a1e-39fcabfdfdbb,APPLIED_REGEX_RULE,traeart,Fraxinus pensylvanica 'Zundert',Fraxinus pennsylvanica 'Zundert',latin_regex,latin spelling fix,NA
9321826a-f1e8-4a5d-a9e1-f095a474b7d9,APPLIED_REGEX_RULE,traeart,Fraxinus pensylvanica 'Zundert',Fraxinus pennsylvanica 'Zundert',latin_regex,latin spelling fix,NA
00aacd33-b28e-4b01-b3f8-689a3da7d171,APPLIED_REGEX_RULE,traeart,Fraxinus pensylvanica 'Zundert',Fraxinus pennsylvanica 'Zundert',latin_regex,latin spelling fix,NA
443b8a00-dcd8-4f62-b58b-310c243b0242,APPLIED_REGEX_RULE,traeart,Fraxinus pensylvanica 'Zundert',Fraxinus pennsylvanica 'Zundert',latin_regex,latin spelling fix,NA
9066b83b-4b2a-49a9-8bc9-299b22758fa9,APPLIED_REGEX_RULE,traeart,Fraxinus pensylvanica 'Zundert',Fraxinus pennsylvanica 'Zundert',latin_regex,latin spelling fix,NA
6acb4fd5-d2fa-4e26-aae7-e4db076eb827,APPLIED_REGEX_RULE,traeart,Fraxinus pensylvanica 'Zundert',Fraxinus pennsylvanica 'Zundert',latin_regex,latin spelling fix,NA
548a0c09-2977-4769-8d1a-81ef52eeb498,APPLIED_REGEX_RULE,traeart,Fraxinus pensylvanica 'Zundert',Fraxinus pennsylvanica 'Zundert',latin_regex,latin spelling fix,NA
8f1efa3f-991e-428e-80c7-59236cc22370,APPLIED_REGEX_RULE,traeart,Fraxinus pensylvanica 'Zundert',Fraxinus pennsylvanica 'Zundert',latin_regex,latin spelling fix,NA
4eb1e067-71f4-4e27-9ec4-d4fb382e1369,APPLIED_REGEX_RULE,traeart,Fraxinus pensylvanica 'Zundert',Fraxinus pennsylvanica 'Zundert',latin_regex,latin spelling fix,NA
da6abe7c-0788-4e12-8b16-1957eaff79d4,APPLIED_REGEX_RULE,traeart,Fraxinus pensylvanica 'Zundert',Fraxinus pennsylvanica 'Zundert',latin_regex,latin spelling fix,NA
d8f8580b-5bb7-46a5-adc9-5852fe835b69,APPLIED_REGEX_RULE,traeart,Fraxinus pensylvanica 'Zundert',Fraxinus pennsylvanica 'Zundert',latin_regex,latin spelling fix,NA
6e001f34-6419-4bcb-a78b-4b7b602412dd,APPLIED_REGEX_RULE,traeart,Fraxinus pensylvanica 'Zundert',Fraxinus pennsylvanica 'Zundert',latin_regex,latin spelling fix,NA
8efb1800-fbe0-457b-b717-9e5e06c45a43,APPLIED_REGEX_RULE,traeart,Fraxinus pensylvanica 'Zundert',Fraxinus pennsylvanica 'Zundert',latin_regex,latin spelling fix,NA
ba478731-6f97-45e2-aae3-0fc6c8cad768,APPLIED_REGEX_RULE,traeart,Fraxinus pensylvanica 'Zundert',Fraxinus pennsylvanica 'Zundert',latin_regex,latin spelling fix,NA
a6bdcf8e-943f-47e0-b9c4-9d638feb1d85,APPLIED_REGEX_RULE,traeart,Fraxinus pensylvanica 'Zundert',Fraxinus pennsylvanica 'Zundert',latin_regex,latin spelling fix,NA
50887a02-f4da-4d40-8d85-e9306a8f5d5d,APPLIED_REGEX_RULE,traeart,Fraxinus pensylvanica 'Zundert',Fraxinus pennsylvanica 'Zundert',latin_regex,latin spelling fix,NA
c7f05d2b-fd22-418c-91ae-551853a6f2a2,APPLIED_REGEX_RULE,traeart,Fraxinus pensylvanica 'Zundert',Fraxinus pennsylvanica 'Zundert',latin_regex,latin spelling fix,NA
c3bf19fb-216e-4435-bd36-eef5d87370b0,APPLIED_REGEX_RULE,traeart,Fraxinus pensylvanica 'Zundert',Fraxinus pennsylvanica 'Zundert',latin_regex,latin spelling fix,NA
3b08c718-2454-4174-9789-9db3f15e4245,APPLIED_REGEX_RULE,traeart,Fraxinus pensylvanica 'Zundert',Fraxinus pennsylvanica 'Zundert',latin_regex,latin spelling fix,NA
b6130c7c-21aa-4705-8ce5-454d0e1a0989,APPLIED_REGEX_RULE,traeart,Fraxinus pensylvanica 'Zundert',Fraxinus pennsylvanica 'Zundert',latin_regex,latin spelling fix,NA
6b60e9fe-0698-4ec5-a36a-95f8e437070a,APPLIED_REGEX_RULE,traeart,Fraxinus pensylvanica 'Zundert',Fraxinus pennsylvanica 'Zundert',latin_regex,latin spelling fix,NA
19e53827-b4c3-4770-bb78-9f8d7b0d86c6,APPLIED_REGEX_RULE,traeart,Fraxinus pensylvanica 'Zundert',Fraxinus pennsylvanica 'Zundert',latin_regex,latin spelling fix,NA
2b9576b6-c0c4-4107-be33-70be0904a7dd,APPLIED_REGEX_RULE,traeart,Fraxinus pensylvanica 'Zundert',Fraxinus pennsylvanica 'Zundert',latin_regex,latin spelling fix,NA
c463634a-ba15-45c2-8db8-07f602196716,APPLIED_REGEX_RULE,traeart,Fraxinus pensylvanica 'Zundert',Fraxinus pennsylvanica 'Zundert',latin_regex,latin spelling fix,NA
f44cfbf8-f0f3-432d-bc20-804766f02388,APPLIED_REGEX_RULE,traeart,Fraxinus pensylvanica 'Zundert',Fraxinus pennsylvanica 'Zundert',latin_regex,latin spelling fix,NA
ee0e694d-39ba-46dc-b494-6200dcae2ab4,APPLIED_REGEX_RULE,traeart,Fraxinus pensylvanica 'Zundert',Fraxinus pennsylvanica 'Zundert',latin_regex,latin spelling fix,NA
c0ea4e20-4f9b-4023-a2ab-7d2d60f16366,APPLIED_REGEX_RULE,traeart,Fraxinus pensylvanica 'Zundert',Fraxinus pennsylvanica 'Zundert',latin_regex,latin spelling fix,NA
02dd0f55-1485-42de-94be-a1ae72f4ce44,APPLIED_REGEX_RULE,traeart,Fraxinus pensylvanica 'Zundert',Fraxinus pennsylvanica 'Zundert',latin_regex,latin spelling fix,NA
3ac7fd7f-ab24-46c6-85e2-eecfecba18d4,APPLIED_REGEX_RULE,traeart,Fraxinus pensylvanica 'Zundert',Fraxinus pennsylvanica 'Zundert',latin_regex,latin spelling fix,NA
a6f2a1ae-43ea-46b6-aba9-27a2c4f77495,APPLIED_REGEX_RULE,traeart,Fraxinus pensylvanica 'Zundert',Fraxinus pennsylvanica 'Zundert',latin_regex,latin spelling fix,NA
828e7496-381c-45a7-bece-4d6c5a65a65b,APPLIED_REGEX_RULE,traeart,Fraxinus pensylvanica 'Zundert',Fraxinus pennsylvanica 'Zundert',latin_regex,latin spelling fix,NA
b84a7d27-e06d-4a03-a86c-de6b0c655a37,APPLIED_REGEX_RULE,traeart,Fraxinus pensylvanica 'Zundert',Fraxinus pennsylvanica 'Zundert',latin_regex,latin spelling fix,NA
f6de7c81-c393-4feb-b9e1-86ec8b4e4b8f,APPLIED_REGEX_RULE,traeart,Fraxinus pensylvanica 'Zundert',Fraxinus pennsylvanica 'Zundert',latin_regex,latin spelling fix,NA
cec2f02c-14bc-4155-ac46-46d058fdc7ee,APPLIED_REGEX_RULE,traeart,Fraxinus pensylvanica 'Zundert',Fraxinus pennsylvanica 'Zundert',latin_regex,latin spelling fix,NA
6b2b67e4-5746-4bb1-9a0d-8d52718fe560,APPLIED_REGEX_RULE,traeart,Fraxinus pensylvanica 'Zundert',Fraxinus pennsylvanica 'Zundert',latin_regex,latin spelling fix,NA
7ae696b1-1a7c-47b3-a795-ba4b23288dcc,APPLIED_REGEX_RULE,traeart,Fraxinus pensylvanica 'Zundert',Fraxinus pennsylvanica 'Zundert',latin_regex,latin spelling fix,NA
5e04f854-7798-4020-ab7a-244802b1a03f,APPLIED_REGEX_RULE,traeart,Fraxinus pensylvanica 'Zundert',Fraxinus pennsylvanica 'Zundert',latin_regex,latin spelling fix,NA
a9c8a16f-9e0d-43f8-b84b-564a29bcefb7,APPLIED_REGEX_RULE,traeart,Fraxinus pensylvanica 'Zundert',Fraxinus pennsylvanica 'Zundert',latin_regex,latin spelling fix,NA
7f3c15ac-3652-4bb3-97b8-0eb60dbaa50f,APPLIED_REGEX_RULE,traeart,Fraxinus pensylvanica 'Zundert',Fraxinus pennsylvanica 'Zundert',latin_regex,latin spelling fix,NA
972264f6-66d9-48ba-86f2-412cce056bb6,APPLIED_REGEX_RULE,traeart,Fraxinus pensylvanica 'Zundert',Fraxinus pennsylvanica 'Zundert',latin_regex,latin spelling fix,NA
2f64cc5f-3da1-429c-9d5f-758d993f95f2,APPLIED_REGEX_RULE,traeart,Fraxinus pensylvanica 'Zundert',Fraxinus pennsylvanica 'Zundert',latin_regex,latin spelling fix,NA
5f0d700d-223f-42ac-b1e0-04ce9392c578,APPLIED_REGEX_RULE,traeart,Fraxinus pensylvanica 'Zundert',Fraxinus pennsylvanica 'Zundert',latin_regex,latin spelling fix,NA
c3ecc6d3-bdae-4f72-af88-df85f7d5e081,APPLIED_REGEX_RULE,traeart,Fraxinus pensylvanica 'Zundert',Fraxinus pennsylvanica 'Zundert',latin_regex,latin spelling fix,NA
4205bb52-7bc3-43ac-80fa-adf0ae3969c9,APPLIED_REGEX_RULE,traeart,Fraxinus pensylvanica 'Zundert',Fraxinus pennsylvanica 'Zundert',latin_regex,latin spelling fix,NA
a990dc47-7f14-4193-9e3d-50ebbffb3a96,APPLIED_REGEX_RULE,traeart,Fraxinus pensylvanica 'Zundert',Fraxinus pennsylvanica 'Zundert',latin_regex,latin spelling fix,NA
e33d9567-513d-4392-b958-d8ba4278f8ab,APPLIED_REGEX_RULE,traeart,Fraxinus pensylvanica 'Zundert',Fraxinus pennsylvanica 'Zundert',latin_regex,latin spelling fix,NA
64739043-d07a-40c2-8713-cbd3cc522b96,APPLIED_REGEX_RULE,traeart,Fraxinus pensylvanica 'Zundert',Fraxinus pennsylvanica 'Zundert',latin_regex,latin spelling fix,NA
16bfdd26-f724-4c18-a399-98c58f079ad5,APPLIED_REGEX_RULE,traeart,Fraxinus pensylvanica 'Zundert',Fraxinus pennsylvanica 'Zundert',latin_regex,latin spelling fix,NA
c9834c05-afa1-4e3a-bba4-7b2125d177db,APPLIED_REGEX_RULE,traeart,Fraxinus pensylvanica 'Zundert',Fraxinus pennsylvanica 'Zundert',latin_regex,latin spelling fix,NA
99f26fcb-af0d-4e91-87ee-1d03fe35cee9,APPLIED_REGEX_RULE,traeart,Fraxinus pensylvanica 'Zundert',Fraxinus pennsylvanica 'Zundert',latin_regex,latin spelling fix,NA
61c745be-a277-4607-80ab-3c58431e1893,APPLIED_REGEX_RULE,traeart,Fraxinus pensylvanica 'Zundert',Fraxinus pennsylvanica 'Zundert',latin_regex,latin spelling fix,NA
18e33742-dde1-47b3-bdf4-255372cecb10,APPLIED_REGEX_RULE,traeart,Fraxinus pensylvanica 'Zundert',Fraxinus pennsylvanica 'Zundert',latin_regex,latin spelling fix,NA
a5279ac2-60d6-4742-88f5-faccd1d872a1,APPLIED_REGEX_RULE,traeart,Fraxinus pensylvanica 'Zundert',Fraxinus pennsylvanica 'Zundert',latin_regex,latin spelling fix,NA
6c83054b-c019-4372-bf68-617b998c11f5,APPLIED_REGEX_RULE,traeart,Fraxinus pensylvanica 'Zundert',Fraxinus pennsylvanica 'Zundert',latin_regex,latin spelling fix,NA
e212e09b-74ae-4c41-b064-519e26624e02,APPLIED_REGEX_RULE,traeart,Fraxinus pensylvanica 'Zundert',Fraxinus pennsylvanica 'Zundert',latin_regex,latin spelling fix,NA
97ea083b-9e43-409d-a82f-9db772e762b9,APPLIED_REGEX_RULE,traeart,Fraxinus pensylvanica 'Zundert',Fraxinus pennsylvanica 'Zundert',latin_regex,latin spelling fix,NA
355824d3-cb5c-4c4f-93ce-0ae3f65edfce,APPLIED_REGEX_RULE,traeart,Fraxinus pensylvanica 'Zundert',Fraxinus pennsylvanica 'Zundert',latin_regex,latin spelling fix,NA
d4e60d9f-2120-48b8-a699-a1cc0814dc07,APPLIED_REGEX_RULE,traeart,Fraxinus pensylvanica 'Zundert',Fraxinus pennsylvanica 'Zundert',latin_regex,latin spelling fix,NA
0b045de5-3d7c-4339-9b85-8c7a71f114fd,APPLIED_REGEX_RULE,traeart,Fraxinus pensylvanica 'Zundert',Fraxinus pennsylvanica 'Zundert',latin_regex,latin spelling fix,NA
ab178c3d-f0d8-4a1c-bcc6-52fd98e305a4,APPLIED_REGEX_RULE,traeart,Fraxinus pensylvanica 'Zundert',Fraxinus pennsylvanica 'Zundert',latin_regex,latin spelling fix,NA
d7a00e99-6d5a-460b-b015-5c22d240b9ce,APPLIED_REGEX_RULE,traeart,Fraxinus pensylvanica 'Zundert',Fraxinus pennsylvanica 'Zundert',latin_regex,latin spelling fix,NA
29f71973-e832-4a47-81c3-44a2e4c75e3f,APPLIED_REGEX_RULE,traeart,Fraxinus pensylvanica 'Zundert',Fraxinus pennsylvanica 'Zundert',latin_regex,latin spelling fix,NA
379363f7-4d95-4f3d-afae-67aaff68ede9,APPLIED_REGEX_RULE,traeart,Fraxinus pensylvanica 'Zundert',Fraxinus pennsylvanica 'Zundert',latin_regex,latin spelling fix,NA
20b5c079-c216-41c9-90c7-7600a4778905,APPLIED_REGEX_RULE,traeart,Fraxinus pensylvanica 'Zundert',Fraxinus pennsylvanica 'Zundert',latin_regex,latin spelling fix,NA
164f45bb-5901-4569-a924-83b85e220ca8,APPLIED_REGEX_RULE,traeart,Fraxinus pensylvanica 'Zundert',Fraxinus pennsylvanica 'Zundert',latin_regex,latin spelling fix,NA
1d8bb6ab-138c-4fb3-85ad-157081f89608,APPLIED_REGEX_RULE,traeart,Fraxinus pensylvanica 'Zundert',Fraxinus pennsylvanica 'Zundert',latin_regex,latin spelling fix,NA
a314dea0-19cf-42ce-bf98-0beddf650a11,APPLIED_REGEX_RULE,traeart,Fraxinus pensylvanica 'Zundert',Fraxinus pennsylvanica 'Zundert',latin_regex,latin spelling fix,NA
9116fe47-828a-443b-975d-69b586117cd7,APPLIED_REGEX_RULE,traeart,Fraxinus pensylvanica 'Zundert',Fraxinus pennsylvanica 'Zundert',latin_regex,latin spelling fix,NA
7abd8244-6f3f-4cd2-be5e-c5f5e4b74e61,APPLIED_REGEX_RULE,traeart,Fraxinus pensylvanica 'Zundert',Fraxinus pennsylvanica 'Zundert',latin_regex,latin spelling fix,NA
3ffc20c9-3268-41d2-8854-d08fb748e4e2,APPLIED_REGEX_RULE,traeart,Fraxinus pensylvanica 'Zundert',Fraxinus pennsylvanica 'Zundert',latin_regex,latin spelling fix,NA
1d852bdd-ea08-483d-95eb-5f0b70e9dbb1,APPLIED_REGEX_RULE,traeart,Fraxinus pensylvanica 'Zundert',Fraxinus pennsylvanica 'Zundert',latin_regex,latin spelling fix,NA
5952e259-ca13-4ca0-99f7-9e8129cca04e,APPLIED_REGEX_RULE,traeart,Fraxinus pensylvanica 'Zundert',Fraxinus pennsylvanica 'Zundert',latin_regex,latin spelling fix,NA
89d137a9-f598-4a63-ae99-1b0d76647a5e,APPLIED_REGEX_RULE,traeart,Fraxinus pensylvanica 'Zundert',Fraxinus pennsylvanica 'Zundert',latin_regex,latin spelling fix,NA
fb777dc4-6ca1-47ad-880d-63af1543a74c,APPLIED_REGEX_RULE,traeart,Fraxinus pensylvanica 'Zundert',Fraxinus pennsylvanica 'Zundert',latin_regex,latin spelling fix,NA
5d998707-f0eb-4788-b6c0-6476ebc6f6e3,APPLIED_REGEX_RULE,traeart,Fraxinus pensylvanica 'Zundert',Fraxinus pennsylvanica 'Zundert',latin_regex,latin spelling fix,NA
e94d0838-f0d1-4f27-802c-59d045954e5e,APPLIED_REGEX_RULE,traeart,Fraxinus pensylvanica 'Zundert',Fraxinus pennsylvanica 'Zundert',latin_regex,latin spelling fix,NA
53772aba-ce77-4d22-a22b-bcafe8b37093,APPLIED_REGEX_RULE,traeart,Fraxinus pensylvanica 'Zundert',Fraxinus pennsylvanica 'Zundert',latin_regex,latin spelling fix,NA
12fe09a0-2378-4f97-b6d3-acebc4349ba8,APPLIED_REGEX_RULE,traeart,Fraxinus pensylvanica 'Zundert',Fraxinus pennsylvanica 'Zundert',latin_regex,latin spelling fix,NA
f06e80c2-85f4-4104-8a74-fe8ecd7b2a5a,APPLIED_REGEX_RULE,traeart,Fraxinus pensylvanica 'Zundert',Fraxinus pennsylvanica 'Zundert',latin_regex,latin spelling fix,NA
3c8dd944-7349-4bf8-8366-52bc319935e2,APPLIED_REGEX_RULE,traeart,Fraxinus pensylvanica 'Zundert',Fraxinus pennsylvanica 'Zundert',latin_regex,latin spelling fix,NA
f1d2e961-4627-400f-bc71-e7185776dc75,APPLIED_REGEX_RULE,traeart,Fraxinus pensylvanica 'Zundert',Fraxinus pennsylvanica 'Zundert',latin_regex,latin spelling fix,NA
f06719ed-6522-455a-9a0b-707265586ba6,APPLIED_REGEX_RULE,traeart,Fraxinus pensylvanica 'Zundert',Fraxinus pennsylvanica 'Zundert',latin_regex,latin spelling fix,NA
585146b7-3013-4782-a666-b886fec8f56b,APPLIED_REGEX_RULE,traeart,Fraxinus pensylvanica 'Zundert',Fraxinus pennsylvanica 'Zundert',latin_regex,latin spelling fix,NA
0d8ca38f-e9d2-47e1-a2af-374b3641bc17,APPLIED_REGEX_RULE,traeart,Fraxinus pensylvanica 'Zundert',Fraxinus pennsylvanica 'Zundert',latin_regex,latin spelling fix,NA
2eb508a8-c35e-44e2-9fb2-7f727abfdef7,APPLIED_REGEX_RULE,traeart,Fraxinus pensylvanica 'Zundert',Fraxinus pennsylvanica 'Zundert',latin_regex,latin spelling fix,NA
a682566c-9964-43f0-930d-3fb01884f815,APPLIED_REGEX_RULE,traeart,Fraxinus pensylvanica 'Zundert',Fraxinus pennsylvanica 'Zundert',latin_regex,latin spelling fix,NA
b4bcbb5c-a1a2-4e47-9902-dc76692bf186,APPLIED_REGEX_RULE,traeart,Fraxinus pensylvanica 'Zundert',Fraxinus pennsylvanica 'Zundert',latin_regex,latin spelling fix,NA
a89493dc-783a-4684-b91d-a36a9b1e9a6e,APPLIED_REGEX_RULE,traeart,Fraxinus pensylvanica 'Zundert',Fraxinus pennsylvanica 'Zundert',latin_regex,latin spelling fix,NA
960a6dc8-4052-4f34-96dd-61c759ca5478,APPLIED_REGEX_RULE,traeart,Fraxinus pensylvanica 'Zundert',Fraxinus pennsylvanica 'Zundert',latin_regex,latin spelling fix,NA
a1920ef9-45d2-4874-bae1-2b7a270ce00b,APPLIED_REGEX_RULE,traeart,Fraxinus pensylvanica 'Zundert',Fraxinus pennsylvanica 'Zundert',latin_regex,latin spelling fix,NA
5477ffc8-e955-4bf2-b5c5-f15a072c272a,APPLIED_REGEX_RULE,traeart,Fraxinus pensylvanica 'Zundert',Fraxinus pennsylvanica 'Zundert',latin_regex,latin spelling fix,NA
badea13d-8b33-4c8c-8297-89333c1c1c80,APPLIED_REGEX_RULE,traeart,Fraxinus pensylvanica 'Zundert',Fraxinus pennsylvanica 'Zundert',latin_regex,latin spelling fix,NA
42962d10-fab6-4999-974b-250799572f84,APPLIED_REGEX_RULE,traeart,Fraxinus pensylvanica 'Zundert',Fraxinus pennsylvanica 'Zundert',latin_regex,latin spelling fix,NA
02c7fd13-395c-4551-a473-8ba01e1b6889,APPLIED_REGEX_RULE,traeart,Fraxinus pensylvanica 'Zundert',Fraxinus pennsylvanica 'Zundert',latin_regex,latin spelling fix,NA
7fd7481b-0ba5-4c93-b39e-b7dece517943,APPLIED_REGEX_RULE,traeart,Fraxinus pensylvanica 'Zundert',Fraxinus pennsylvanica 'Zundert',latin_regex,latin spelling fix,NA
76c5da5b-dfb0-4b5f-95a3-6972b373874c,APPLIED_REGEX_RULE,traeart,Fraxinus pensylvanica 'Zundert',Fraxinus pennsylvanica 'Zundert',latin_regex,latin spelling fix,NA
470b02ec-36c0-4771-a7fb-414b65a7f7a8,APPLIED_REGEX_RULE,traeart,Fraxinus pensylvanica 'Zundert',Fraxinus pennsylvanica 'Zundert',latin_regex,latin spelling fix,NA
6e2ccb19-6811-4af8-8c16-e2ba0cd7ee4c,APPLIED_REGEX_RULE,traeart,Fraxinus pensylvanica 'Zundert',Fraxinus pennsylvanica 'Zundert',latin_regex,latin spelling fix,NA
9277468e-0344-4023-9fa9-4047014cfde0,APPLIED_REGEX_RULE,traeart,Fraxinus pensylvanica 'Zundert',Fraxinus pennsylvanica 'Zundert',latin_regex,latin spelling fix,NA
34326148-82bf-417d-a174-42c3b9f39666,APPLIED_REGEX_RULE,traeart,Fraxinus pensylvanica 'Zundert',Fraxinus pennsylvanica 'Zundert',latin_regex,latin spelling fix,NA
085dc78c-8ed7-43b8-be5e-d6f5785c1fc5,APPLIED_REGEX_RULE,traeart,Fraxinus pensylvanica 'Zundert',Fraxinus pennsylvanica 'Zundert',latin_regex,latin spelling fix,NA
fbcf42aa-b19b-48a5-b39f-bd2c8ffbf4b2,APPLIED_REGEX_RULE,traeart,Fraxinus pensylvanica 'Zundert',Fraxinus pennsylvanica 'Zundert',latin_regex,latin spelling fix,NA
3231a04f-bb0f-49a7-9464-5e800d0ca979,APPLIED_REGEX_RULE,traeart,Fraxinus pensylvanica 'Zundert',Fraxinus pennsylvanica 'Zundert',latin_regex,latin spelling fix,NA
76ab9bd9-86a7-489f-9ed0-52c0c9ea0922,APPLIED_REGEX_RULE,traeart,Fraxinus pensylvanica 'Zundert',Fraxinus pennsylvanica 'Zundert',latin_regex,latin spelling fix,NA
6886dc98-a2e9-4f83-b0a6-bf6c569ecc9d,APPLIED_REGEX_RULE,traeart,Fraxinus pensylvanica 'Zundert',Fraxinus pennsylvanica 'Zundert',latin_regex,latin spelling fix,NA
3e29926d-2b74-45c2-93af-cd2f3b8c7f11,APPLIED_REGEX_RULE,traeart,Fraxinus pensylvanica 'Zundert',Fraxinus pennsylvanica 'Zundert',latin_regex,latin spelling fix,NA
ec3fe496-deb3-457e-91b0-f23983e101e7,APPLIED_REGEX_RULE,traeart,Fraxinus pensylvanica 'Zundert',Fraxinus pennsylvanica 'Zundert',latin_regex,latin spelling fix,NA
cd661ff2-a989-429e-bced-3d020019da9d,APPLIED_REGEX_RULE,traeart,Fraxinus pensylvanica 'Zundert',Fraxinus pennsylvanica 'Zundert',latin_regex,latin spelling fix,NA
5091d11d-8209-4f49-878f-d4ce71a70b0b,APPLIED_REGEX_RULE,traeart,Fraxinus pensylvanica 'Zundert',Fraxinus pennsylvanica 'Zundert',latin_regex,latin spelling fix,NA
e2a4ffd1-c49e-493b-a84c-15ed9c4c537e,APPLIED_REGEX_RULE,traeart,Fraxinus pensylvanica 'Zundert',Fraxinus pennsylvanica 'Zundert',latin_regex,latin spelling fix,NA
8930e90c-e94f-402c-ae2f-2a018b7541ca,APPLIED_REGEX_RULE,traeart,Fraxinus pensylvanica 'Zundert',Fraxinus pennsylvanica 'Zundert',latin_regex,latin spelling fix,NA
dbf547b8-5079-467c-a26b-41a4a7c81ba4,APPLIED_REGEX_RULE,traeart,Fraxinus pensylvanica 'Zundert',Fraxinus pennsylvanica 'Zundert',latin_regex,latin spelling fix,NA
762410f5-d659-4afa-931f-62aa8e65d341,APPLIED_REGEX_RULE,traeart,Fraxinus pensylvanica 'Zundert',Fraxinus pennsylvanica 'Zundert',latin_regex,latin spelling fix,NA
77a41841-ee7a-41f5-bd7f-0bb81524d014,APPLIED_REGEX_RULE,traeart,Fraxinus pensylvanica 'Zundert',Fraxinus pennsylvanica 'Zundert',latin_regex,latin spelling fix,NA
d5748be9-c293-48cf-a42e-48dd128c5ccd,APPLIED_REGEX_RULE,traeart,Fraxinus pensylvanica 'Zundert',Fraxinus pennsylvanica 'Zundert',latin_regex,latin spelling fix,NA
872b0916-de62-48fd-a517-639c37c9d3ba,APPLIED_REGEX_RULE,traeart,Fraxinus pensylvanica 'Zundert',Fraxinus pennsylvanica 'Zundert',latin_regex,latin spelling fix,NA
cf64a9dd-1114-4dd2-a9a3-3db3b34b39d3,APPLIED_REGEX_RULE,traeart,Fraxinus pensylvanica 'Zundert',Fraxinus pennsylvanica 'Zundert',latin_regex,latin spelling fix,NA
a9a7d9a1-95f1-4067-8f3d-6f113879d3e2,APPLIED_REGEX_RULE,traeart,Fraxinus pensylvanica 'Zundert',Fraxinus pennsylvanica 'Zundert',latin_regex,latin spelling fix,NA
9840a4db-630c-4157-9b2a-7ed0c7b2088d,APPLIED_REGEX_RULE,traeart,Craetagus crus-galli var. Inermis,Crataegus crus-galli var. inermis,latin_regex,latin spelling fix,NA
9ae52eff-9835-4249-80bd-6516ac33908a,APPLIED_REGEX_RULE,traeart,Craetagus crus-galli var. Inermis,Crataegus crus-galli var. inermis,latin_regex,latin spelling fix,NA
ade78e15-c0e3-4b32-8c99-22a9d2f74ee8,APPLIED_REGEX_RULE,traeart,Craetagus crus-galli var. Inermis,Crataegus crus-galli var. inermis,latin_regex,latin spelling fix,NA
b2a89825-3d89-48bb-96ed-8fb902e9a742,APPLIED_REGEX_RULE,traeart,Craetagus crus-galli var. Inermis,Crataegus crus-galli var. inermis,latin_regex,latin spelling fix,NA
60678458-f791-40cf-af3b-68b90adea6d0,APPLIED_REGEX_RULE,traeart,Craetagus crus-galli var. Inermis,Crataegus crus-galli var. inermis,latin_regex,latin spelling fix,NA
2ef71d57-1aa4-411a-9e79-4847f125dcb6,APPLIED_REGEX_RULE,traeart,Betula albo sinensis,Betula albosinensis,latin_regex,latin compound word,NA
49a3867c-187e-4f92-bb6b-4fb480682f4a,APPLIED_REGEX_RULE,traeart,Acer freemanii 'Elegant',Acer hybr. freemanii 'Elegant',latin_regex,add hybrid marker,NA
a229cbaf-ce07-4ff2-9f5b-6e4afad6b1ea,APPLIED_REGEX_RULE,traeart,Acer freemanii 'Elegant',Acer hybr. freemanii 'Elegant',latin_regex,add hybrid marker,NA
a9692bfb-5f77-4cf4-95ac-c0c45762c331,APPLIED_REGEX_RULE,traeart,Acer freemanii 'Elegant',Acer hybr. freemanii 'Elegant',latin_regex,add hybrid marker,NA
601fbf85-5b8f-424d-97f2-ebdec20ceae4,APPLIED_REGEX_RULE,traeart,Acer freemanii 'Elegant',Acer hybr. freemanii 'Elegant',latin_regex,add hybrid marker,NA
09d85727-e215-4813-848a-952756ddae3d,APPLIED_REGEX_RULE,traeart,Acer freemanii 'Elegant',Acer hybr. freemanii 'Elegant',latin_regex,add hybrid marker,NA
615c52d3-a987-41a1-8f67-f1e9ae7931eb,APPLIED_REGEX_RULE,traeart,Acer freemanii 'Elegant',Acer hybr. freemanii 'Elegant',latin_regex,add hybrid marker,NA
6a24dd16-42b9-4dec-814f-7d052802087b,APPLIED_REGEX_RULE,traeart,Acer freemanii X,Acer hybr. freemanii,latin_regex,add hybrid marker,NA
c8125a6a-e0ce-4197-8cbd-bab53cac7a7d,APPLIED_REGEX_RULE,traeart,Acer freemanii X,Acer hybr. freemanii,latin_regex,add hybrid marker,NA
ad95d0fb-5c67-4ec6-a0a2-448b53573d7b,APPLIED_REGEX_RULE,traeart,Acer freemanii 'Elegant',Acer hybr. freemanii 'Elegant',latin_regex,add hybrid marker,NA
7696b7b1-af89-4cbf-9649-3ea7a8a81bd8,APPLIED_REGEX_RULE,traeart,Acer freemanii 'Elegant',Acer hybr. freemanii 'Elegant',latin_regex,add hybrid marker,NA
d54d153f-a42e-4c42-a6ff-a1143a4302cc,APPLIED_REGEX_RULE,traeart,Acer freemanii 'Elegant',Acer hybr. freemanii 'Elegant',latin_regex,add hybrid marker,NA
faaa8ccb-2626-4b70-a20f-319130ec0acd,APPLIED_REGEX_RULE,traeart,Acer freemanii 'Elegant',Acer hybr. freemanii 'Elegant',latin_regex,add hybrid marker,NA
ea2d3c47-8ec9-4920-814f-8e68e5b6d02c,APPLIED_REGEX_RULE,traeart,Acer freemanii 'Elegant',Acer hybr. freemanii 'Elegant',latin_regex,add hybrid marker,NA
0b1f4223-8587-466b-b71d-d2d3429f85c1,APPLIED_REGEX_RULE,traeart,Acer freemanii 'Elegant',Acer hybr. freemanii 'Elegant',latin_regex,add hybrid marker,NA
3bfb8e80-ad76-458f-a8ad-7ee8c5351926,APPLIED_REGEX_RULE,traeart,Acer freemanii 'Elegant',Acer hybr. freemanii 'Elegant',latin_regex,add hybrid marker,NA
d592067a-6d75-495c-a214-d74c20a766f3,APPLIED_REGEX_RULE,traeart,Acer freemanii 'Elegant',Acer hybr. freemanii 'Elegant',latin_regex,add hybrid marker,NA
437ed1d7-aa41-4747-a13c-18c3af39dd9d,APPLIED_REGEX_RULE,traeart,Acer freemanii 'Elegant',Acer hybr. freemanii 'Elegant',latin_regex,add hybrid marker,NA
1b1465f2-06a0-46e7-a44a-0bd6f5517c7f,APPLIED_REGEX_RULE,traeart,Acer freemanii 'Elegant',Acer hybr. freemanii 'Elegant',latin_regex,add hybrid marker,NA
1308c21e-39ea-4b43-9c07-39d4b2d78862,APPLIED_REGEX_RULE,traeart,Acer freemanii 'Elegant',Acer hybr. freemanii 'Elegant',latin_regex,add hybrid marker,NA
d98c082f-2834-4457-af2a-c0e4fcbd9754,APPLIED_REGEX_RULE,traeart,Acer freemanii 'Elegant',Acer hybr. freemanii 'Elegant',latin_regex,add hybrid marker,NA
14e34856-747f-4121-88a0-ee2cec45c19a,APPLIED_REGEX_RULE,traeart,Acer pseudoplatanoides 'Spaethii',Acer pseudoplatanus 'Spaethii',latin_regex,could also be platanoides,NA
857c9496-7cab-4ff7-be6c-ad1eece9caaa,APPLIED_REGEX_RULE,traeart,Acer pseudoplatanoides 'Spaethii',Acer pseudoplatanus 'Spaethii',latin_regex,could also be platanoides,NA
d8c402e4-b94d-4596-b133-3067430ea864,APPLIED_REGEX_RULE,traeart,Acer pseudoplatanoides 'Spaethii',Acer pseudoplatanus 'Spaethii',latin_regex,could also be platanoides,NA
444902ca-b203-48cb-b178-f3dd241c1d8d,APPLIED_REGEX_RULE,traeart,Acer pseudoplatanoides 'Spaethii',Acer pseudoplatanus 'Spaethii',latin_regex,could also be platanoides,NA
31e686aa-78f9-4ad3-badc-afc9255e41ca,APPLIED_REGEX_RULE,traeart,Acer pseudoplatanoides 'Spaethii',Acer pseudoplatanus 'Spaethii',latin_regex,could also be platanoides,NA
f06841b0-5184-4e06-b9d7-553939a70b28,APPLIED_REGEX_RULE,traeart,Acer pseudoplatanoides 'Spaethii',Acer pseudoplatanus 'Spaethii',latin_regex,could also be platanoides,NA
ae131c76-1444-4857-a94f-412af5b51e24,APPLIED_REGEX_RULE,traeart,Acer pseudoplatanoides 'Spaethii',Acer pseudoplatanus 'Spaethii',latin_regex,could also be platanoides,NA
6def47b4-b6da-4136-a354-0e98a96847d9,APPLIED_REGEX_RULE,traeart,Aesculus carnea,Aesculus hybr. carnea,latin_regex,add hybrid marker,NA
c4e5732a-50a1-4dde-9c8e-eaea0e0f835a,APPLIED_REGEX_RULE,traeart,Aesculus carnea,Aesculus hybr. carnea,latin_regex,add hybrid marker,NA
56400aa7-7ef3-4bce-a280-982a3771bc5b,APPLIED_REGEX_RULE,traeart,Aesculus carnea,Aesculus hybr. carnea,latin_regex,add hybrid marker,NA
91afef90-cad2-4015-8979-1c49ec884316,APPLIED_REGEX_RULE,traeart,Aesculus carnea,Aesculus hybr. carnea,latin_regex,add hybrid marker,NA
89c54c22-913f-4433-88a1-81f4f288dbb1,APPLIED_REGEX_RULE,traeart,Aesculus carnea,Aesculus hybr. carnea,latin_regex,add hybrid marker,NA
bd75b03b-ffa2-4ba3-9866-e82bf98999ee,APPLIED_REGEX_RULE,traeart,Aesculus carnea,Aesculus hybr. carnea,latin_regex,add hybrid marker,NA
ce428e2f-4e6f-4dc3-a7c4-9394e38b2011,APPLIED_REGEX_RULE,traeart,Aesculus carnea,Aesculus hybr. carnea,latin_regex,add hybrid marker,NA
bab62e8a-6ede-4ffa-aa76-40e2959baba9,APPLIED_REGEX_RULE,traeart,Aesculus carnea,Aesculus hybr. carnea,latin_regex,add hybrid marker,NA
2dd9080b-fb97-412f-a303-c6974147ba19,APPLIED_REGEX_RULE,traeart,Aesculus carnea,Aesculus hybr. carnea,latin_regex,add hybrid marker,NA
99ce438d-071d-4a7d-9ad6-63f66ee61ae8,APPLIED_REGEX_RULE,traeart,Aesculus carnea,Aesculus hybr. carnea,latin_regex,add hybrid marker,NA
c03aede7-a865-4020-b452-5cc1d917ce21,APPLIED_REGEX_RULE,traeart,Aesculus carnea,Aesculus hybr. carnea,latin_regex,add hybrid marker,NA
4d24f3ae-1b12-4cab-981b-78d784b9650d,APPLIED_REGEX_RULE,traeart,Aesculus carnea,Aesculus hybr. carnea,latin_regex,add hybrid marker,NA
d59f6e4e-3ff1-4a77-b2ea-380dd4c23e71,APPLIED_REGEX_RULE,traeart,Aesculus carnea,Aesculus hybr. carnea,latin_regex,add hybrid marker,NA
4a559b63-f695-41ce-9f49-6b15dc9116ff,APPLIED_REGEX_RULE,traeart,Aesculus carnea,Aesculus hybr. carnea,latin_regex,add hybrid marker,NA
e609566e-ca3c-4a0b-9398-15bfa7e573a1,APPLIED_REGEX_RULE,traeart,Aesculus carnea,Aesculus hybr. carnea,latin_regex,add hybrid marker,NA
1cf112bd-0f19-40a3-b2f6-9c666202fe36,APPLIED_REGEX_RULE,traeart,Aesculus carnea,Aesculus hybr. carnea,latin_regex,add hybrid marker,NA
f9c32cd3-960f-4f4f-a3bc-a41284002098,APPLIED_REGEX_RULE,traeart,Aesculus carnea,Aesculus hybr. carnea,latin_regex,add hybrid marker,NA
cd5fd357-36d5-4761-b1d0-b691aa5d9e19,APPLIED_REGEX_RULE,traeart,Aesculus carnea,Aesculus hybr. carnea,latin_regex,add hybrid marker,NA
f45aa153-447b-40e8-ac9b-61c6e7250362,APPLIED_REGEX_RULE,traeart,Aesculus carnea,Aesculus hybr. carnea,latin_regex,add hybrid marker,NA
a4622454-7d53-452c-972b-651acd897781,APPLIED_REGEX_RULE,traeart,Aesculus carnea,Aesculus hybr. carnea,latin_regex,add hybrid marker,NA
70743232-0051-4dbe-895c-46c30740fa16,APPLIED_REGEX_RULE,traeart,Aesculus carnea,Aesculus hybr. carnea,latin_regex,add hybrid marker,NA
73179dfb-8522-4967-a7d1-2ef4337b7691,APPLIED_REGEX_RULE,traeart,Aesculus hippoc. 'Baumannii',Aesculus hippocastanum 'Baumannii',latin_regex,latin expand abbrev.,NA
1722f3fc-4c5d-433d-ba05-62ec363094c2,APPLIED_REGEX_RULE,traeart,Aesculus hippoc. 'Baumannii',Aesculus hippocastanum 'Baumannii',latin_regex,latin expand abbrev.,NA
652b9c87-9aca-4d3d-8789-9f2d1a0409a0,APPLIED_REGEX_RULE,traeart,Aesculus hippoc. 'Baumannii',Aesculus hippocastanum 'Baumannii',latin_regex,latin expand abbrev.,NA
4e9aaa83-5776-42d2-9e70-0198a5f52365,APPLIED_REGEX_RULE,traeart,Aesculus hippoc. 'Baumannii',Aesculus hippocastanum 'Baumannii',latin_regex,latin expand abbrev.,NA
7681f900-4059-4f5d-8ca8-e876007f5f43,APPLIED_REGEX_RULE,traeart,Aesculus hippoc. 'Baumannii',Aesculus hippocastanum 'Baumannii',latin_regex,latin expand abbrev.,NA
9acdd0b7-ee17-430d-ba09-e103005aef7a,APPLIED_REGEX_RULE,traeart,Aesculus hippoc. 'Baumannii',Aesculus hippocastanum 'Baumannii',latin_regex,latin expand abbrev.,NA
2013f3e0-36a6-4a1d-a066-dcceee80986a,APPLIED_REGEX_RULE,traeart,Aesculus hippoc. 'Baumannii',Aesculus hippocastanum 'Baumannii',latin_regex,latin expand abbrev.,NA
2164f4c5-d335-408f-9e59-c54ef73d4cdb,APPLIED_REGEX_RULE,traeart,Aesculus hippoc. 'Baumannii',Aesculus hippocastanum 'Baumannii',latin_regex,latin expand abbrev.,NA
bd53b05b-bfe7-4d48-a9a7-e76c68eee0da,APPLIED_REGEX_RULE,traeart,Aesculus hippoc. 'Baumannii',Aesculus hippocastanum 'Baumannii',latin_regex,latin expand abbrev.,NA
aa149a42-e4e4-401e-a3fd-b20c14627e0b,APPLIED_REGEX_RULE,traeart,Aesculus hippoc. 'Baumannii',Aesculus hippocastanum 'Baumannii',latin_regex,latin expand abbrev.,NA
3f898bcb-a0a2-431a-ba47-6f79b87214f2,APPLIED_REGEX_RULE,traeart,Aesculus hippoc. 'Baumannii',Aesculus hippocastanum 'Baumannii',latin_regex,latin expand abbrev.,NA
39964c28-e9fa-4f0c-b080-bd0460efd16b,APPLIED_REGEX_RULE,traeart,Aesculus hippoc. 'Baumannii',Aesculus hippocastanum 'Baumannii',latin_regex,latin expand abbrev.,NA
8aa56af9-bcd5-4f7a-9329-46154dfa86a7,APPLIED_REGEX_RULE,traeart,Aesculus hippoc. 'Baumannii',Aesculus hippocastanum 'Baumannii',latin_regex,latin expand abbrev.,NA
8944f2f3-6050-40cb-b218-640a9b4be726,APPLIED_REGEX_RULE,traeart,Aesculus hippoc. 'Baumannii',Aesculus hippocastanum 'Baumannii',latin_regex,latin expand abbrev.,NA
17c32d14-b540-4bc8-9327-b5d7c9b91642,APPLIED_REGEX_RULE,traeart,Aesculus hippoc. 'Baumannii',Aesculus hippocastanum 'Baumannii',latin_regex,latin expand abbrev.,NA
6b2e57fc-df33-4406-a74b-6282de3dba14,APPLIED_REGEX_RULE,traeart,Aesculus hippoc. 'Baumannii',Aesculus hippocastanum 'Baumannii',latin_regex,latin expand abbrev.,NA
82f527c3-d224-4555-b444-4ea1eba39252,APPLIED_REGEX_RULE,traeart,Aesculus hippoc. 'Baumannii',Aesculus hippocastanum 'Baumannii',latin_regex,latin expand abbrev.,NA
6768502e-b7c8-4d98-aa27-c7cb03cef599,APPLIED_REGEX_RULE,traeart,Aesculus hippoc. 'Baumannii',Aesculus hippocastanum 'Baumannii',latin_regex,latin expand abbrev.,NA
48961a77-bfc1-4262-a6b6-04e989dcbcbe,APPLIED_REGEX_RULE,traeart,Aesculus hippoc. 'Baumannii',Aesculus hippocastanum 'Baumannii',latin_regex,latin expand abbrev.,NA
64e795c7-c7a8-4a4d-9de3-ee7a4e9f86ca,APPLIED_REGEX_RULE,traeart,Aesculus hippoc. 'Baumannii',Aesculus hippocastanum 'Baumannii',latin_regex,latin expand abbrev.,NA
3ce36fff-7489-4b05-bf3b-481f75a7a0e1,APPLIED_REGEX_RULE,traeart,Aesculus hippoc. 'Baumannii',Aesculus hippocastanum 'Baumannii',latin_regex,latin expand abbrev.,NA
09316895-aae8-4347-afad-893a52f9eb02,APPLIED_REGEX_RULE,traeart,Alnus spaethii,Alnus hybr. spaethii,latin_regex,add hybrid marker,NA
c9033196-4b48-4747-b508-ee64e60dec6d,APPLIED_REGEX_RULE,traeart,Alnus spaethii,Alnus hybr. spaethii,latin_regex,add hybrid marker,NA
c865c01d-4e01-49cd-b00f-8224fffaa353,APPLIED_REGEX_RULE,traeart,Alnus spaethii,Alnus hybr. spaethii,latin_regex,add hybrid marker,NA
57cfbe25-4f05-4f98-9c35-c8142af8f311,APPLIED_REGEX_RULE,traeart,Alnus spaethii,Alnus hybr. spaethii,latin_regex,add hybrid marker,NA
662eb946-8ff8-49de-aed2-54de276910d8,APPLIED_REGEX_RULE,traeart,Alnus spaethii,Alnus hybr. spaethii,latin_regex,add hybrid marker,NA
5b931588-879c-4524-8f1f-3de2aaf3e602,APPLIED_REGEX_RULE,traeart,Alnus spaethii,Alnus hybr. spaethii,latin_regex,add hybrid marker,NA
b9edff02-4640-45c1-9f46-17b88cd27ed1,APPLIED_REGEX_RULE,traeart,Alnus spaethii,Alnus hybr. spaethii,latin_regex,add hybrid marker,NA
e9c92998-5fda-4d8d-bf28-6ce23271c567,APPLIED_REGEX_RULE,traeart,Alnus spaethii,Alnus hybr. spaethii,latin_regex,add hybrid marker,NA
ebe652da-8ccd-4241-86ca-f4806b770139,APPLIED_REGEX_RULE,traeart,Alnus spaethii,Alnus hybr. spaethii,latin_regex,add hybrid marker,NA
37caa0ff-78bd-423f-824b-df21bb62e7ad,APPLIED_REGEX_RULE,traeart,Alnus spaethii,Alnus hybr. spaethii,latin_regex,add hybrid marker,NA
a8094723-01ca-42d5-b61e-b876d890d42e,APPLIED_REGEX_RULE,traeart,Alnus spaethii,Alnus hybr. spaethii,latin_regex,add hybrid marker,NA
f15b069c-5efd-4ca7-a0ef-7df0ab0c91eb,APPLIED_REGEX_RULE,traeart,Alnus spaethii,Alnus hybr. spaethii,latin_regex,add hybrid marker,NA
c8d23352-ac94-493d-96c8-9f1bf23e5237,APPLIED_REGEX_RULE,traeart,Alnus spaethii,Alnus hybr. spaethii,latin_regex,add hybrid marker,NA
d181bfaf-f601-4b0a-b94d-10432c984ab0,APPLIED_REGEX_RULE,traeart,Alnus spaethii,Alnus hybr. spaethii,latin_regex,add hybrid marker,NA
fefc724e-b5e8-460d-af97-7337110a9662,APPLIED_REGEX_RULE,traeart,Alnus spaethii,Alnus hybr. spaethii,latin_regex,add hybrid marker,NA
ff61234a-90ab-4e73-a02a-6070e59b4475,APPLIED_REGEX_RULE,traeart,Alnus spaethii,Alnus hybr. spaethii,latin_regex,add hybrid marker,NA
dbbf6350-d4f8-4020-a0d7-d47b04f085ce,APPLIED_REGEX_RULE,traeart,Alnus spaethii,Alnus hybr. spaethii,latin_regex,add hybrid marker,NA
85284ebc-5fd9-4683-af49-1236129e227b,APPLIED_REGEX_RULE,traeart,Alnus spaethii,Alnus hybr. spaethii,latin_regex,add hybrid marker,NA
ac50c512-7100-435b-8a32-462f94024fe3,APPLIED_REGEX_RULE,traeart,Alnus spaethii,Alnus hybr. spaethii,latin_regex,add hybrid marker,NA
8e7cf7d0-8137-4ecc-9f8f-629ce6fa1715,APPLIED_REGEX_RULE,traeart,Alnus spaethii,Alnus hybr. spaethii,latin_regex,add hybrid marker,NA
b42f7133-d50a-46ec-8512-495cacb8b334,APPLIED_REGEX_RULE,traeart,Alnus spaethii,Alnus hybr. spaethii,latin_regex,add hybrid marker,NA
ccd488ea-7a00-41ce-9ea3-990a9ea0cee0,APPLIED_REGEX_RULE,traeart,Alnus spaethii,Alnus hybr. spaethii,latin_regex,add hybrid marker,NA
31d75596-4a25-4b0b-a9a7-9c9fd67d7036,APPLIED_REGEX_RULE,traeart,Alnus spaethii,Alnus hybr. spaethii,latin_regex,add hybrid marker,NA
f2cb9b85-ebad-4d4e-8b6e-726fc2fe626c,APPLIED_REGEX_RULE,traeart,Alnus spaethii,Alnus hybr. spaethii,latin_regex,add hybrid marker,NA
74372878-af75-40a2-a936-777510114711,APPLIED_REGEX_RULE,traeart,Alnus spaethii,Alnus hybr. spaethii,latin_regex,add hybrid marker,NA
e714578f-1018-423e-9e56-513994220661,APPLIED_REGEX_RULE,traeart,Alnus spaethii,Alnus hybr. spaethii,latin_regex,add hybrid marker,NA
a8861e9b-007f-4c06-82d1-db6a2ef58979,APPLIED_REGEX_RULE,traeart,Alnus spaethii,Alnus hybr. spaethii,latin_regex,add hybrid marker,NA
8487f615-6905-4483-8837-b007051e75d1,APPLIED_REGEX_RULE,traeart,Alnus spaethii,Alnus hybr. spaethii,latin_regex,add hybrid marker,NA
40d0d045-9225-484e-9905-284da0b9958a,APPLIED_REGEX_RULE,traeart,Alnus spaethii,Alnus hybr. spaethii,latin_regex,add hybrid marker,NA
b0876d31-ab38-4054-aa1a-31e2e8f439ac,APPLIED_REGEX_RULE,traeart,Alnus spaethii,Alnus hybr. spaethii,latin_regex,add hybrid marker,NA
293c2fe5-e657-4ae4-af5e-92dc5e5ff2b3,APPLIED_REGEX_RULE,traeart,Alnus spaethii,Alnus hybr. spaethii,latin_regex,add hybrid marker,NA
772b5612-86be-4565-a0e7-e63866e5b065,APPLIED_REGEX_RULE,traeart,Alnus spaethii,Alnus hybr. spaethii,latin_regex,add hybrid marker,NA
110a34f0-9c01-4070-ad0d-3f3d77b48910,APPLIED_REGEX_RULE,traeart,Alnus spaethii,Alnus hybr. spaethii,latin_regex,add hybrid marker,NA
5fb0f6a7-d07a-461e-ba19-83bac0af9f1e,APPLIED_REGEX_RULE,traeart,Alnus spaethii,Alnus hybr. spaethii,latin_regex,add hybrid marker,NA
244d49f5-cf5b-4c7a-9255-0de96f7f3d91,APPLIED_REGEX_RULE,traeart,Alnus spaethii,Alnus hybr. spaethii,latin_regex,add hybrid marker,NA
99334158-6398-4fd9-94c5-47914c92035a,APPLIED_REGEX_RULE,traeart,Alnus spaethii,Alnus hybr. spaethii,latin_regex,add hybrid marker,NA
ddb32630-793d-4f05-bc6e-e38da116be21,APPLIED_REGEX_RULE,traeart,Alnus spaethii,Alnus hybr. spaethii,latin_regex,add hybrid marker,NA
67bf0b7e-c399-41fa-8141-4c1080a09c2f,APPLIED_REGEX_RULE,traeart,Alnus spaethii,Alnus hybr. spaethii,latin_regex,add hybrid marker,NA
a3045ef3-c9c1-4116-9526-a1ada6fc73e1,APPLIED_REGEX_RULE,traeart,Alnus spaethii,Alnus hybr. spaethii,latin_regex,add hybrid marker,NA
3a60afbb-e9df-41cb-91d9-8ace6df30dff,APPLIED_REGEX_RULE,traeart,Alnus spaethii,Alnus hybr. spaethii,latin_regex,add hybrid marker,NA
0ef2b007-08c8-47d3-b531-0fe739f674fe,APPLIED_REGEX_RULE,traeart,Alnus spaethii,Alnus hybr. spaethii,latin_regex,add hybrid marker,NA
00e2ea9a-0bfb-46f0-9f52-a05dfd5a2e40,APPLIED_REGEX_RULE,traeart,Alnus spaethii,Alnus hybr. spaethii,latin_regex,add hybrid marker,NA
cfba0314-7f5b-41f8-bb4f-166685dbb186,APPLIED_REGEX_RULE,traeart,Alnus spaethii,Alnus hybr. spaethii,latin_regex,add hybrid marker,NA
cdc7d877-a17c-4656-8d78-32cf8f595f88,APPLIED_REGEX_RULE,traeart,Alnus spaethii,Alnus hybr. spaethii,latin_regex,add hybrid marker,NA
e1d0ffa8-b9aa-4eda-b206-8858902fdde1,APPLIED_REGEX_RULE,traeart,Alnus spaethii,Alnus hybr. spaethii,latin_regex,add hybrid marker,NA
8bb62042-8693-4ca5-b869-af50e22a1681,APPLIED_REGEX_RULE,traeart,Alnus spaethii,Alnus hybr. spaethii,latin_regex,add hybrid marker,NA
5444d683-b5d8-4eb4-bc6b-09c5dbf49121,APPLIED_REGEX_RULE,traeart,Alnus spaethii,Alnus hybr. spaethii,latin_regex,add hybrid marker,NA
53c67d0c-4600-4a9e-8240-d8901d42a84c,APPLIED_REGEX_RULE,traeart,Alnus spaethii,Alnus hybr. spaethii,latin_regex,add hybrid marker,NA
645212e2-f01b-4d0c-a2fe-7b398ed6ad39,APPLIED_REGEX_RULE,traeart,Alnus spaethii,Alnus hybr. spaethii,latin_regex,add hybrid marker,NA
ef8672b1-e846-43f6-9a8d-c72585c43940,APPLIED_REGEX_RULE,traeart,Alnus spaethii,Alnus hybr. spaethii,latin_regex,add hybrid marker,NA
ddf85a01-ddc9-4515-bbae-0f211b9b54c2,APPLIED_REGEX_RULE,traeart,Alnus spaethii,Alnus hybr. spaethii,latin_regex,add hybrid marker,NA
5e6d5de9-6669-42d2-89a3-b7157946fd74,APPLIED_REGEX_RULE,traeart,Alnus spaethii,Alnus hybr. spaethii,latin_regex,add hybrid marker,NA
f1afc9ff-dbaa-4422-8cc3-0de5b01fe9a6,APPLIED_REGEX_RULE,traeart,Alnus spaethii,Alnus hybr. spaethii,latin_regex,add hybrid marker,NA
dc6e0829-c9e2-4516-8795-a7de4698bfab,APPLIED_REGEX_RULE,traeart,Alnus spaethii,Alnus hybr. spaethii,latin_regex,add hybrid marker,NA
4ca4b180-cf68-4807-aa14-7186433de975,APPLIED_REGEX_RULE,traeart,Alnus spaethii,Alnus hybr. spaethii,latin_regex,add hybrid marker,NA
222732d4-0691-46c6-9920-ff9e907d6640,APPLIED_REGEX_RULE,traeart,Alnus spaethii,Alnus hybr. spaethii,latin_regex,add hybrid marker,NA
f99d9eab-c086-42af-a158-cb193408346d,APPLIED_REGEX_RULE,traeart,Alnus spaethii,Alnus hybr. spaethii,latin_regex,add hybrid marker,NA
a7f6e646-3e8e-4dfe-ad9a-30b69feb66e5,APPLIED_REGEX_RULE,traeart,Alnus spaethii,Alnus hybr. spaethii,latin_regex,add hybrid marker,NA
385e75b4-8330-43aa-a843-81b6e5b5166e,APPLIED_REGEX_RULE,traeart,Alnus spaethii,Alnus hybr. spaethii,latin_regex,add hybrid marker,NA
834bcd92-159d-40bb-bd94-9e2057169a5a,APPLIED_REGEX_RULE,traeart,Alnus spaethii,Alnus hybr. spaethii,latin_regex,add hybrid marker,NA
6f2d7419-62d1-4a6f-80b7-0c2792d67bdb,APPLIED_REGEX_RULE,traeart,Alnus spaethii,Alnus hybr. spaethii,latin_regex,add hybrid marker,NA
bf9a259d-027e-4a5d-a185-bc32a89d2a0e,APPLIED_REGEX_RULE,traeart,Alnus spaethii,Alnus hybr. spaethii,latin_regex,add hybrid marker,NA
3074c034-f4f3-49ff-aa8b-08fa37681029,APPLIED_REGEX_RULE,traeart,Alnus spaethii,Alnus hybr. spaethii,latin_regex,add hybrid marker,NA
662c5db3-1e0e-48d8-b3db-0fce0d897e0d,APPLIED_REGEX_RULE,traeart,Alnus spaethii,Alnus hybr. spaethii,latin_regex,add hybrid marker,NA
e0e70d59-1c5a-43f6-bae1-28f4598968c3,APPLIED_REGEX_RULE,traeart,Alnus spaethii,Alnus hybr. spaethii,latin_regex,add hybrid marker,NA
ca45242a-afc8-4229-963e-2038738ec2ed,APPLIED_REGEX_RULE,traeart,Alnus spaethii,Alnus hybr. spaethii,latin_regex,add hybrid marker,NA
0e5b0e1b-4bbe-493a-8d3d-7ae9e9dcb564,APPLIED_REGEX_RULE,traeart,Alnus spaethii,Alnus hybr. spaethii,latin_regex,add hybrid marker,NA
2a752f4d-51c8-4c33-a557-d4186f9ce7ce,APPLIED_REGEX_RULE,traeart,Alnus spaethii,Alnus hybr. spaethii,latin_regex,add hybrid marker,NA
f24a490a-4698-4ec8-ab6e-18dd97851307,APPLIED_REGEX_RULE,traeart,Alnus spaethii,Alnus hybr. spaethii,latin_regex,add hybrid marker,NA
0522ee74-27fd-487a-9f10-09f38fc502c9,APPLIED_REGEX_RULE,traeart,Alnus spaethii,Alnus hybr. spaethii,latin_regex,add hybrid marker,NA
4a358975-8a9a-4c22-8790-702910213489,APPLIED_REGEX_RULE,traeart,Alnus spaethii,Alnus hybr. spaethii,latin_regex,add hybrid marker,NA
a98f38b4-a287-4de4-91f1-4dda2025d20a,APPLIED_REGEX_RULE,traeart,Alnus spaethii,Alnus hybr. spaethii,latin_regex,add hybrid marker,NA
fd3c8f04-eee3-4d25-9a83-556426dc419b,APPLIED_REGEX_RULE,traeart,Alnus spaethii,Alnus hybr. spaethii,latin_regex,add hybrid marker,NA
6749a94c-2e91-4ae6-a185-531d01ead508,APPLIED_REGEX_RULE,traeart,Alnus spaethii,Alnus hybr. spaethii,latin_regex,add hybrid marker,NA
ae9fc5f7-2977-4aed-a835-45720a5439d7,APPLIED_REGEX_RULE,traeart,Alnus spaethii,Alnus hybr. spaethii,latin_regex,add hybrid marker,NA
dbd4a303-59d8-42db-a0bc-e75515a3b8f1,APPLIED_REGEX_RULE,traeart,Alnus spaethii,Alnus hybr. spaethii,latin_regex,add hybrid marker,NA
26b40a31-b5a1-40cd-8391-5be9c982f3ad,APPLIED_REGEX_RULE,traeart,Alnus spaethii,Alnus hybr. spaethii,latin_regex,add hybrid marker,NA
d4f9f842-bdb6-4e65-9ff1-c722658e845d,APPLIED_REGEX_RULE,traeart,Alnus spaethii,Alnus hybr. spaethii,latin_regex,add hybrid marker,NA
fbeb9bbe-7daf-4e21-8e24-e9bbce4ad325,APPLIED_REGEX_RULE,traeart,Alnus spaethii,Alnus hybr. spaethii,latin_regex,add hybrid marker,NA
693d9175-d755-48e6-938d-890aae27ffc1,APPLIED_REGEX_RULE,traeart,Alnus spaethii,Alnus hybr. spaethii,latin_regex,add hybrid marker,NA
6dcd00e1-8962-4319-a063-3d2065b1b339,APPLIED_REGEX_RULE,traeart,Alnus spaethii,Alnus hybr. spaethii,latin_regex,add hybrid marker,NA
a9d377e2-13a5-46c0-86e7-6df22d5a9fbf,APPLIED_REGEX_RULE,traeart,Alnus spaethii,Alnus hybr. spaethii,latin_regex,add hybrid marker,NA
490529ec-4468-4b83-87cd-ee180cbd48f8,APPLIED_REGEX_RULE,traeart,Alnus spaethii,Alnus hybr. spaethii,latin_regex,add hybrid marker,NA
c8402fa4-94db-4fa4-ae84-e89f58fe58e9,APPLIED_REGEX_RULE,traeart,Alnus spaethii,Alnus hybr. spaethii,latin_regex,add hybrid marker,NA
887874a3-9f99-427d-9606-65380cdd2547,APPLIED_REGEX_RULE,traeart,Alnus spaethii,Alnus hybr. spaethii,latin_regex,add hybrid marker,NA
867abae7-2fbd-495d-9ecf-a8a3da6a9b78,APPLIED_REGEX_RULE,traeart,Alnus spaethii,Alnus hybr. spaethii,latin_regex,add hybrid marker,NA
89c4e934-8e42-4d3f-91cc-e4635387f5ec,APPLIED_REGEX_RULE,traeart,Alnus spaethii,Alnus hybr. spaethii,latin_regex,add hybrid marker,NA
7f38dae2-96fe-4ad9-b1cc-5f4becc0bded,APPLIED_REGEX_RULE,traeart,Alnus spaethii,Alnus hybr. spaethii,latin_regex,add hybrid marker,NA
5ccba81c-e156-4d58-b269-6b16e738976d,APPLIED_REGEX_RULE,traeart,Alnus spaethii,Alnus hybr. spaethii,latin_regex,add hybrid marker,NA
814f3bf9-e1c9-4026-a5ef-efa1355e4b28,APPLIED_REGEX_RULE,traeart,Alnus spaethii,Alnus hybr. spaethii,latin_regex,add hybrid marker,NA
e4752d7b-5cfc-4f9b-a1c6-eaa1b637d7d2,APPLIED_REGEX_RULE,traeart,Alnus spaethii,Alnus hybr. spaethii,latin_regex,add hybrid marker,NA
83f2b418-9d71-4467-a45d-ca4f41ace9f5,APPLIED_REGEX_RULE,traeart,Alnus spaethii,Alnus hybr. spaethii,latin_regex,add hybrid marker,NA
2abffab5-4c7c-4469-97a6-6fffe59a1020,APPLIED_REGEX_RULE,traeart,Alnus spaethii,Alnus hybr. spaethii,latin_regex,add hybrid marker,NA
1094055a-f4df-4a90-b7b0-2d4a9bce1a24,APPLIED_REGEX_RULE,traeart,Alnus spaethii,Alnus hybr. spaethii,latin_regex,add hybrid marker,NA
2e7295f3-34cb-4b22-a572-7e9bf36af4c1,APPLIED_REGEX_RULE,traeart,Alnus spaethii,Alnus hybr. spaethii,latin_regex,add hybrid marker,NA
f4ecf282-4f58-486d-944f-3b284e8637ee,APPLIED_REGEX_RULE,traeart,Alnus spaethii,Alnus hybr. spaethii,latin_regex,add hybrid marker,NA
520f2325-0e20-4e67-acab-37e22ed89ba1,APPLIED_REGEX_RULE,traeart,Alnus spaethii,Alnus hybr. spaethii,latin_regex,add hybrid marker,NA
ffbeaa98-cc05-44be-a21e-9ef2c8c99284,APPLIED_REGEX_RULE,traeart,Alnus spaethii,Alnus hybr. spaethii,latin_regex,add hybrid marker,NA
d22193fc-92d4-45fa-9e14-4f0067b83020,APPLIED_REGEX_RULE,traeart,Alnus spaethii,Alnus hybr. spaethii,latin_regex,add hybrid marker,NA
9146680a-b73a-4b0e-8a1c-4830c855577e,APPLIED_REGEX_RULE,traeart,Alnus spaethii,Alnus hybr. spaethii,latin_regex,add hybrid marker,NA
a0e248f9-4ffd-4000-9aba-3eedba2aea7d,APPLIED_REGEX_RULE,traeart,Alnus spaethii,Alnus hybr. spaethii,latin_regex,add hybrid marker,NA
c13a5ffe-5dec-4745-92ed-f7df53b27c9e,APPLIED_REGEX_RULE,traeart,Alnus spaethii,Alnus hybr. spaethii,latin_regex,add hybrid marker,NA
67a20306-937d-4935-a308-f3aac9f0389d,APPLIED_REGEX_RULE,traeart,Alnus spaethii,Alnus hybr. spaethii,latin_regex,add hybrid marker,NA
36feecbb-db0b-449d-a63a-cbfbd11e7ee6,APPLIED_REGEX_RULE,traeart,Alnus spaethii,Alnus hybr. spaethii,latin_regex,add hybrid marker,NA
2d1fba09-2b8e-4f56-8fca-e5b718e05b17,APPLIED_REGEX_RULE,traeart,Alnus spaethii,Alnus hybr. spaethii,latin_regex,add hybrid marker,NA
3effd355-a4e9-4dae-9c35-b5de1b5b84c7,APPLIED_REGEX_RULE,traeart,Alnus spaethii,Alnus hybr. spaethii,latin_regex,add hybrid marker,NA
0ad5e0de-bf82-44e0-a5aa-9d8c61b280c1,APPLIED_REGEX_RULE,traeart,Alnus spaethii,Alnus hybr. spaethii,latin_regex,add hybrid marker,NA
774fb41d-4636-4609-92b3-f03e5f8a71bf,APPLIED_REGEX_RULE,traeart,Alnus spaethii,Alnus hybr. spaethii,latin_regex,add hybrid marker,NA
0c7d20fb-f794-4536-a7a8-2d7ca3287839,APPLIED_REGEX_RULE,traeart,Alnus spaethii,Alnus hybr. spaethii,latin_regex,add hybrid marker,NA
b03cb865-1b42-423a-aaa5-c6d6e24605c6,APPLIED_REGEX_RULE,traeart,Alnus spaethii,Alnus hybr. spaethii,latin_regex,add hybrid marker,NA
18f762fd-a248-493e-b054-821a1ab4c684,APPLIED_REGEX_RULE,traeart,Alnus spaethii,Alnus hybr. spaethii,latin_regex,add hybrid marker,NA
4268b8c1-ceb0-4f60-afbd-09f1cdc2e348,APPLIED_REGEX_RULE,traeart,Alnus spaethii,Alnus hybr. spaethii,latin_regex,add hybrid marker,NA
2247458e-99ad-47cf-b1fb-f01298a9ad4e,APPLIED_REGEX_RULE,traeart,Alnus spaethii,Alnus hybr. spaethii,latin_regex,add hybrid marker,NA
1c6f5af1-7016-41fd-81a3-464388d4b37d,APPLIED_REGEX_RULE,traeart,Alnus spaethii,Alnus hybr. spaethii,latin_regex,add hybrid marker,NA
f19c152d-8cc3-4487-8ff2-330cb7631601,APPLIED_REGEX_RULE,traeart,Alnus spaethii,Alnus hybr. spaethii,latin_regex,add hybrid marker,NA
bd1cf565-01cf-4387-ac5f-4dd7491d3697,APPLIED_REGEX_RULE,traeart,Alnus spaethii,Alnus hybr. spaethii,latin_regex,add hybrid marker,NA
c75060e1-3e37-4483-bc3a-0d075d39ed22,APPLIED_REGEX_RULE,traeart,Alnus spaethii,Alnus hybr. spaethii,latin_regex,add hybrid marker,NA
f6161e55-a441-4ec7-878d-42752e22a216,APPLIED_REGEX_RULE,traeart,Alnus spaethii,Alnus hybr. spaethii,latin_regex,add hybrid marker,NA
ffd2c381-f60e-41f7-93af-c6a5ca9f5386,APPLIED_REGEX_RULE,traeart,Alnus spaethii,Alnus hybr. spaethii,latin_regex,add hybrid marker,NA
27b2c027-76ba-4404-86a7-316a47a570af,APPLIED_REGEX_RULE,traeart,Alnus spaethii,Alnus hybr. spaethii,latin_regex,add hybrid marker,NA
61a48f64-f161-4fa3-8e1b-c5127ee3e5cd,APPLIED_REGEX_RULE,traeart,Alnus spaethii,Alnus hybr. spaethii,latin_regex,add hybrid marker,NA
16c08b69-21d7-4164-9042-3969ee47c17e,APPLIED_REGEX_RULE,traeart,Alnus spaethii,Alnus hybr. spaethii,latin_regex,add hybrid marker,NA
c695a82e-06d9-4e23-8501-e766a3da91c3,APPLIED_REGEX_RULE,traeart,Alnus spaethii,Alnus hybr. spaethii,latin_regex,add hybrid marker,NA
2cf1cea1-1f34-4ee5-88f7-00394b6f1b8a,APPLIED_REGEX_RULE,traeart,Alnus spaethii,Alnus hybr. spaethii,latin_regex,add hybrid marker,NA
01469f90-1e45-4bff-9ced-0bc2cba93f5d,APPLIED_REGEX_RULE,traeart,Alnus spaethii,Alnus hybr. spaethii,latin_regex,add hybrid marker,NA
b7ca7213-2526-4d49-91f7-a2a42aa9879c,APPLIED_REGEX_RULE,traeart,Alnus spaethii,Alnus hybr. spaethii,latin_regex,add hybrid marker,NA
9ffe6dd2-8568-44a3-a306-5556312d144c,APPLIED_REGEX_RULE,traeart,Alnus spaethii,Alnus hybr. spaethii,latin_regex,add hybrid marker,NA
a64a2e3b-e4ac-4383-8994-448ac56e88f9,APPLIED_REGEX_RULE,traeart,Alnus spaethii,Alnus hybr. spaethii,latin_regex,add hybrid marker,NA
266a7252-5c75-408a-930d-cabf7d744b80,APPLIED_REGEX_RULE,traeart,Alnus spaethii,Alnus hybr. spaethii,latin_regex,add hybrid marker,NA
51887c54-8314-4e1e-9c1a-8c46e828491f,APPLIED_REGEX_RULE,traeart,Alnus spaethii,Alnus hybr. spaethii,latin_regex,add hybrid marker,NA
83279d5b-b193-44d4-9f40-f118b0bad140,APPLIED_REGEX_RULE,traeart,Alnus spaethii,Alnus hybr. spaethii,latin_regex,add hybrid marker,NA
4a86101e-4147-48f7-b57d-16fe20fa39bc,APPLIED_REGEX_RULE,traeart,Alnus spaethii,Alnus hybr. spaethii,latin_regex,add hybrid marker,NA
930cdb4d-cfed-461b-b148-ca3c0744bf37,APPLIED_REGEX_RULE,traeart,Alnus spaethii,Alnus hybr. spaethii,latin_regex,add hybrid marker,NA
fa1e2ab7-0989-4cdb-b3b5-6da38eafb1fb,APPLIED_REGEX_RULE,traeart,Alnus spaethii,Alnus hybr. spaethii,latin_regex,add hybrid marker,NA
70b6509f-769b-4d41-bd40-65e5719b3cf1,APPLIED_REGEX_RULE,traeart,Alnus spaethii,Alnus hybr. spaethii,latin_regex,add hybrid marker,NA
eca284ee-bb86-46e0-ada4-b134df90bb64,APPLIED_REGEX_RULE,traeart,Alnus spaethii,Alnus hybr. spaethii,latin_regex,add hybrid marker,NA
463a4e66-c239-4f2d-b854-8ce8cfb39dbf,APPLIED_REGEX_RULE,traeart,Alnus spaethii,Alnus hybr. spaethii,latin_regex,add hybrid marker,NA
652096ae-0c13-4e37-9c59-9fd3e1bea36b,APPLIED_REGEX_RULE,traeart,Alnus spaethii,Alnus hybr. spaethii,latin_regex,add hybrid marker,NA
b581c0db-0d4c-45fa-915b-97cee5fd4155,APPLIED_REGEX_RULE,traeart,Alnus spaethii,Alnus hybr. spaethii,latin_regex,add hybrid marker,NA
a0052aa1-6ea5-4a47-ba88-33abf0e4f96d,APPLIED_REGEX_RULE,traeart,Alnus spaethii,Alnus hybr. spaethii,latin_regex,add hybrid marker,NA
7e52ef7f-0e44-4963-af5a-2c1f1207f67a,APPLIED_REGEX_RULE,traeart,Alnus spaethii,Alnus hybr. spaethii,latin_regex,add hybrid marker,NA
bec30d07-0c6e-4996-adfb-c0a20819712e,APPLIED_REGEX_RULE,traeart,Alnus spaethii,Alnus hybr. spaethii,latin_regex,add hybrid marker,NA
444a5424-895c-421e-810b-6dafc6a59540,APPLIED_REGEX_RULE,traeart,Alnus spaethii,Alnus hybr. spaethii,latin_regex,add hybrid marker,NA
6b8cae40-ca4e-4848-8386-91f8abf044f9,APPLIED_REGEX_RULE,traeart,Alnus spaethii,Alnus hybr. spaethii,latin_regex,add hybrid marker,NA
76159310-3339-40d3-ad03-c963f59a440e,APPLIED_REGEX_RULE,traeart,Alnus spaethii,Alnus hybr. spaethii,latin_regex,add hybrid marker,NA
8fc5f955-8bfc-4ce5-a433-cee9a8a95db7,APPLIED_REGEX_RULE,traeart,Alnus spaethii,Alnus hybr. spaethii,latin_regex,add hybrid marker,NA
9fb0ed55-df16-4a65-9897-13ac4571c840,APPLIED_REGEX_RULE,traeart,Alnus spaethii,Alnus hybr. spaethii,latin_regex,add hybrid marker,NA
ae94e872-2ebc-48f1-bee4-4a518a9ae580,APPLIED_REGEX_RULE,traeart,Alnus spaethii,Alnus hybr. spaethii,latin_regex,add hybrid marker,NA
10ab6edc-0671-423a-a96c-ed0ef2a0af7f,APPLIED_REGEX_RULE,traeart,Alnus spaethii,Alnus hybr. spaethii,latin_regex,add hybrid marker,NA
487716f3-95bd-43ec-bdc1-b1175af85d3f,APPLIED_REGEX_RULE,traeart,Alnus spaethii,Alnus hybr. spaethii,latin_regex,add hybrid marker,NA
18c0b356-b807-4a36-81d4-4dff2db8d3bc,APPLIED_REGEX_RULE,traeart,Alnus spaethii,Alnus hybr. spaethii,latin_regex,add hybrid marker,NA
52315032-1cf0-4410-8e70-843f42ed6885,APPLIED_REGEX_RULE,traeart,Alnus spaethii,Alnus hybr. spaethii,latin_regex,add hybrid marker,NA
c643f015-ce95-4643-b45d-2b0150e4eccb,APPLIED_REGEX_RULE,traeart,Alnus spaethii,Alnus hybr. spaethii,latin_regex,add hybrid marker,NA
b359dbf3-0a4f-492f-87fb-bc8c51071bef,APPLIED_REGEX_RULE,traeart,Alnus spaethii,Alnus hybr. spaethii,latin_regex,add hybrid marker,NA
3e535da7-d148-42e6-bb2d-77efb108a7a3,APPLIED_REGEX_RULE,traeart,Alnus spaethii,Alnus hybr. spaethii,latin_regex,add hybrid marker,NA
3e5263eb-585a-40f6-934a-a90f0e94e2fa,APPLIED_REGEX_RULE,traeart,Alnus spaethii,Alnus hybr. spaethii,latin_regex,add hybrid marker,NA
f8415178-4b73-490d-8b39-4d595532d662,APPLIED_REGEX_RULE,traeart,Alnus spaethii,Alnus hybr. spaethii,latin_regex,add hybrid marker,NA
1a3c46e0-435e-4f2b-82f8-581a8a886b37,APPLIED_REGEX_RULE,traeart,Alnus spaethii,Alnus hybr. spaethii,latin_regex,add hybrid marker,NA
117ecbc6-e691-4aba-b144-5d2a062a5a3d,APPLIED_REGEX_RULE,traeart,Alnus spaethii,Alnus hybr. spaethii,latin_regex,add hybrid marker,NA
9a1b5760-f39f-4b41-aa8a-21b3558df3f2,APPLIED_REGEX_RULE,traeart,Alnus spaethii,Alnus hybr. spaethii,latin_regex,add hybrid marker,NA
e8bd9062-0f70-4455-a444-179dbb1f8513,APPLIED_REGEX_RULE,traeart,Alnus spaethii,Alnus hybr. spaethii,latin_regex,add hybrid marker,NA
334c0281-4706-4749-a1af-5bd8eb0aa044,APPLIED_REGEX_RULE,traeart,Alnus spaethii,Alnus hybr. spaethii,latin_regex,add hybrid marker,NA
520e1659-5848-4b1d-b818-4651d70e53cb,APPLIED_REGEX_RULE,traeart,Alnus spaethii,Alnus hybr. spaethii,latin_regex,add hybrid marker,NA
31f553d7-96b2-416b-ad1d-eeb3eb5d23c6,APPLIED_REGEX_RULE,traeart,Alnus spaethii,Alnus hybr. spaethii,latin_regex,add hybrid marker,NA
f2b0babb-8f37-4722-ae1c-5833d3e11344,APPLIED_REGEX_RULE,traeart,Alnus spaethii,Alnus hybr. spaethii,latin_regex,add hybrid marker,NA
8ad58eb5-176e-44a5-bd5a-8de1825d3f8e,APPLIED_REGEX_RULE,traeart,Alnus spaethii,Alnus hybr. spaethii,latin_regex,add hybrid marker,NA
c8909d0f-5ece-4170-b908-49b5a1c04296,APPLIED_REGEX_RULE,traeart,Alnus spaethii,Alnus hybr. spaethii,latin_regex,add hybrid marker,NA
59ee5c42-b7e3-4b2c-bee2-9781d6c5d9da,APPLIED_REGEX_RULE,traeart,Alnus spaethii,Alnus hybr. spaethii,latin_regex,add hybrid marker,NA
1b635a41-8000-41a1-a858-d53491583ae2,APPLIED_REGEX_RULE,traeart,Alnus spaethii,Alnus hybr. spaethii,latin_regex,add hybrid marker,NA
7bfadc21-ad05-4f8f-9b25-9189bedc7e4e,APPLIED_REGEX_RULE,traeart,Alnus spaethii,Alnus hybr. spaethii,latin_regex,add hybrid marker,NA
2363156e-1c8d-4524-80db-2604a4ad3b35,APPLIED_REGEX_RULE,traeart,Alnus spaethii,Alnus hybr. spaethii,latin_regex,add hybrid marker,NA
14380a0f-401a-4b4e-87b5-3beb2c32d456,APPLIED_REGEX_RULE,traeart,Alnus spaethii,Alnus hybr. spaethii,latin_regex,add hybrid marker,NA
5779af2b-4c60-4d05-99d4-c3a767e78cc2,APPLIED_REGEX_RULE,traeart,Alnus spaethii,Alnus hybr. spaethii,latin_regex,add hybrid marker,NA
829de37b-635d-4001-beca-b4815a3d6fe0,APPLIED_REGEX_RULE,traeart,Alnus spaethii,Alnus hybr. spaethii,latin_regex,add hybrid marker,NA
86a64ed2-5de4-49eb-848c-55596d25abd5,APPLIED_REGEX_RULE,traeart,Alnus spaethii,Alnus hybr. spaethii,latin_regex,add hybrid marker,NA
0a6c025a-c494-4fb4-bf4e-55b54c37c25d,APPLIED_REGEX_RULE,traeart,Alnus spaethii,Alnus hybr. spaethii,latin_regex,add hybrid marker,NA
d4a3f392-e021-4fd6-87a7-0b37261a091b,APPLIED_REGEX_RULE,traeart,Alnus spaethii,Alnus hybr. spaethii,latin_regex,add hybrid marker,NA
ed5c769c-55ee-4de2-a7d3-cbb041902ad5,APPLIED_REGEX_RULE,traeart,Alnus spaethii,Alnus hybr. spaethii,latin_regex,add hybrid marker,NA
75329a24-ecd7-46fb-82bc-3fa8f1705e7e,APPLIED_REGEX_RULE,traeart,Alnus spaethii,Alnus hybr. spaethii,latin_regex,add hybrid marker,NA
474c675f-e120-47b2-a638-8c32d6a179f9,APPLIED_REGEX_RULE,traeart,Alnus spaethii,Alnus hybr. spaethii,latin_regex,add hybrid marker,NA
3f5a0f80-69da-49ee-b860-189fa1100bbe,APPLIED_REGEX_RULE,traeart,Alnus spaethii,Alnus hybr. spaethii,latin_regex,add hybrid marker,NA
b9d392ff-7cb7-4483-8c1f-f41efb4cd238,APPLIED_REGEX_RULE,traeart,Alnus spaethii,Alnus hybr. spaethii,latin_regex,add hybrid marker,NA
9eca8c35-255f-454d-98b6-185120625de8,APPLIED_REGEX_RULE,traeart,Alnus spaethii,Alnus hybr. spaethii,latin_regex,add hybrid marker,NA
869eb6bf-8cff-4c8a-9511-f0dbad58c822,APPLIED_REGEX_RULE,traeart,Alnus spaethii,Alnus hybr. spaethii,latin_regex,add hybrid marker,NA
d7e90bb3-27b6-4539-8a12-317de83b73f9,APPLIED_REGEX_RULE,traeart,Alnus spaethii,Alnus hybr. spaethii,latin_regex,add hybrid marker,NA
0e85bacd-e639-4329-a47a-74773f846e51,APPLIED_REGEX_RULE,traeart,Alnus spaethii,Alnus hybr. spaethii,latin_regex,add hybrid marker,NA
aa627495-fde0-4336-849c-3257a1376cba,APPLIED_REGEX_RULE,traeart,Alnus spaethii,Alnus hybr. spaethii,latin_regex,add hybrid marker,NA
3edc18fd-6791-4170-b7cc-31ece61ac672,APPLIED_REGEX_RULE,traeart,Alnus spaethii,Alnus hybr. spaethii,latin_regex,add hybrid marker,NA
47013628-c4bf-46d0-b615-d31140686bda,APPLIED_REGEX_RULE,traeart,Alnus spaethii,Alnus hybr. spaethii,latin_regex,add hybrid marker,NA
809da1bf-c255-4861-8fe2-bbe2d014e3e4,APPLIED_REGEX_RULE,traeart,Alnus spaethii,Alnus hybr. spaethii,latin_regex,add hybrid marker,NA
919c500a-2e3a-4838-a712-bc01156fc39e,APPLIED_REGEX_RULE,traeart,Alnus spaethii,Alnus hybr. spaethii,latin_regex,add hybrid marker,NA
fa53a5c8-4b3a-4cf3-9c5e-a2d0eff9f003,APPLIED_REGEX_RULE,traeart,Alnus spaethii,Alnus hybr. spaethii,latin_regex,add hybrid marker,NA
50ae2711-c4b1-4808-963a-03ad4f12a0c4,APPLIED_REGEX_RULE,traeart,Alnus spaethii,Alnus hybr. spaethii,latin_regex,add hybrid marker,NA
d87fff2b-a2f2-49f5-8af9-c6c15119f18a,APPLIED_REGEX_RULE,traeart,Alnus spaethii,Alnus hybr. spaethii,latin_regex,add hybrid marker,NA
4597b7eb-8a83-46d1-8659-cb6b3371be43,APPLIED_REGEX_RULE,traeart,Alnus spaethii,Alnus hybr. spaethii,latin_regex,add hybrid marker,NA
0449c5d8-0bbc-47d6-b7b5-902b41e23583,APPLIED_REGEX_RULE,traeart,Alnus spaethii,Alnus hybr. spaethii,latin_regex,add hybrid marker,NA
df68c2e4-c01d-419e-a289-b30afe55f475,APPLIED_REGEX_RULE,traeart,Alnus spaethii,Alnus hybr. spaethii,latin_regex,add hybrid marker,NA
f691f61b-6572-4f1c-b1e4-964a6b8ec86f,APPLIED_REGEX_RULE,traeart,Alnus spaethii,Alnus hybr. spaethii,latin_regex,add hybrid marker,NA
d74aa0c1-4fee-405e-9a8d-ed2587111483,APPLIED_REGEX_RULE,traeart,Alnus spaethii,Alnus hybr. spaethii,latin_regex,add hybrid marker,NA
4991329c-2855-44b6-9771-a546630169ac,APPLIED_REGEX_RULE,traeart,Alnus spaethii,Alnus hybr. spaethii,latin_regex,add hybrid marker,NA
4ef2555f-1807-4d25-8985-bae11fd394fb,APPLIED_REGEX_RULE,traeart,Alnus spaethii,Alnus hybr. spaethii,latin_regex,add hybrid marker,NA
05200aa8-101f-4d31-b4d7-4f36cfd329ce,APPLIED_REGEX_RULE,traeart,Alnus spaethii,Alnus hybr. spaethii,latin_regex,add hybrid marker,NA
872c593e-9048-4d73-8a66-f011594da438,APPLIED_REGEX_RULE,traeart,Alnus spaethii,Alnus hybr. spaethii,latin_regex,add hybrid marker,NA
b200c4c5-99ec-4c01-a87e-75e418b21308,APPLIED_REGEX_RULE,traeart,Alnus spaethii,Alnus hybr. spaethii,latin_regex,add hybrid marker,NA
0ed0f569-d928-4e41-8f18-ca88d8dcade6,APPLIED_REGEX_RULE,traeart,Alnus spaethii,Alnus hybr. spaethii,latin_regex,add hybrid marker,NA
d01173c7-a6d5-4b6d-8541-b33b23a1f86f,APPLIED_REGEX_RULE,traeart,Alnus spaethii,Alnus hybr. spaethii,latin_regex,add hybrid marker,NA
7deab530-8a46-4385-92b7-077270972692,APPLIED_REGEX_RULE,traeart,Alnus spaethii,Alnus hybr. spaethii,latin_regex,add hybrid marker,NA
8cc11304-aa52-4778-b9cb-1c0050b12228,APPLIED_REGEX_RULE,traeart,Alnus spaethii,Alnus hybr. spaethii,latin_regex,add hybrid marker,NA
69d19657-f525-429e-82de-66b15e115a74,APPLIED_REGEX_RULE,traeart,Alnus spaethii,Alnus hybr. spaethii,latin_regex,add hybrid marker,NA
37504055-e062-4e38-ada3-d2fd6271d4f1,APPLIED_REGEX_RULE,traeart,Alnus spaethii,Alnus hybr. spaethii,latin_regex,add hybrid marker,NA
c926be03-8a90-41b9-a0ae-e401bdb66133,APPLIED_REGEX_RULE,traeart,Alnus spaethii,Alnus hybr. spaethii,latin_regex,add hybrid marker,NA
01e97ad6-16f6-42ce-b480-2941b2b8e342,APPLIED_REGEX_RULE,traeart,Alnus spaethii,Alnus hybr. spaethii,latin_regex,add hybrid marker,NA
9ff3b272-8ab8-48b3-951d-abce00ad673b,APPLIED_REGEX_RULE,traeart,Alnus spaethii,Alnus hybr. spaethii,latin_regex,add hybrid marker,NA
34032954-3e0e-4de7-9dbe-6cdcfa9e0e8b,APPLIED_REGEX_RULE,traeart,Alnus spaethii,Alnus hybr. spaethii,latin_regex,add hybrid marker,NA
5ed99047-44c7-4857-9d16-3074e5fee881,APPLIED_REGEX_RULE,traeart,Alnus spaethii,Alnus hybr. spaethii,latin_regex,add hybrid marker,NA
686d3cd0-db78-4233-bf3e-26e5a0ce274e,APPLIED_REGEX_RULE,traeart,Alnus spaethii,Alnus hybr. spaethii,latin_regex,add hybrid marker,NA
29bf7549-c864-40db-82f6-b5ceded9a91e,APPLIED_REGEX_RULE,traeart,Alnus spaethii,Alnus hybr. spaethii,latin_regex,add hybrid marker,NA
f1c8d8ad-49f7-415e-a504-d66da7d02d44,APPLIED_REGEX_RULE,traeart,Alnus spaethii,Alnus hybr. spaethii,latin_regex,add hybrid marker,NA
5f3907e3-6f93-4a4d-b113-df6de9c7f41e,APPLIED_REGEX_RULE,traeart,Alnus spaethii,Alnus hybr. spaethii,latin_regex,add hybrid marker,NA
d2356a7b-ed58-40a3-b44a-d2fb86d029f3,APPLIED_REGEX_RULE,traeart,Alnus spaethii,Alnus hybr. spaethii,latin_regex,add hybrid marker,NA
b6525cd2-d1eb-43bd-858f-3753073e3275,APPLIED_REGEX_RULE,traeart,Alnus spaethii,Alnus hybr. spaethii,latin_regex,add hybrid marker,NA
26d7903f-2a1f-497f-bf13-f8b76acc4dc5,APPLIED_REGEX_RULE,traeart,Alnus spaethii,Alnus hybr. spaethii,latin_regex,add hybrid marker,NA
a02196fb-31fa-4994-8931-71ce47869512,APPLIED_REGEX_RULE,traeart,Alnus spaethii,Alnus hybr. spaethii,latin_regex,add hybrid marker,NA
0a10b4d3-7346-43ec-b59a-42bfe946c8a8,APPLIED_REGEX_RULE,traeart,Alnus spaethii,Alnus hybr. spaethii,latin_regex,add hybrid marker,NA
5adad8ed-53a6-4d9c-a654-610439bccf06,APPLIED_REGEX_RULE,traeart,Alnus spaethii,Alnus hybr. spaethii,latin_regex,add hybrid marker,NA
418327da-2982-49a3-91a9-8fcaaf55060a,APPLIED_REGEX_RULE,traeart,Alnus spaethii,Alnus hybr. spaethii,latin_regex,add hybrid marker,NA
89f04f0a-c53d-4cb4-a47e-ddbe0e51699f,APPLIED_REGEX_RULE,traeart,Alnus spaethii,Alnus hybr. spaethii,latin_regex,add hybrid marker,NA
d65aff36-d954-41d4-bbba-894d2b379a4b,APPLIED_REGEX_RULE,traeart,Alnus spaethii,Alnus hybr. spaethii,latin_regex,add hybrid marker,NA
5368f529-3f4c-41b1-8061-c9773f9c9c90,APPLIED_REGEX_RULE,traeart,Alnus spaethii,Alnus hybr. spaethii,latin_regex,add hybrid marker,NA
46b78ed9-1a67-4d51-9922-c8550ab86ef9,APPLIED_REGEX_RULE,traeart,Alnus spaethii,Alnus hybr. spaethii,latin_regex,add hybrid marker,NA
1c0ce174-93cb-49bb-98c7-2ac568527e8a,APPLIED_REGEX_RULE,traeart,Alnus spaethii,Alnus hybr. spaethii,latin_regex,add hybrid marker,NA
1f009482-3771-4178-908a-833d76d7f89b,APPLIED_REGEX_RULE,traeart,Alnus spaethii,Alnus hybr. spaethii,latin_regex,add hybrid marker,NA
476a0ef6-2a14-4c20-b2c7-b87a7ca227f0,APPLIED_REGEX_RULE,traeart,Alnus spaethii,Alnus hybr. spaethii,latin_regex,add hybrid marker,NA
bd152740-7f11-41ea-84ac-6f767349a5eb,APPLIED_REGEX_RULE,traeart,Alnus spaethii,Alnus hybr. spaethii,latin_regex,add hybrid marker,NA
14277dc7-67ab-45a0-a62f-77b3fbb6b5c1,APPLIED_REGEX_RULE,traeart,Alnus spaethii,Alnus hybr. spaethii,latin_regex,add hybrid marker,NA
1d74899c-e573-489a-ad7e-b256cf543601,APPLIED_REGEX_RULE,traeart,Alnus spaethii,Alnus hybr. spaethii,latin_regex,add hybrid marker,NA
794d30df-0d9d-4bba-b027-a5900fafa641,APPLIED_REGEX_RULE,traeart,Alnus spaethii,Alnus hybr. spaethii,latin_regex,add hybrid marker,NA
9c9a68cc-3394-4f0d-bc56-00aadd178bb1,APPLIED_REGEX_RULE,traeart,Alnus spaethii,Alnus hybr. spaethii,latin_regex,add hybrid marker,NA
10ab2180-4ffe-4fec-b9fb-be5cce93361c,APPLIED_REGEX_RULE,traeart,Alnus spaethii,Alnus hybr. spaethii,latin_regex,add hybrid marker,NA
16a04cd2-9262-42de-a2f1-fab8206b6530,APPLIED_REGEX_RULE,traeart,Alnus spaethii,Alnus hybr. spaethii,latin_regex,add hybrid marker,NA
2f4fe74a-83a3-4c2e-911f-26203b9c8a42,APPLIED_REGEX_RULE,traeart,Alnus spaethii,Alnus hybr. spaethii,latin_regex,add hybrid marker,NA
a902e0bd-4e07-4140-b69f-3e4857088b22,APPLIED_REGEX_RULE,traeart,Alnus spaethii,Alnus hybr. spaethii,latin_regex,add hybrid marker,NA
7fa318b3-8661-4845-bf61-a7e593722492,APPLIED_REGEX_RULE,traeart,Alnus spaethii,Alnus hybr. spaethii,latin_regex,add hybrid marker,NA
8db79459-98aa-4a37-9f03-5305d3b479ca,APPLIED_REGEX_RULE,traeart,Alnus spaethii,Alnus hybr. spaethii,latin_regex,add hybrid marker,NA
9022bb4f-5fff-4b0a-9376-a77c3a84e4c2,APPLIED_REGEX_RULE,traeart,Alnus spaethii,Alnus hybr. spaethii,latin_regex,add hybrid marker,NA
fc77a9e5-4a3e-4902-bb41-3d54284297bd,APPLIED_REGEX_RULE,traeart,Alnus spaethii,Alnus hybr. spaethii,latin_regex,add hybrid marker,NA
76d1e741-287f-4ff4-8894-43796bd1a3c4,APPLIED_REGEX_RULE,traeart,Alnus spaethii,Alnus hybr. spaethii,latin_regex,add hybrid marker,NA
8e9ce16d-78fa-48ab-8ce2-d72a96bc906a,APPLIED_REGEX_RULE,traeart,Alnus spaethii,Alnus hybr. spaethii,latin_regex,add hybrid marker,NA
940868fd-b22c-44c5-a775-036ca2d5f5b9,APPLIED_REGEX_RULE,traeart,Alnus spaethii,Alnus hybr. spaethii,latin_regex,add hybrid marker,NA
0eb88c52-6a8f-410b-bf16-f6baa47d3818,APPLIED_REGEX_RULE,traeart,Alnus spaethii,Alnus hybr. spaethii,latin_regex,add hybrid marker,NA
3a1faa84-c8d5-454a-beb9-12b18cf566b7,APPLIED_REGEX_RULE,traeart,Alnus spaethii,Alnus hybr. spaethii,latin_regex,add hybrid marker,NA
e00e895c-327c-44e4-abad-93e56c7aec95,APPLIED_REGEX_RULE,traeart,Alnus spaethii,Alnus hybr. spaethii,latin_regex,add hybrid marker,NA
564d8f5e-08f8-4c09-9acb-b2b2b3acedf0,APPLIED_REGEX_RULE,traeart,Alnus spaethii,Alnus hybr. spaethii,latin_regex,add hybrid marker,NA
4bfeb3dd-f15c-4754-be89-154967bcaba2,APPLIED_REGEX_RULE,traeart,Alnus spaethii,Alnus hybr. spaethii,latin_regex,add hybrid marker,NA
9ae6733b-6945-4396-8396-85203f594739,APPLIED_REGEX_RULE,traeart,Alnus spaethii,Alnus hybr. spaethii,latin_regex,add hybrid marker,NA
7edf46c4-e3a3-45f9-a379-07f7305d7543,APPLIED_REGEX_RULE,traeart,Alnus spaethii,Alnus hybr. spaethii,latin_regex,add hybrid marker,NA
6d630528-bfd5-4d8d-aa76-eda90cfb6e85,APPLIED_REGEX_RULE,traeart,Alnus spaethii,Alnus hybr. spaethii,latin_regex,add hybrid marker,NA
da724fa4-169a-44f9-ab63-a4a6a92a2459,APPLIED_REGEX_RULE,traeart,Alnus spaethii,Alnus hybr. spaethii,latin_regex,add hybrid marker,NA
475d0303-0cdd-45b4-9b84-722bc35da9ae,APPLIED_REGEX_RULE,traeart,Alnus spaethii,Alnus hybr. spaethii,latin_regex,add hybrid marker,NA
b6f56f34-5c44-4a6f-928f-f0b206384c0e,APPLIED_REGEX_RULE,traeart,Alnus spaethii,Alnus hybr. spaethii,latin_regex,add hybrid marker,NA
c08c13fb-8a7d-4195-bfe3-c0bfa030e92a,APPLIED_REGEX_RULE,traeart,Alnus spaethii,Alnus hybr. spaethii,latin_regex,add hybrid marker,NA
c27af91e-71bd-449c-84b6-f272a56e3272,APPLIED_REGEX_RULE,traeart,Alnus spaethii,Alnus hybr. spaethii,latin_regex,add hybrid marker,NA
ae7cb90a-4c05-4d6c-bbad-3ae7aff74c48,APPLIED_REGEX_RULE,traeart,Alnus spaethii,Alnus hybr. spaethii,latin_regex,add hybrid marker,NA
32e06371-be54-4b62-bea1-7805cfa88578,APPLIED_REGEX_RULE,traeart,Alnus spaethii,Alnus hybr. spaethii,latin_regex,add hybrid marker,NA
d14b8ef7-0da8-456e-b279-5e4402b33062,APPLIED_REGEX_RULE,traeart,Alnus spaethii,Alnus hybr. spaethii,latin_regex,add hybrid marker,NA
f71380c8-0859-4a8b-9179-29542347abae,APPLIED_REGEX_RULE,traeart,Alnus spaethii,Alnus hybr. spaethii,latin_regex,add hybrid marker,NA
bdc151e0-4a2e-4123-b9eb-9c4143541951,APPLIED_REGEX_RULE,traeart,Alnus spaethii,Alnus hybr. spaethii,latin_regex,add hybrid marker,NA
64f0e4a4-40be-4404-b04c-ec950b6b88cd,APPLIED_REGEX_RULE,traeart,Alnus spaethii,Alnus hybr. spaethii,latin_regex,add hybrid marker,NA
36b9d2fe-6e18-4a83-9985-8bfd1d116f7e,APPLIED_REGEX_RULE,traeart,Alnus spaethii,Alnus hybr. spaethii,latin_regex,add hybrid marker,NA
f87bf536-decc-4b8f-990e-2b8759501814,APPLIED_REGEX_RULE,traeart,Alnus spaethii,Alnus hybr. spaethii,latin_regex,add hybrid marker,NA
0c758cc6-78da-43a8-8c01-3ba568cc9181,APPLIED_REGEX_RULE,traeart,Alnus spaethii,Alnus hybr. spaethii,latin_regex,add hybrid marker,NA
bfd809e9-4915-4894-aee4-d75706e3b1fe,APPLIED_REGEX_RULE,traeart,Alnus spaethii,Alnus hybr. spaethii,latin_regex,add hybrid marker,NA
63f57b07-fa26-4983-9e57-184d6237df59,APPLIED_REGEX_RULE,traeart,Alnus spaethii,Alnus hybr. spaethii,latin_regex,add hybrid marker,NA
be2bfb03-0820-48f6-a0f0-db858ca39c8c,APPLIED_REGEX_RULE,traeart,Alnus spaethii,Alnus hybr. spaethii,latin_regex,add hybrid marker,NA
e38f0466-7b23-4847-a6e7-bab3dc0ec17a,APPLIED_REGEX_RULE,traeart,Alnus spaethii,Alnus hybr. spaethii,latin_regex,add hybrid marker,NA
94649b2d-ce1d-45b9-b583-def16c111fb1,APPLIED_REGEX_RULE,traeart,Alnus spaethii,Alnus hybr. spaethii,latin_regex,add hybrid marker,NA
e0122e27-f842-428d-ae9f-fa70a849374d,APPLIED_REGEX_RULE,traeart,Alnus spaethii,Alnus hybr. spaethii,latin_regex,add hybrid marker,NA
172ca390-8564-4625-9ba4-0d853aa38398,APPLIED_REGEX_RULE,traeart,Alnus spaethii,Alnus hybr. spaethii,latin_regex,add hybrid marker,NA
1b66a6c5-b5f5-41b6-b78f-37ba445aa03c,APPLIED_REGEX_RULE,traeart,Alnus spaethii,Alnus hybr. spaethii,latin_regex,add hybrid marker,NA
7d1707da-4742-42b2-bd78-9528199870a3,APPLIED_REGEX_RULE,traeart,Alnus spaethii,Alnus hybr. spaethii,latin_regex,add hybrid marker,NA
b4befe2e-e570-441d-ad99-474995cf2380,APPLIED_REGEX_RULE,traeart,Alnus spaethii,Alnus hybr. spaethii,latin_regex,add hybrid marker,NA
91462c3f-d110-472a-a94f-5365002ab7b8,APPLIED_REGEX_RULE,traeart,Alnus spaethii,Alnus hybr. spaethii,latin_regex,add hybrid marker,NA
0287deb9-1191-4e4b-9971-3d320fdfc262,APPLIED_REGEX_RULE,traeart,Alnus spaethii,Alnus hybr. spaethii,latin_regex,add hybrid marker,NA
4ef8ac6c-a428-4a0a-81cc-e05350cb2414,APPLIED_REGEX_RULE,traeart,Alnus spaethii,Alnus hybr. spaethii,latin_regex,add hybrid marker,NA
24f8adb3-5e8d-4a04-b482-a23d915a988a,APPLIED_REGEX_RULE,traeart,Alnus spaethii,Alnus hybr. spaethii,latin_regex,add hybrid marker,NA
55bd72f6-a7c8-486e-a52e-5544921ed25e,APPLIED_REGEX_RULE,traeart,Alnus spaethii,Alnus hybr. spaethii,latin_regex,add hybrid marker,NA
63af28a6-57ed-4418-bb7b-4d3bae11b4b2,APPLIED_REGEX_RULE,traeart,Alnus spaethii,Alnus hybr. spaethii,latin_regex,add hybrid marker,NA
6735dae0-712b-47d2-933a-5c2d6ecc4bd6,APPLIED_REGEX_RULE,traeart,Alnus spaethii,Alnus hybr. spaethii,latin_regex,add hybrid marker,NA
2936e81d-5efb-4104-82d8-95f87aabe20c,APPLIED_REGEX_RULE,traeart,Alnus spaethii,Alnus hybr. spaethii,latin_regex,add hybrid marker,NA
e1ec551b-bcd1-4980-8eac-1a90b6ef3e76,APPLIED_REGEX_RULE,traeart,Alnus spaethii,Alnus hybr. spaethii,latin_regex,add hybrid marker,NA
2e0f157b-26c8-49f3-8af0-d87392d6c0d3,APPLIED_REGEX_RULE,traeart,Alnus spaethii,Alnus hybr. spaethii,latin_regex,add hybrid marker,NA
311155c3-6e61-440b-a7f9-3d56c001b516,APPLIED_REGEX_RULE,traeart,Alnus spaethii,Alnus hybr. spaethii,latin_regex,add hybrid marker,NA
f15a8cb9-1e78-4383-85ec-9b482debd63c,APPLIED_REGEX_RULE,traeart,Alnus spaethii,Alnus hybr. spaethii,latin_regex,add hybrid marker,NA
184e1b36-e46d-42b9-94a0-1984959c2ab8,APPLIED_REGEX_RULE,traeart,Alnus spaethii,Alnus hybr. spaethii,latin_regex,add hybrid marker,NA
c273a816-657b-40c1-a00e-887534142b4f,APPLIED_REGEX_RULE,traeart,Alnus spaethii,Alnus hybr. spaethii,latin_regex,add hybrid marker,NA
3e842b30-71c0-459b-959f-5ba6f1b8e4d3,APPLIED_REGEX_RULE,traeart,Alnus spaethii,Alnus hybr. spaethii,latin_regex,add hybrid marker,NA
74ff89e8-73dc-4219-9000-cb00788ec64e,APPLIED_REGEX_RULE,traeart,Alnus spaethii,Alnus hybr. spaethii,latin_regex,add hybrid marker,NA
39bbe3a6-c85d-4add-ba2c-95fe64dc3001,APPLIED_REGEX_RULE,traeart,Alnus spaethii,Alnus hybr. spaethii,latin_regex,add hybrid marker,NA
d936b492-e826-454f-9d00-7482c1b6481b,APPLIED_REGEX_RULE,traeart,Alnus spaethii,Alnus hybr. spaethii,latin_regex,add hybrid marker,NA
caa4abb0-ff1c-4b75-9c85-df93969ae3ff,APPLIED_REGEX_RULE,traeart,Alnus spaethii,Alnus hybr. spaethii,latin_regex,add hybrid marker,NA
9731d5fc-29e8-4d39-bcf8-11d2c13c4d06,APPLIED_REGEX_RULE,traeart,Alnus spaethii,Alnus hybr. spaethii,latin_regex,add hybrid marker,NA
b1aae968-1b8c-4719-850f-fbcca1a540f3,APPLIED_REGEX_RULE,traeart,Alnus spaethii,Alnus hybr. spaethii,latin_regex,add hybrid marker,NA
c892f56d-e406-4a2e-b7b0-971c66d1f52b,APPLIED_REGEX_RULE,traeart,Alnus spaethii,Alnus hybr. spaethii,latin_regex,add hybrid marker,NA
e3fa214e-8001-44b9-b99b-8deeeb2163c7,APPLIED_REGEX_RULE,traeart,Alnus spaethii,Alnus hybr. spaethii,latin_regex,add hybrid marker,NA
291144f6-0279-43af-9d28-58145daf87d3,APPLIED_REGEX_RULE,traeart,Alnus spaethii,Alnus hybr. spaethii,latin_regex,add hybrid marker,NA
3bc9c51a-da7e-4e0c-845f-5f8d3999aad3,APPLIED_REGEX_RULE,traeart,Alnus spaethii,Alnus hybr. spaethii,latin_regex,add hybrid marker,NA
43ff14c5-b3d6-4ad0-a104-4ec741cec7a3,APPLIED_REGEX_RULE,traeart,Alnus spaethii,Alnus hybr. spaethii,latin_regex,add hybrid marker,NA
214880a0-e41c-424e-ab6c-313524983de8,APPLIED_REGEX_RULE,traeart,Alnus spaethii,Alnus hybr. spaethii,latin_regex,add hybrid marker,NA
7a7da6b8-276c-408b-b1eb-2d9bcc506eb6,APPLIED_REGEX_RULE,traeart,Alnus spaethii,Alnus hybr. spaethii,latin_regex,add hybrid marker,NA
4c848199-6dc2-44b9-9f75-efea9a386f9b,APPLIED_REGEX_RULE,traeart,Alnus spaethii,Alnus hybr. spaethii,latin_regex,add hybrid marker,NA
a3116e3a-2765-4440-88fb-b718bad4875f,APPLIED_REGEX_RULE,traeart,Alnus spaethii,Alnus hybr. spaethii,latin_regex,add hybrid marker,NA
bf3215dc-c861-44d3-89ee-4a4823025d36,APPLIED_REGEX_RULE,traeart,Alnus spaethii,Alnus hybr. spaethii,latin_regex,add hybrid marker,NA
a9035455-440e-4e0f-b63c-951a6d8ebea8,APPLIED_REGEX_RULE,traeart,Alnus spaethii,Alnus hybr. spaethii,latin_regex,add hybrid marker,NA
66d8504b-a3d4-4a43-971b-6258f2765ae4,APPLIED_REGEX_RULE,traeart,Alnus spaethii,Alnus hybr. spaethii,latin_regex,add hybrid marker,NA
19658be4-46f4-411b-b49a-bad70927d8ca,APPLIED_REGEX_RULE,traeart,Alnus spaethii,Alnus hybr. spaethii,latin_regex,add hybrid marker,NA
a5391612-75f3-4004-bf24-36815286de08,APPLIED_REGEX_RULE,traeart,Alnus spaethii,Alnus hybr. spaethii,latin_regex,add hybrid marker,NA
c716586e-def0-4ef4-892e-03ef8c2970c3,APPLIED_REGEX_RULE,traeart,Alnus spaethii,Alnus hybr. spaethii,latin_regex,add hybrid marker,NA
0dd0b006-ad58-4ada-aca4-51a3ff364332,APPLIED_REGEX_RULE,traeart,Alnus spaethii,Alnus hybr. spaethii,latin_regex,add hybrid marker,NA
fff233da-6fea-4244-bf26-e7c80ef2965b,APPLIED_REGEX_RULE,traeart,Alnus spaethii,Alnus hybr. spaethii,latin_regex,add hybrid marker,NA
bb1de175-4572-46b4-81dc-29b83a60d531,APPLIED_REGEX_RULE,traeart,Alnus spaethii,Alnus hybr. spaethii,latin_regex,add hybrid marker,NA
3a9ec719-5a5d-4efa-8665-5407ffb2cea5,APPLIED_REGEX_RULE,traeart,Alnus spaethii,Alnus hybr. spaethii,latin_regex,add hybrid marker,NA
a22421a7-9b89-483b-9139-53d18d31bbd5,APPLIED_REGEX_RULE,traeart,Alnus spaethii,Alnus hybr. spaethii,latin_regex,add hybrid marker,NA
ffa0bb53-bad2-4b15-ae83-8817428740c6,APPLIED_REGEX_RULE,traeart,Aronia prunifolia,Aronia hybr. prunifolia,latin_regex,add hybrid marker,NA
454a9983-98aa-40a1-bb04-f08087fed6e0,APPLIED_REGEX_RULE,traeart,Hamamelis 'Brevipetala',Hamamelis hybr. 'Brevipetala',latin_regex,add hybrid marker,NA
7bab8e4d-bd24-4bad-b6e4-49ec96a8d034,APPLIED_REGEX_RULE,traeart,Hippophae rhamnoides,Hippophaë rhamnoides,latin_regex,add diacritic back,NA
ceaeb5ae-929d-4f42-8c52-73f0df4e5e59,APPLIED_REGEX_RULE,traeart,Hippophae rhamnoides,Hippophaë rhamnoides,latin_regex,add diacritic back,NA
4913a7b0-6ba6-4543-846e-5c1b65fbd0d7,APPLIED_REGEX_RULE,traeart,Hippophae rhamnoides,Hippophaë rhamnoides,latin_regex,add diacritic back,NA
80d26c4a-52fc-4873-8b29-256e6e37e682,APPLIED_REGEX_RULE,traeart,Hippophae rhamnoides,Hippophaë rhamnoides,latin_regex,add diacritic back,NA
79327826-6e9e-4cb2-a82d-001d515f9066,APPLIED_REGEX_RULE,traeart,Hippophae rhamnoides,Hippophaë rhamnoides,latin_regex,add diacritic back,NA
a8af064e-a631-4e1c-8ad4-cce896929756,APPLIED_REGEX_RULE,traeart,Laburnum watereri 'Vossii',Laburnum hybr. watereri 'Vossii',latin_regex,add hybrid marker,NA
edc25569-a497-4659-8a4d-315d159b9cfc,APPLIED_REGEX_RULE,traeart,Laburnum watereri 'Vossii',Laburnum hybr. watereri 'Vossii',latin_regex,add hybrid marker,NA
ada4d933-7d4a-4926-9f36-4900967e5c3b,APPLIED_REGEX_RULE,traeart,Laburnum watereri 'Vossii',Laburnum hybr. watereri 'Vossii',latin_regex,add hybrid marker,NA
8f5ab19d-6110-45a7-868c-dbe4ac30af13,APPLIED_REGEX_RULE,traeart,Laburnum watereri 'Vossii',Laburnum hybr. watereri 'Vossii',latin_regex,add hybrid marker,NA
b2f289c1-b846-4346-be62-0975601a2260,APPLIED_REGEX_RULE,traeart,Laburnum watereri 'Vossii',Laburnum hybr. watereri 'Vossii',latin_regex,add hybrid marker,NA
bab437bf-0d55-486b-bc6d-bb7c6c5439a1,APPLIED_REGEX_RULE,traeart,Laburnum watereri,Laburnum hybr. watereri,latin_regex,add hybrid marker,NA
6506b1af-e7cb-42b2-9596-e9a919eed691,APPLIED_REGEX_RULE,traeart,Laburnum watereri,Laburnum hybr. watereri,latin_regex,add hybrid marker,NA
39489b15-35d5-4433-b67f-8bee49553a0e,APPLIED_REGEX_RULE,traeart,Laburnum watereri,Laburnum hybr. watereri,latin_regex,add hybrid marker,NA
3f94ae84-4ced-4483-a878-9c61d737c8d0,APPLIED_REGEX_RULE,traeart,Laburnum watereri,Laburnum hybr. watereri,latin_regex,add hybrid marker,NA
96ec7a2f-faac-4a95-a921-411ed4f34f68,APPLIED_REGEX_RULE,traeart,Laburnum watereri,Laburnum hybr. watereri,latin_regex,add hybrid marker,NA
bc26515a-0926-40ea-beac-7c192e2e647e,APPLIED_REGEX_RULE,traeart,Laburnum watereri,Laburnum hybr. watereri,latin_regex,add hybrid marker,NA
f3d8fd5c-19fa-4e54-9eaf-298684a5698b,APPLIED_REGEX_RULE,traeart,Laburnum watereri,Laburnum hybr. watereri,latin_regex,add hybrid marker,NA
42d01117-1991-4d09-8c5f-60cdfe3c93f6,APPLIED_REGEX_RULE,traeart,Laburnum watereri 'Vossii',Laburnum hybr. watereri 'Vossii',latin_regex,add hybrid marker,NA
4824ac57-8d9c-4f2b-8b67-54fecbdbf1f1,APPLIED_REGEX_RULE,traeart,Laburnum watereri 'Vossii',Laburnum hybr. watereri 'Vossii',latin_regex,add hybrid marker,NA
c7231c57-8b8a-4b09-82e8-36011dd7ea3a,APPLIED_REGEX_RULE,traeart,Laburnum watereri,Laburnum hybr. watereri,latin_regex,add hybrid marker,NA
dde56263-69a0-4d57-8b58-a45587ef5eaa,APPLIED_REGEX_RULE,traeart,Laburnum watereri 'Vossii',Laburnum hybr. watereri 'Vossii',latin_regex,add hybrid marker,NA
b21750b5-d712-40ca-a833-c083ceac63ae,APPLIED_REGEX_RULE,traeart,Laburnum watereri 'Vossii',Laburnum hybr. watereri 'Vossii',latin_regex,add hybrid marker,NA
03a7d2de-6e9d-4d05-be29-4e5a9ddc7b95,APPLIED_REGEX_RULE,traeart,Laburnum watereri 'Vossii',Laburnum hybr. watereri 'Vossii',latin_regex,add hybrid marker,NA
b3c0c360-1c3e-4efa-a548-ae9f6cfd1ce6,APPLIED_REGEX_RULE,traeart,Laburnum watereri,Laburnum hybr. watereri,latin_regex,add hybrid marker,NA
78d00530-7555-4708-817d-3200f493d7c1,APPLIED_REGEX_RULE,traeart,Laburnum watereri,Laburnum hybr. watereri,latin_regex,add hybrid marker,NA
5a1a60b0-1647-476c-ba7e-5dedf964197e,APPLIED_REGEX_RULE,traeart,Laburnum watereri,Laburnum hybr. watereri,latin_regex,add hybrid marker,NA
c5e839a7-d813-4201-ab21-7ac06d1ac455,APPLIED_REGEX_RULE,traeart,Laburnum watereri,Laburnum hybr. watereri,latin_regex,add hybrid marker,NA
84a9058f-b8aa-4728-8c31-0d4745e7c32d,APPLIED_REGEX_RULE,traeart,Laburnum watereri,Laburnum hybr. watereri,latin_regex,add hybrid marker,NA
a693874a-347f-404a-9b40-5076d20ec55d,APPLIED_REGEX_RULE,traeart,Laburnum watereri,Laburnum hybr. watereri,latin_regex,add hybrid marker,NA
7874b7b1-6f38-4bd9-9730-a49e97ca7089,APPLIED_REGEX_RULE,traeart,Laburnum watereri,Laburnum hybr. watereri,latin_regex,add hybrid marker,NA
270716bc-2d0e-426e-bde2-77d456b65fea,APPLIED_REGEX_RULE,traeart,Laburnum watereri,Laburnum hybr. watereri,latin_regex,add hybrid marker,NA
1f63e761-feb3-4344-8df9-345a7a06ac8e,APPLIED_REGEX_RULE,traeart,Laburnum watereri 'Vossii',Laburnum hybr. watereri 'Vossii',latin_regex,add hybrid marker,NA
2e2031dc-c19a-4d3f-b79c-6e408355c904,APPLIED_REGEX_RULE,traeart,Laburnum watereri 'Vossii',Laburnum hybr. watereri 'Vossii',latin_regex,add hybrid marker,NA
c7aa73b3-7cb3-451d-83b6-02b664305228,APPLIED_REGEX_RULE,traeart,Larix eurolepis,Larix hybr. eurolepis,latin_regex,add hybrid marker,NA
05d0914e-72af-4b11-826c-8f98e4f6aba2,APPLIED_REGEX_RULE,traeart,Larix eurolepis,Larix hybr. eurolepis,latin_regex,add hybrid marker,NA
ecbf53bd-937d-4b9d-bb6b-63a380895ff5,APPLIED_REGEX_RULE,traeart,Larix eurolepis,Larix hybr. eurolepis,latin_regex,add hybrid marker,NA
03363a3d-72c9-4d44-b4a2-4c778feac8b4,APPLIED_REGEX_RULE,traeart,Larix eurolepis,Larix hybr. eurolepis,latin_regex,add hybrid marker,NA
1a39afa9-dace-4543-bb12-a6e320b2299c,APPLIED_REGEX_RULE,traeart,Larix eurolepis,Larix hybr. eurolepis,latin_regex,add hybrid marker,NA
0004097a-8d5c-4c5a-b378-2fd67561db6b,APPLIED_REGEX_RULE,traeart,Larix eurolepis,Larix hybr. eurolepis,latin_regex,add hybrid marker,NA
5ced3ea0-6dc9-4f83-825f-bdc071f7b731,APPLIED_REGEX_RULE,traeart,Larix eurolepis,Larix hybr. eurolepis,latin_regex,add hybrid marker,NA
308dfb67-23e5-43dc-a42d-cb28014fb70d,APPLIED_REGEX_RULE,traeart,Larix eurolepis,Larix hybr. eurolepis,latin_regex,add hybrid marker,NA
f5114f58-73a7-425f-851c-7c3ade863ca7,APPLIED_REGEX_RULE,traeart,Larix eurolepis,Larix hybr. eurolepis,latin_regex,add hybrid marker,NA
63c78c79-c4a0-4171-8003-062a706d20c4,APPLIED_REGEX_RULE,traeart,Larix eurolepis,Larix hybr. eurolepis,latin_regex,add hybrid marker,NA
5b9f32d1-ea16-403d-aca4-1df95ad938cc,APPLIED_REGEX_RULE,traeart,Larix eurolepis,Larix hybr. eurolepis,latin_regex,add hybrid marker,NA
cd52a628-a659-454b-80f5-14c30e4bd16e,APPLIED_REGEX_RULE,traeart,Larix eurolepis,Larix hybr. eurolepis,latin_regex,add hybrid marker,NA
364ff24a-8144-4e09-93d7-8d28c0324da7,APPLIED_REGEX_RULE,traeart,Larix eurolepis,Larix hybr. eurolepis,latin_regex,add hybrid marker,NA
5802c29b-7e84-4a29-b0f5-2a4925a40f1e,APPLIED_REGEX_RULE,traeart,Populus canadensis 'De Moffat',Populus hybr. canadensis 'De Moffat',latin_regex,add hybrid marker,NA
6939d04e-c27b-4d4c-9105-6e3579e0df3c,APPLIED_REGEX_RULE,traeart,Populus canadensis,Populus hybr. canadensis,latin_regex,add hybrid marker,NA
36624709-1beb-449b-8836-1f454e6097cd,APPLIED_REGEX_RULE,traeart,Populus canadensis 'Bachalierii',Populus hybr. canadensis 'Bachalierii',latin_regex,add hybrid marker,NA
3e7f27aa-07a9-43a9-b49a-e2fb2cebb3c5,APPLIED_REGEX_RULE,traeart,Populus canadensis 'Bachalierii',Populus hybr. canadensis 'Bachalierii',latin_regex,add hybrid marker,NA
148751bd-f0ef-4a36-ad6b-dbd75ad2640d,APPLIED_REGEX_RULE,traeart,Populus canadensis,Populus hybr. canadensis,latin_regex,add hybrid marker,NA
d5ec1ce7-1930-475b-b6c5-a61126abdab3,APPLIED_REGEX_RULE,traeart,Populus canadensis 'De Moffat',Populus hybr. canadensis 'De Moffat',latin_regex,add hybrid marker,NA
5c0ba8d2-d30f-4c2c-8662-6de969ef55bb,APPLIED_REGEX_RULE,traeart,Populus canadensis 'De Moffat',Populus hybr. canadensis 'De Moffat',latin_regex,add hybrid marker,NA
0b06714a-a8d6-448b-8426-0cd07d9b7885,APPLIED_REGEX_RULE,traeart,Populus canadensis 'De Moffat',Populus hybr. canadensis 'De Moffat',latin_regex,add hybrid marker,NA
3b82bd14-b14f-4298-b589-53e5a69d22c3,APPLIED_REGEX_RULE,traeart,Populus canadensis 'De Moffat',Populus hybr. canadensis 'De Moffat',latin_regex,add hybrid marker,NA
723a3994-c7d6-410c-b8f0-cb6ada3bcd9e,APPLIED_REGEX_RULE,traeart,Populus canadensis 'De Moffat',Populus hybr. canadensis 'De Moffat',latin_regex,add hybrid marker,NA
ddb94280-84a8-413f-a1c0-b3566e1e1ae2,APPLIED_REGEX_RULE,traeart,Populus canadensis,Populus hybr. canadensis,latin_regex,add hybrid marker,NA
4f7271d5-38f8-42bc-a092-05c682223573,APPLIED_REGEX_RULE,traeart,Populus canadensis,Populus hybr. canadensis,latin_regex,add hybrid marker,NA
b8fe768d-8631-4b56-91cf-54c187e4f91d,APPLIED_REGEX_RULE,traeart,Populus canadensis,Populus hybr. canadensis,latin_regex,add hybrid marker,NA
90aaa9c1-c351-4df5-8c0d-ec9fe518b55b,APPLIED_REGEX_RULE,traeart,Populus canadensis,Populus hybr. canadensis,latin_regex,add hybrid marker,NA
bcc9e2c8-5247-4abc-b4a1-047f7e43981b,APPLIED_REGEX_RULE,traeart,Populus canadensis,Populus hybr. canadensis,latin_regex,add hybrid marker,NA
b47b3aaa-3be0-4583-a5e4-e11905333f30,APPLIED_REGEX_RULE,traeart,Populus canadensis 'De Moffat',Populus hybr. canadensis 'De Moffat',latin_regex,add hybrid marker,NA
b4d7f637-d523-4655-b162-16fe92ce3f3b,APPLIED_REGEX_RULE,traeart,Populus canadensis 'Bachalierii',Populus hybr. canadensis 'Bachalierii',latin_regex,add hybrid marker,NA
7cebd43d-7811-4683-bf1b-826134ea1727,APPLIED_REGEX_RULE,traeart,Populus canadensis 'Bachalierii',Populus hybr. canadensis 'Bachalierii',latin_regex,add hybrid marker,NA
5752e26f-df51-473d-b770-ac6c8f543f68,APPLIED_REGEX_RULE,traeart,Populus canadensis 'De Moffat',Populus hybr. canadensis 'De Moffat',latin_regex,add hybrid marker,NA
72472f31-5f5a-4b71-bd0c-29d1d0c1409c,APPLIED_REGEX_RULE,traeart,Populus canadensis 'Bachalierii',Populus hybr. canadensis 'Bachalierii',latin_regex,add hybrid marker,NA
884a61a5-23a9-4b61-ba21-f0fb39f0cf82,APPLIED_REGEX_RULE,traeart,Populus canadensis,Populus hybr. canadensis,latin_regex,add hybrid marker,NA
fdbb8707-6256-4a1b-80d8-350296d4d520,APPLIED_REGEX_RULE,traeart,Populus canadensis 'De Moffat',Populus hybr. canadensis 'De Moffat',latin_regex,add hybrid marker,NA
221aff2f-7607-44b7-9ff4-c63f6adf6cbc,APPLIED_REGEX_RULE,traeart,Populus canadensis 'De Moffat',Populus hybr. canadensis 'De Moffat',latin_regex,add hybrid marker,NA
6fdcc9de-177d-42ef-b327-450d0f9b54f8,APPLIED_REGEX_RULE,traeart,Populus canadensis 'De Moffat',Populus hybr. canadensis 'De Moffat',latin_regex,add hybrid marker,NA
bff64012-bb6f-4a45-9fec-2c3ca2b4b0a6,APPLIED_REGEX_RULE,traeart,Populus canadensis 'De Moffat',Populus hybr. canadensis 'De Moffat',latin_regex,add hybrid marker,NA
529c449e-855e-46c6-8cb5-e2a9900f9593,APPLIED_REGEX_RULE,traeart,Populus canadensis 'De Moffat',Populus hybr. canadensis 'De Moffat',latin_regex,add hybrid marker,NA
ed014195-8853-495f-85eb-461ed6570dcb,APPLIED_REGEX_RULE,traeart,Populus canadensis 'De Moffat',Populus hybr. canadensis 'De Moffat',latin_regex,add hybrid marker,NA
1d0aaa30-0f53-44f2-8425-e56071f69bda,APPLIED_REGEX_RULE,traeart,Populus canadensis 'De Moffat',Populus hybr. canadensis 'De Moffat',latin_regex,add hybrid marker,NA
02672fb9-49a0-4c0e-9ffa-797e6a180b41,APPLIED_REGEX_RULE,traeart,Populus canadensis 'De Moffat',Populus hybr. canadensis 'De Moffat',latin_regex,add hybrid marker,NA
ef7828b9-9926-4b0a-af9d-9c9104a22a6f,APPLIED_REGEX_RULE,traeart,Populus canadensis,Populus hybr. canadensis,latin_regex,add hybrid marker,NA
493aaf19-af1c-4008-88c6-fe9fd7602fb1,APPLIED_REGEX_RULE,traeart,Populus canadensis 'Bachalierii',Populus hybr. canadensis 'Bachalierii',latin_regex,add hybrid marker,NA
c949243f-3c34-4463-a868-bf0ee28afa9c,APPLIED_REGEX_RULE,traeart,Populus canadensis,Populus hybr. canadensis,latin_regex,add hybrid marker,NA
7b61eec7-cd99-4e48-8184-d5a329673fea,APPLIED_REGEX_RULE,traeart,Populus canadensis,Populus hybr. canadensis,latin_regex,add hybrid marker,NA
80879020-cae7-40d6-a54b-f78816806ed6,APPLIED_REGEX_RULE,traeart,Populus canescens,Populus hybr. canescens,latin_regex,add hybrid marker,NA
f5e9683c-c315-4711-a58e-47a56135954d,APPLIED_REGEX_RULE,traeart,Populus canescens,Populus hybr. canescens,latin_regex,add hybrid marker,NA
814e6bab-970c-4d6f-9ec5-fb8dd8309ca9,APPLIED_REGEX_RULE,traeart,Populus gileadensis,Populus hybr. gileadensis,latin_regex,add hybrid marker,NA
09123b64-6762-4ffd-8ee4-957ae9d568ec,APPLIED_REGEX_RULE,traeart,Prunus yedoensis,Prunus hybr. yedoensis,latin_regex,add hybrid marker,NA
70c6732d-58e5-45f2-a856-8f362f87a27a,APPLIED_REGEX_RULE,traeart,Prunus yedoensis,Prunus hybr. yedoensis,latin_regex,add hybrid marker,NA
0bf6f004-d273-4c08-965c-d8f42dfd6b9f,APPLIED_REGEX_RULE,traeart,Prunus yedoensis,Prunus hybr. yedoensis,latin_regex,add hybrid marker,NA
c5e45054-7e17-45a7-a72a-c30dcf18cd01,APPLIED_REGEX_RULE,traeart,Prunus yedoensis,Prunus hybr. yedoensis,latin_regex,add hybrid marker,NA
0c95d62b-d5a6-4ec0-aac3-ffc1e2c233cd,APPLIED_REGEX_RULE,traeart,Prunus yedoensis,Prunus hybr. yedoensis,latin_regex,add hybrid marker,NA
8ad82bd4-a0cb-4d2d-9fbb-6491892c57c4,APPLIED_REGEX_RULE,traeart,Prunus yedoensis,Prunus hybr. yedoensis,latin_regex,add hybrid marker,NA
9b68038f-7793-45c9-93ab-3c5ac7583138,APPLIED_REGEX_RULE,traeart,Prunus yedoensis,Prunus hybr. yedoensis,latin_regex,add hybrid marker,NA
2dcc43cd-0687-4ba6-8cb3-d13aa4ea4d81,APPLIED_REGEX_RULE,traeart,Prunus yedoensis,Prunus hybr. yedoensis,latin_regex,add hybrid marker,NA
3285f6a8-98b2-4e02-96f0-b88bb6abf95d,APPLIED_REGEX_RULE,traeart,Prunus yedoensis,Prunus hybr. yedoensis,latin_regex,add hybrid marker,NA
cb45d150-d58b-4542-9273-28b0dba622fb,APPLIED_REGEX_RULE,traeart,Prunus yedoensis,Prunus hybr. yedoensis,latin_regex,add hybrid marker,NA
854a335b-f7b3-4a1f-b413-b54c1d854fbd,APPLIED_REGEX_RULE,traeart,Prunus yedoensis,Prunus hybr. yedoensis,latin_regex,add hybrid marker,NA
c42f7e1e-8a5b-431b-bb20-8d0491f46734,APPLIED_REGEX_RULE,traeart,Prunus yedoensis,Prunus hybr. yedoensis,latin_regex,add hybrid marker,NA
88e9cf72-4237-4204-a2f8-9a1fd486c6db,APPLIED_REGEX_RULE,traeart,Prunus yedoensis,Prunus hybr. yedoensis,latin_regex,add hybrid marker,NA
221562d4-22c3-4a25-9317-14d46367e24e,APPLIED_REGEX_RULE,traeart,Prunus yedoensis,Prunus hybr. yedoensis,latin_regex,add hybrid marker,NA
5fc1c866-f4b8-4195-9014-f4a64fb5f02c,APPLIED_REGEX_RULE,traeart,Prunus yedoensis,Prunus hybr. yedoensis,latin_regex,add hybrid marker,NA
c1ced3cd-bdb1-4d34-8250-7c38621548dd,APPLIED_REGEX_RULE,traeart,Prunus yedoensis,Prunus hybr. yedoensis,latin_regex,add hybrid marker,NA
6f14fe27-e70a-4bb6-b491-95f5adce108f,APPLIED_REGEX_RULE,traeart,Prunus yedoensis,Prunus hybr. yedoensis,latin_regex,add hybrid marker,NA
84301f94-7b75-47f5-b128-2eedfc616df3,APPLIED_REGEX_RULE,traeart,Prunus yedoensis,Prunus hybr. yedoensis,latin_regex,add hybrid marker,NA
cc466df6-bce7-4e24-a3fc-4a6a98f420e8,APPLIED_REGEX_RULE,traeart,Pterocarya rhederiana,Pterocarya hybr. rhederiana,latin_regex,add hybrid marker,NA
f2c0ac0a-4c7f-4eae-8b55-954d75c86914,APPLIED_REGEX_RULE,traeart,Tilia euchlora,Tilia hybr. euchlora,latin_regex,add hybrid marker,NA
98669b28-d2cd-4c50-a390-af900b507024,APPLIED_REGEX_RULE,traeart,Tilia euchlora,Tilia hybr. euchlora,latin_regex,add hybrid marker,NA
bab8b74c-dd7f-4cc2-a76f-f971475d1d14,APPLIED_REGEX_RULE,traeart,Tilia euchlora,Tilia hybr. euchlora,latin_regex,add hybrid marker,NA
6b225ec4-95b6-4b7a-aa7c-296db0695c8c,APPLIED_REGEX_RULE,traeart,Tilia euchlora,Tilia hybr. euchlora,latin_regex,add hybrid marker,NA
52059ca6-710b-45f7-9a35-426504e7645f,APPLIED_REGEX_RULE,traeart,Tilia euchlora,Tilia hybr. euchlora,latin_regex,add hybrid marker,NA
746374c5-11a6-4c1b-b5a9-fe17a28238e6,APPLIED_REGEX_RULE,traeart,Tilia euchlora,Tilia hybr. euchlora,latin_regex,add hybrid marker,NA
cea38324-7bad-4c29-9233-5d550da1a014,APPLIED_REGEX_RULE,traeart,Tilia euchlora,Tilia hybr. euchlora,latin_regex,add hybrid marker,NA
cf3ad4bd-8d40-4eb2-a9f1-013a6f6537bb,APPLIED_REGEX_RULE,traeart,Tilia euchlora,Tilia hybr. euchlora,latin_regex,add hybrid marker,NA
e2188173-4c35-4f96-a2d6-ef46cf70a08a,APPLIED_REGEX_RULE,traeart,Tilia euchlora,Tilia hybr. euchlora,latin_regex,add hybrid marker,NA
99abfa15-5726-4bb7-ad55-d2d5a8259d92,APPLIED_REGEX_RULE,traeart,Tilia euchlora,Tilia hybr. euchlora,latin_regex,add hybrid marker,NA
b46aae3f-17fd-40ff-bb41-0c6c9cc67e01,APPLIED_REGEX_RULE,traeart,Tilia euchlora,Tilia hybr. euchlora,latin_regex,add hybrid marker,NA
fa671dc6-37d3-4f54-a4d3-c37d38b2fc69,APPLIED_REGEX_RULE,traeart,Tilia euchlora,Tilia hybr. euchlora,latin_regex,add hybrid marker,NA
b6c31884-e6fd-4876-90a9-d0f07b03584c,APPLIED_REGEX_RULE,traeart,Tilia euchlora,Tilia hybr. euchlora,latin_regex,add hybrid marker,NA
78a0cb08-6770-4e7f-8e6e-ae4c383b3013,APPLIED_REGEX_RULE,traeart,Tilia euchlora,Tilia hybr. euchlora,latin_regex,add hybrid marker,NA
42134584-9e3c-4932-a6e2-e09939ce4782,APPLIED_REGEX_RULE,traeart,Tilia euchlora,Tilia hybr. euchlora,latin_regex,add hybrid marker,NA
14e8d9a8-a69a-4328-b876-aa87c2bd3362,APPLIED_REGEX_RULE,traeart,Tilia euchlora,Tilia hybr. euchlora,latin_regex,add hybrid marker,NA
75334cd9-45c8-4d38-b19f-59ec3aeae025,APPLIED_REGEX_RULE,traeart,Tilia euchlora,Tilia hybr. euchlora,latin_regex,add hybrid marker,NA
a4617e49-6533-4f85-9175-16e7f4587ea3,APPLIED_REGEX_RULE,traeart,Tilia euchlora,Tilia hybr. euchlora,latin_regex,add hybrid marker,NA
1a48d458-e065-4428-80f5-ab8e77a523bf,APPLIED_REGEX_RULE,traeart,Tilia euchlora,Tilia hybr. euchlora,latin_regex,add hybrid marker,NA
7ff4ba59-0fff-4a9d-9b0d-05b1c0c9ef08,APPLIED_REGEX_RULE,traeart,Tilia euchlora,Tilia hybr. euchlora,latin_regex,add hybrid marker,NA
25f40e01-02ce-4538-833d-7282944f3e16,APPLIED_REGEX_RULE,traeart,Tilia euchlora,Tilia hybr. euchlora,latin_regex,add hybrid marker,NA
74c51a2f-c20b-4d58-b609-0bc8eea5d13a,APPLIED_REGEX_RULE,traeart,Tilia euchlora,Tilia hybr. euchlora,latin_regex,add hybrid marker,NA
06796d67-822f-4e13-91b3-99a91c3291a2,APPLIED_REGEX_RULE,traeart,Tilia euchlora,Tilia hybr. euchlora,latin_regex,add hybrid marker,NA
66e23ea1-e21e-4f11-ab8a-d172b4f0dd6f,APPLIED_REGEX_RULE,traeart,Tilia euchlora,Tilia hybr. euchlora,latin_regex,add hybrid marker,NA
bb9df1cb-1686-493b-b879-6fd7fa80364d,APPLIED_REGEX_RULE,traeart,Tilia euchlora,Tilia hybr. euchlora,latin_regex,add hybrid marker,NA
d96115c2-4371-481b-9e90-6e802c0f68a1,APPLIED_REGEX_RULE,traeart,Tilia euchlora,Tilia hybr. euchlora,latin_regex,add hybrid marker,NA
1588a06b-cce1-4516-a7d8-6bd305c4dc06,APPLIED_REGEX_RULE,traeart,Tilia euchlora,Tilia hybr. euchlora,latin_regex,add hybrid marker,NA
eb808759-806e-4139-8e26-335f08c34fbb,APPLIED_REGEX_RULE,traeart,Tilia euchlora,Tilia hybr. euchlora,latin_regex,add hybrid marker,NA
2f4f150a-3cb2-427a-9097-ec6fd14ac953,APPLIED_REGEX_RULE,traeart,Tilia euchlora,Tilia hybr. euchlora,latin_regex,add hybrid marker,NA
ca6239b0-7c7c-44ad-9787-1c802841fbb9,APPLIED_REGEX_RULE,traeart,Tilia euchlora,Tilia hybr. euchlora,latin_regex,add hybrid marker,NA
9d6de4ad-22a5-41bb-8fc7-b761f68dee2e,APPLIED_REGEX_RULE,traeart,Tilia euchlora,Tilia hybr. euchlora,latin_regex,add hybrid marker,NA
d03f138c-ef19-45c1-9eee-97850e024b44,APPLIED_REGEX_RULE,traeart,Tilia euchlora,Tilia hybr. euchlora,latin_regex,add hybrid marker,NA
c1147623-eff6-49f6-95b4-3686c98a957a,APPLIED_REGEX_RULE,traeart,Tilia euchlora,Tilia hybr. euchlora,latin_regex,add hybrid marker,NA
93648452-fdb2-4f69-b104-5667da2d58c3,APPLIED_REGEX_RULE,traeart,Tilia euchlora,Tilia hybr. euchlora,latin_regex,add hybrid marker,NA
ea3ed151-40f1-4689-9dfa-1384a3257f12,APPLIED_REGEX_RULE,traeart,Tilia euchlora,Tilia hybr. euchlora,latin_regex,add hybrid marker,NA
9b76505b-4f8d-4d58-bdbd-6478269b87f4,APPLIED_REGEX_RULE,traeart,Tilia euchlora,Tilia hybr. euchlora,latin_regex,add hybrid marker,NA
07b9025b-b71b-4281-a0ca-c630c291fc9a,APPLIED_REGEX_RULE,traeart,Tilia euchlora,Tilia hybr. euchlora,latin_regex,add hybrid marker,NA
7c992599-3310-4b3e-87bd-746d07954804,APPLIED_REGEX_RULE,traeart,Tilia euchlora,Tilia hybr. euchlora,latin_regex,add hybrid marker,NA
c0c71b8a-e236-4ae1-aca5-515c393abf0c,APPLIED_REGEX_RULE,traeart,Tilia euchlora,Tilia hybr. euchlora,latin_regex,add hybrid marker,NA
d4e0604f-fcd7-4c69-8ce7-414dd3ddaefe,APPLIED_REGEX_RULE,traeart,Tilia euchlora,Tilia hybr. euchlora,latin_regex,add hybrid marker,NA
020e855e-c9f1-496d-936b-2ee404ab7e9b,APPLIED_REGEX_RULE,traeart,Tilia euchlora,Tilia hybr. euchlora,latin_regex,add hybrid marker,NA
5c6f02f5-f644-4356-90a7-0b8c1838261b,APPLIED_REGEX_RULE,traeart,Tilia euchlora,Tilia hybr. euchlora,latin_regex,add hybrid marker,NA
884a56ba-e3e5-484d-aaa2-2372b8384078,APPLIED_REGEX_RULE,traeart,Tilia euchlora,Tilia hybr. euchlora,latin_regex,add hybrid marker,NA
78ad294f-264b-4d49-b3cd-5f66e12d27dd,APPLIED_REGEX_RULE,traeart,Tilia euchlora,Tilia hybr. euchlora,latin_regex,add hybrid marker,NA
f0873bb1-a7e3-4973-bc88-80e25a4e19bb,APPLIED_REGEX_RULE,traeart,Tilia euchlora,Tilia hybr. euchlora,latin_regex,add hybrid marker,NA
d1c41fd3-8c1b-4aaa-a4d6-a7d7ad03b43b,APPLIED_REGEX_RULE,traeart,Tilia euchlora,Tilia hybr. euchlora,latin_regex,add hybrid marker,NA
4b3d9d13-3ece-4ef5-a784-ca1cd8e61a68,APPLIED_REGEX_RULE,traeart,Tilia euchlora,Tilia hybr. euchlora,latin_regex,add hybrid marker,NA
4f01fbbd-1db9-4149-aee4-1ede1decb91a,APPLIED_REGEX_RULE,traeart,Tilia euchlora,Tilia hybr. euchlora,latin_regex,add hybrid marker,NA
8d7577b9-59af-428a-b868-b219cd246b93,APPLIED_REGEX_RULE,traeart,Tilia euchlora,Tilia hybr. euchlora,latin_regex,add hybrid marker,NA
14e4edd2-584f-45c9-a172-eb5a9f80d950,APPLIED_REGEX_RULE,traeart,Tilia euchlora,Tilia hybr. euchlora,latin_regex,add hybrid marker,NA
c6d35a4a-1204-433c-8fc8-093ebe7f3a69,APPLIED_REGEX_RULE,traeart,Tilia euchlora,Tilia hybr. euchlora,latin_regex,add hybrid marker,NA
1f6b736b-7a26-4509-9600-82a1171d0624,APPLIED_REGEX_RULE,traeart,Tilia euchlora,Tilia hybr. euchlora,latin_regex,add hybrid marker,NA
bb1651bb-dfd9-49bd-a66e-c22378bbf2b6,APPLIED_REGEX_RULE,traeart,Tilia euchlora,Tilia hybr. euchlora,latin_regex,add hybrid marker,NA
ad50c599-c3c2-4980-bc5f-5101447faac1,APPLIED_REGEX_RULE,traeart,Tilia euchlora,Tilia hybr. euchlora,latin_regex,add hybrid marker,NA
f32fa36b-72f1-4e15-a1f8-b7021440ca85,APPLIED_REGEX_RULE,traeart,Tilia euchlora,Tilia hybr. euchlora,latin_regex,add hybrid marker,NA
786ca329-06ba-4517-91dd-0404ed4def23,APPLIED_REGEX_RULE,traeart,Tilia euchlora,Tilia hybr. euchlora,latin_regex,add hybrid marker,NA
3677e177-3abb-48c0-b050-2e4877e8c826,APPLIED_REGEX_RULE,traeart,Tilia euchlora,Tilia hybr. euchlora,latin_regex,add hybrid marker,NA
2c5f2fa2-f51e-42d2-ac32-d8bbe097b209,APPLIED_REGEX_RULE,traeart,Tilia euchlora,Tilia hybr. euchlora,latin_regex,add hybrid marker,NA
8db2772e-5281-428e-9f8b-d1aaadb01c1e,APPLIED_REGEX_RULE,traeart,Tilia euchlora,Tilia hybr. euchlora,latin_regex,add hybrid marker,NA
ab348212-6f09-44a4-9ef9-538e535e936c,APPLIED_REGEX_RULE,traeart,Tilia euchlora,Tilia hybr. euchlora,latin_regex,add hybrid marker,NA
91ba27f8-3d84-4aac-9d12-d3d7f2daba26,APPLIED_REGEX_RULE,traeart,Tilia euchlora,Tilia hybr. euchlora,latin_regex,add hybrid marker,NA
5d97550e-885f-402b-b8ee-e2f2e978e890,APPLIED_REGEX_RULE,traeart,Tilia euchlora,Tilia hybr. euchlora,latin_regex,add hybrid marker,NA
fa328957-c6e2-43eb-bd9f-8a8d160ed09f,APPLIED_REGEX_RULE,traeart,Tilia euchlora,Tilia hybr. euchlora,latin_regex,add hybrid marker,NA
008ba491-5046-4ebf-a5de-c1300e4fcdd5,APPLIED_REGEX_RULE,traeart,Tilia euchlora,Tilia hybr. euchlora,latin_regex,add hybrid marker,NA
525c6575-4963-483f-83e3-c4bf1ca1f429,APPLIED_REGEX_RULE,traeart,Tilia euchlora,Tilia hybr. euchlora,latin_regex,add hybrid marker,NA
5eedec5c-c0b1-4a70-920c-93005a6595ff,APPLIED_REGEX_RULE,traeart,Tilia euchlora,Tilia hybr. euchlora,latin_regex,add hybrid marker,NA
61fa00b2-8cf8-4e2f-bba5-94a6531f90a9,APPLIED_REGEX_RULE,traeart,Tilia euchlora,Tilia hybr. euchlora,latin_regex,add hybrid marker,NA
5a898225-8ecb-4884-a5a2-e55d3f41f6aa,APPLIED_REGEX_RULE,traeart,Tilia euchlora,Tilia hybr. euchlora,latin_regex,add hybrid marker,NA
63551983-5a10-4778-94d5-279c018e899c,APPLIED_REGEX_RULE,traeart,Tilia euchlora,Tilia hybr. euchlora,latin_regex,add hybrid marker,NA
68739c6f-37e7-4737-aec7-a8866c109ac0,APPLIED_REGEX_RULE,traeart,Tilia euchlora,Tilia hybr. euchlora,latin_regex,add hybrid marker,NA
1d80a920-e52d-4276-a5ef-e46687dbd4e0,APPLIED_REGEX_RULE,traeart,Tilia euchlora,Tilia hybr. euchlora,latin_regex,add hybrid marker,NA
6e180ee4-e49d-4af6-84c2-929c884d78ed,APPLIED_REGEX_RULE,traeart,Tilia euchlora,Tilia hybr. euchlora,latin_regex,add hybrid marker,NA
b8132e96-a01d-4436-87af-958dc6cd85b6,APPLIED_REGEX_RULE,traeart,Tilia euchlora,Tilia hybr. euchlora,latin_regex,add hybrid marker,NA
f8897ccf-fd82-4ff6-9b70-98cee77e0331,APPLIED_REGEX_RULE,traeart,Tilia euchlora,Tilia hybr. euchlora,latin_regex,add hybrid marker,NA
2a38d68f-ccd6-469a-8f26-a22962d29b3a,APPLIED_REGEX_RULE,traeart,Tilia euchlora,Tilia hybr. euchlora,latin_regex,add hybrid marker,NA
4944a520-bd61-4578-a747-e248acfa4a9e,APPLIED_REGEX_RULE,traeart,Tilia euchlora,Tilia hybr. euchlora,latin_regex,add hybrid marker,NA
be9b883f-de28-432d-ac50-3866971b0d7b,APPLIED_REGEX_RULE,traeart,Tilia euchlora,Tilia hybr. euchlora,latin_regex,add hybrid marker,NA
3e4d58e5-47a8-46f7-a05e-a8c9662868b2,APPLIED_REGEX_RULE,traeart,Tilia euchlora,Tilia hybr. euchlora,latin_regex,add hybrid marker,NA
b06b8138-a0f9-482e-b93f-2580a08bf32f,APPLIED_REGEX_RULE,traeart,Tilia euchlora,Tilia hybr. euchlora,latin_regex,add hybrid marker,NA
ab7fee87-1ef5-4a95-af9a-5807b17bbd22,APPLIED_REGEX_RULE,traeart,Tilia euchlora,Tilia hybr. euchlora,latin_regex,add hybrid marker,NA
21c54500-62d0-4bd7-8f2d-54cd478a9c85,APPLIED_REGEX_RULE,traeart,Tilia euchlora,Tilia hybr. euchlora,latin_regex,add hybrid marker,NA
5039b729-836b-4865-82a2-53d15caf213e,APPLIED_REGEX_RULE,traeart,Tilia euchlora,Tilia hybr. euchlora,latin_regex,add hybrid marker,NA
3ea698cd-29cd-4842-9c00-1bd4b00eef25,APPLIED_REGEX_RULE,traeart,Tilia euchlora,Tilia hybr. euchlora,latin_regex,add hybrid marker,NA
a708f1c2-868c-4b04-956f-8c67e91bd236,APPLIED_REGEX_RULE,traeart,Tilia euchlora,Tilia hybr. euchlora,latin_regex,add hybrid marker,NA
7ada778b-f742-473a-a2b6-611d3390b550,APPLIED_REGEX_RULE,traeart,Tilia euchlora,Tilia hybr. euchlora,latin_regex,add hybrid marker,NA
5896946a-b32f-49c5-acb6-c42239c3017d,APPLIED_REGEX_RULE,traeart,Tilia euchlora,Tilia hybr. euchlora,latin_regex,add hybrid marker,NA
fa56a329-dd07-40ee-a6a5-8672cca3fc00,APPLIED_REGEX_RULE,traeart,Tilia euchlora,Tilia hybr. euchlora,latin_regex,add hybrid marker,NA
190779e3-7b20-4e28-ae50-eea5e960af8b,APPLIED_REGEX_RULE,traeart,Tilia euchlora,Tilia hybr. euchlora,latin_regex,add hybrid marker,NA
d2f39137-bc2c-4b8a-b728-a933bb5a980b,APPLIED_REGEX_RULE,traeart,Tilia euchlora,Tilia hybr. euchlora,latin_regex,add hybrid marker,NA
91713fd2-b022-4a1d-92e1-b51494439dde,APPLIED_REGEX_RULE,traeart,Tilia euchlora,Tilia hybr. euchlora,latin_regex,add hybrid marker,NA
70beee9e-669c-494b-9b97-85371865ca75,APPLIED_REGEX_RULE,traeart,Tilia euchlora,Tilia hybr. euchlora,latin_regex,add hybrid marker,NA
2632ad2e-6f53-42c1-945f-5aa5f0cae4f0,APPLIED_REGEX_RULE,traeart,Tilia euchlora,Tilia hybr. euchlora,latin_regex,add hybrid marker,NA
36239679-2555-44e0-9343-e1425987567e,APPLIED_REGEX_RULE,traeart,Tilia euchlora,Tilia hybr. euchlora,latin_regex,add hybrid marker,NA
36c1611f-f4b7-4115-bd7c-a534d5f250c4,APPLIED_REGEX_RULE,traeart,Tilia euchlora,Tilia hybr. euchlora,latin_regex,add hybrid marker,NA
aaeb4396-084c-44a6-8b90-1ba3ef2177f5,APPLIED_REGEX_RULE,traeart,Tilia euchlora,Tilia hybr. euchlora,latin_regex,add hybrid marker,NA
d1092d0d-ce40-4095-b447-55d0ff03a47b,APPLIED_REGEX_RULE,traeart,Tilia euchlora,Tilia hybr. euchlora,latin_regex,add hybrid marker,NA
26d9084b-f2e1-4098-b344-a39ca0f85a8a,APPLIED_REGEX_RULE,traeart,Tilia euchlora,Tilia hybr. euchlora,latin_regex,add hybrid marker,NA
1c539a08-709e-4e1c-ae92-8e6b5faef11a,APPLIED_REGEX_RULE,traeart,Tilia euchlora,Tilia hybr. euchlora,latin_regex,add hybrid marker,NA
8db0c3fc-7440-41dc-afd4-0539812decaf,APPLIED_REGEX_RULE,traeart,Tilia euchlora,Tilia hybr. euchlora,latin_regex,add hybrid marker,NA
150b0ed3-5564-4dbf-8c70-c90b89317d5d,APPLIED_REGEX_RULE,traeart,Tilia euchlora,Tilia hybr. euchlora,latin_regex,add hybrid marker,NA
cc8fe1ac-5e8a-42e8-8f5c-1415ed1cbb4e,APPLIED_REGEX_RULE,traeart,Tilia euchlora,Tilia hybr. euchlora,latin_regex,add hybrid marker,NA
3ff39a35-44a1-4863-840b-420e2c562baa,APPLIED_REGEX_RULE,traeart,Tilia euchlora,Tilia hybr. euchlora,latin_regex,add hybrid marker,NA
91c6e555-9479-447b-9e49-0066687e930a,APPLIED_REGEX_RULE,traeart,Tilia euchlora,Tilia hybr. euchlora,latin_regex,add hybrid marker,NA
4e4ba37c-f66d-4a1c-8ed8-965b27283883,APPLIED_REGEX_RULE,traeart,Tilia euchlora,Tilia hybr. euchlora,latin_regex,add hybrid marker,NA
63bd530b-4358-4658-a209-95897390b39a,APPLIED_REGEX_RULE,traeart,Tilia euchlora,Tilia hybr. euchlora,latin_regex,add hybrid marker,NA
96247538-6430-4cc3-993d-087d4cd39743,APPLIED_REGEX_RULE,traeart,Tilia euchlora,Tilia hybr. euchlora,latin_regex,add hybrid marker,NA
e3d98846-41fe-4910-ae8b-3e6755fcef3f,APPLIED_REGEX_RULE,traeart,Tilia euchlora,Tilia hybr. euchlora,latin_regex,add hybrid marker,NA
c2be5f58-d9c2-405d-bb73-dc41db248c99,APPLIED_REGEX_RULE,traeart,Tilia euchlora,Tilia hybr. euchlora,latin_regex,add hybrid marker,NA
41454e0b-1ee0-427b-86c3-acddf1f1e62b,APPLIED_REGEX_RULE,traeart,Tilia euchlora,Tilia hybr. euchlora,latin_regex,add hybrid marker,NA
b6472aac-18ae-43cd-9214-811112f1b79f,APPLIED_REGEX_RULE,traeart,Tilia euchlora,Tilia hybr. euchlora,latin_regex,add hybrid marker,NA
c8f96c21-ad34-481b-b767-40b5866a5bcc,APPLIED_REGEX_RULE,traeart,Tilia euchlora,Tilia hybr. euchlora,latin_regex,add hybrid marker,NA
64580260-b7fb-47b7-a672-61966519f888,APPLIED_REGEX_RULE,traeart,Tilia euchlora,Tilia hybr. euchlora,latin_regex,add hybrid marker,NA
a4ec87c9-26cd-43ed-accb-f0ee26ff44ae,APPLIED_REGEX_RULE,traeart,Tilia euchlora,Tilia hybr. euchlora,latin_regex,add hybrid marker,NA
bec7a0d7-44ca-46c5-bba4-29b33f4c6ac6,APPLIED_REGEX_RULE,traeart,Tilia euchlora,Tilia hybr. euchlora,latin_regex,add hybrid marker,NA
1a3b3c68-ec15-4a84-bc91-a207eadbec7e,APPLIED_REGEX_RULE,traeart,Tilia euchlora,Tilia hybr. euchlora,latin_regex,add hybrid marker,NA
6ac4d922-bb24-4ed8-8674-4d70e54bbfd5,APPLIED_REGEX_RULE,traeart,Tilia euchlora,Tilia hybr. euchlora,latin_regex,add hybrid marker,NA
cbf45e4e-02ea-41e1-9cfb-b1dfc7212ac8,APPLIED_REGEX_RULE,traeart,Tilia euchlora,Tilia hybr. euchlora,latin_regex,add hybrid marker,NA
504550a6-c9f8-43f7-9c66-e2219d0495be,APPLIED_REGEX_RULE,traeart,Tilia euchlora,Tilia hybr. euchlora,latin_regex,add hybrid marker,NA
2d1ef028-e85e-4592-bb5e-60d6ca161fa7,APPLIED_REGEX_RULE,traeart,Tilia euchlora,Tilia hybr. euchlora,latin_regex,add hybrid marker,NA
04811f07-19e9-4d87-a089-62d7326a760b,APPLIED_REGEX_RULE,traeart,Tilia euchlora,Tilia hybr. euchlora,latin_regex,add hybrid marker,NA
e98213f1-ab2c-45f5-8e2e-0c135dbfe60e,APPLIED_REGEX_RULE,traeart,Tilia euchlora,Tilia hybr. euchlora,latin_regex,add hybrid marker,NA
54c690f8-ed3c-4334-b213-82ee0e537c26,APPLIED_REGEX_RULE,traeart,Tilia euchlora,Tilia hybr. euchlora,latin_regex,add hybrid marker,NA
818472a0-a68e-4a63-9099-9ef2c7a1ea7d,APPLIED_REGEX_RULE,traeart,Tilia euchlora,Tilia hybr. euchlora,latin_regex,add hybrid marker,NA
57d6f885-26a2-424f-a57a-2172b4c690c9,APPLIED_REGEX_RULE,traeart,Tilia euchlora,Tilia hybr. euchlora,latin_regex,add hybrid marker,NA
8495cfd6-f6c0-452f-8ec9-e5ee9605c1fe,APPLIED_REGEX_RULE,traeart,Tilia euchlora,Tilia hybr. euchlora,latin_regex,add hybrid marker,NA
9b1ead6c-f1f1-4b7a-86ab-cf484b572d93,APPLIED_REGEX_RULE,traeart,Tilia euchlora,Tilia hybr. euchlora,latin_regex,add hybrid marker,NA
8e1c478c-73f4-4807-8e22-b7c9c1a22ca5,APPLIED_REGEX_RULE,traeart,Tilia euchlora,Tilia hybr. euchlora,latin_regex,add hybrid marker,NA
8c85d55a-29cd-4b6c-84c9-2bc5de6dec2d,APPLIED_REGEX_RULE,traeart,Tilia euchlora,Tilia hybr. euchlora,latin_regex,add hybrid marker,NA
1c068107-42e5-4fd8-b019-ce7fcedd85db,APPLIED_REGEX_RULE,traeart,Tilia euchlora,Tilia hybr. euchlora,latin_regex,add hybrid marker,NA
41c17de0-7982-468d-b55f-fa065ebc65ac,APPLIED_REGEX_RULE,traeart,Tilia euchlora,Tilia hybr. euchlora,latin_regex,add hybrid marker,NA
8e5b844f-98a3-435e-a0bb-07ad56adc95e,APPLIED_REGEX_RULE,traeart,Tilia euchlora,Tilia hybr. euchlora,latin_regex,add hybrid marker,NA
b1c367d3-a22f-4e2f-bdc3-be606a76f069,APPLIED_REGEX_RULE,traeart,Tilia euchlora,Tilia hybr. euchlora,latin_regex,add hybrid marker,NA
cd8595a9-cd56-4b1b-82be-9ad7fbaf19be,APPLIED_REGEX_RULE,traeart,Tilia euchlora,Tilia hybr. euchlora,latin_regex,add hybrid marker,NA
68c3ceb7-855e-4e65-9af2-3cc9fd0d71fe,APPLIED_REGEX_RULE,traeart,Tilia euchlora,Tilia hybr. euchlora,latin_regex,add hybrid marker,NA
d9d0229f-a4f0-4b2c-b663-aebe869e94bf,APPLIED_REGEX_RULE,traeart,Tilia euchlora,Tilia hybr. euchlora,latin_regex,add hybrid marker,NA
260ffeaa-7b41-4268-8c3c-15616920681b,APPLIED_REGEX_RULE,traeart,Tilia euchlora,Tilia hybr. euchlora,latin_regex,add hybrid marker,NA
6891302d-44ef-482e-b7e9-5cddf47bf6d5,APPLIED_REGEX_RULE,traeart,Tilia euchlora,Tilia hybr. euchlora,latin_regex,add hybrid marker,NA
3a3946cb-539b-47f3-9a54-07298f807979,APPLIED_REGEX_RULE,traeart,Tilia euchlora,Tilia hybr. euchlora,latin_regex,add hybrid marker,NA
8ef56fb4-0f51-4749-98f9-16dcbe00d3bf,APPLIED_REGEX_RULE,traeart,Tilia euchlora,Tilia hybr. euchlora,latin_regex,add hybrid marker,NA
1564d0ea-b2ca-400b-ba32-7601fd1b238a,APPLIED_REGEX_RULE,traeart,Tilia euchlora,Tilia hybr. euchlora,latin_regex,add hybrid marker,NA
9970553a-dbc8-4863-8ed2-5bcf1e54ec3d,APPLIED_REGEX_RULE,traeart,Tilia euchlora,Tilia hybr. euchlora,latin_regex,add hybrid marker,NA
16dd3067-c5bc-4e36-aa45-785a91d9c0b5,APPLIED_REGEX_RULE,traeart,Tilia euchlora,Tilia hybr. euchlora,latin_regex,add hybrid marker,NA
43d2370d-4291-4efe-9c3e-af468ce1cfa5,APPLIED_REGEX_RULE,traeart,Tilia euchlora,Tilia hybr. euchlora,latin_regex,add hybrid marker,NA
75acccd5-a285-495c-ac34-32ab7761f3c6,APPLIED_REGEX_RULE,traeart,Tilia euchlora,Tilia hybr. euchlora,latin_regex,add hybrid marker,NA
9bb2b2c7-f45d-427a-b6ee-966e3fbf9c7f,APPLIED_REGEX_RULE,traeart,Tilia euchlora,Tilia hybr. euchlora,latin_regex,add hybrid marker,NA
6f4b1e2f-01cf-4ccc-9703-09f0cea18c83,APPLIED_REGEX_RULE,traeart,Tilia euchlora,Tilia hybr. euchlora,latin_regex,add hybrid marker,NA
91a7293f-12d5-4e30-ae0d-be79083220bd,APPLIED_REGEX_RULE,traeart,Tilia euchlora,Tilia hybr. euchlora,latin_regex,add hybrid marker,NA
ae2703d0-8bf9-4791-89ae-96283eb3d215,APPLIED_REGEX_RULE,traeart,Tilia euchlora,Tilia hybr. euchlora,latin_regex,add hybrid marker,NA
64d531e4-851a-4dbf-b222-6f94d5c07fbd,APPLIED_REGEX_RULE,traeart,Tilia euchlora,Tilia hybr. euchlora,latin_regex,add hybrid marker,NA
cb8045a0-a568-4dc0-a09a-78cb05497b27,APPLIED_REGEX_RULE,traeart,Tilia euchlora,Tilia hybr. euchlora,latin_regex,add hybrid marker,NA
64cdccf3-bbf9-45d1-9739-ccfa7e0225fd,APPLIED_REGEX_RULE,traeart,Tilia euchlora,Tilia hybr. euchlora,latin_regex,add hybrid marker,NA
aaf15591-f401-42e7-b080-aa6d54994f05,APPLIED_REGEX_RULE,traeart,Tilia euchlora,Tilia hybr. euchlora,latin_regex,add hybrid marker,NA
8a3bee15-1513-4d11-884c-c496e2ba70b2,APPLIED_REGEX_RULE,traeart,Tilia euchlora,Tilia hybr. euchlora,latin_regex,add hybrid marker,NA
970450c8-663e-4ad8-b8c9-036a59f9f841,APPLIED_REGEX_RULE,traeart,Tilia euchlora,Tilia hybr. euchlora,latin_regex,add hybrid marker,NA
29f2beef-ad1e-4484-bd6b-6c40dc8fd14f,APPLIED_REGEX_RULE,traeart,Tilia euchlora,Tilia hybr. euchlora,latin_regex,add hybrid marker,NA
8a319a3a-a273-4881-ae4e-4fd23fdfdc6b,APPLIED_REGEX_RULE,traeart,Tilia euchlora,Tilia hybr. euchlora,latin_regex,add hybrid marker,NA
3479f1da-990c-4eab-9c31-dff6b2e5cd36,APPLIED_REGEX_RULE,traeart,Tilia euchlora,Tilia hybr. euchlora,latin_regex,add hybrid marker,NA
e7663942-c60e-4591-805c-68812068b497,APPLIED_REGEX_RULE,traeart,Tilia euchlora,Tilia hybr. euchlora,latin_regex,add hybrid marker,NA
b0053656-ef72-4d53-a4e9-2e7634f850b0,APPLIED_REGEX_RULE,traeart,Tilia euchlora,Tilia hybr. euchlora,latin_regex,add hybrid marker,NA
43d1e531-d952-4e0b-94a9-7bddedf7aefc,APPLIED_REGEX_RULE,traeart,Tilia euchlora,Tilia hybr. euchlora,latin_regex,add hybrid marker,NA
dd89a613-b0eb-4057-b91c-7509ed849627,APPLIED_REGEX_RULE,traeart,Tilia euchlora,Tilia hybr. euchlora,latin_regex,add hybrid marker,NA
3e608035-4014-4c71-85c6-2958091b2d95,APPLIED_REGEX_RULE,traeart,Tilia euchlora,Tilia hybr. euchlora,latin_regex,add hybrid marker,NA
6417cc56-d70d-43b2-b5b6-c92b53c168d6,APPLIED_REGEX_RULE,traeart,Tilia euchlora,Tilia hybr. euchlora,latin_regex,add hybrid marker,NA
51394aac-1e4e-42c4-a0ae-ea2098dfe814,APPLIED_REGEX_RULE,traeart,Tilia euchlora,Tilia hybr. euchlora,latin_regex,add hybrid marker,NA
50dde1db-621d-421e-b757-add01f554196,APPLIED_REGEX_RULE,traeart,Tilia euchlora,Tilia hybr. euchlora,latin_regex,add hybrid marker,NA
10ec6dee-3b6e-49b4-a4ca-714b1fea07e3,APPLIED_REGEX_RULE,traeart,Tilia euchlora,Tilia hybr. euchlora,latin_regex,add hybrid marker,NA
12336ffb-443d-4228-96e2-891991221dab,APPLIED_REGEX_RULE,traeart,Tilia euchlora,Tilia hybr. euchlora,latin_regex,add hybrid marker,NA
5684302d-0aba-4e5e-9e10-6242c584a18f,APPLIED_REGEX_RULE,traeart,Tilia euchlora,Tilia hybr. euchlora,latin_regex,add hybrid marker,NA
c0e652f5-61b6-4dc8-a086-5272a6239a28,APPLIED_REGEX_RULE,traeart,Tilia euchlora,Tilia hybr. euchlora,latin_regex,add hybrid marker,NA
23b9bce3-f49a-4ce6-8816-2465e617a4c3,APPLIED_REGEX_RULE,traeart,Tilia euchlora,Tilia hybr. euchlora,latin_regex,add hybrid marker,NA
5acdc015-50b6-4d02-9ed9-0b444697f025,APPLIED_REGEX_RULE,traeart,Tilia euchlora,Tilia hybr. euchlora,latin_regex,add hybrid marker,NA
11eee9ba-c3f6-4438-af4e-8d0f1d6973d3,APPLIED_REGEX_RULE,traeart,Tilia euchlora,Tilia hybr. euchlora,latin_regex,add hybrid marker,NA
652f9fc1-40d1-4224-9803-dea57e39a2af,APPLIED_REGEX_RULE,traeart,Tilia euchlora,Tilia hybr. euchlora,latin_regex,add hybrid marker,NA
8f7ade86-83af-484c-abc7-49348f472de1,APPLIED_REGEX_RULE,traeart,Tilia euchlora,Tilia hybr. euchlora,latin_regex,add hybrid marker,NA
7985ec7b-aacd-4830-a213-63b4f6d3adb8,APPLIED_REGEX_RULE,traeart,Tilia euchlora,Tilia hybr. euchlora,latin_regex,add hybrid marker,NA
6e07e554-dc7c-4494-8e37-098f71960795,APPLIED_REGEX_RULE,traeart,Tilia euchlora,Tilia hybr. euchlora,latin_regex,add hybrid marker,NA
d494ee16-36e7-454a-9848-2c30eb0c7716,APPLIED_REGEX_RULE,traeart,Tilia euchlora,Tilia hybr. euchlora,latin_regex,add hybrid marker,NA
fe9d6f15-c9ac-4490-b7d9-c3a85cf95fc9,APPLIED_REGEX_RULE,traeart,Tilia euchlora,Tilia hybr. euchlora,latin_regex,add hybrid marker,NA
fc38d427-daaf-4f50-b371-eefab31c9b69,APPLIED_REGEX_RULE,traeart,Tilia euchlora,Tilia hybr. euchlora,latin_regex,add hybrid marker,NA
2f09d8d5-a8b1-4671-a2ee-00c49323d206,APPLIED_REGEX_RULE,traeart,Tilia euchlora,Tilia hybr. euchlora,latin_regex,add hybrid marker,NA
97df10d6-2413-49b2-a601-c021d9bc3110,APPLIED_REGEX_RULE,traeart,Tilia euchlora,Tilia hybr. euchlora,latin_regex,add hybrid marker,NA
e04d4879-f3a6-47af-875e-bf0da04c7425,APPLIED_REGEX_RULE,traeart,Tilia euchlora,Tilia hybr. euchlora,latin_regex,add hybrid marker,NA
cc91c8d7-d2fa-4dc9-b576-6ffa779dc77a,APPLIED_REGEX_RULE,traeart,Tilia euchlora,Tilia hybr. euchlora,latin_regex,add hybrid marker,NA
93d8d09e-20bc-44f9-9253-5f0bd2a9adc6,APPLIED_REGEX_RULE,traeart,Tilia euchlora,Tilia hybr. euchlora,latin_regex,add hybrid marker,NA
aa2e67c9-65db-49f2-8fa8-49032792e632,APPLIED_REGEX_RULE,traeart,Tilia euchlora,Tilia hybr. euchlora,latin_regex,add hybrid marker,NA
a6fd165b-bcc2-4573-b029-9a22e55873e5,APPLIED_REGEX_RULE,traeart,Tilia euchlora,Tilia hybr. euchlora,latin_regex,add hybrid marker,NA
a2c5439a-ac5a-47dc-a996-58a5969d5f11,APPLIED_REGEX_RULE,traeart,Tilia euchlora,Tilia hybr. euchlora,latin_regex,add hybrid marker,NA
b4ceaf4e-cede-4af3-ba90-bed5b5029df8,APPLIED_REGEX_RULE,traeart,Tilia euchlora,Tilia hybr. euchlora,latin_regex,add hybrid marker,NA
02f16a12-4b8f-4739-ac02-a78aca768708,APPLIED_REGEX_RULE,traeart,Tilia euchlora,Tilia hybr. euchlora,latin_regex,add hybrid marker,NA
2d667cab-bb18-487e-8858-3fed78abd9d2,APPLIED_REGEX_RULE,traeart,Tilia euchlora,Tilia hybr. euchlora,latin_regex,add hybrid marker,NA
a534a9fd-3127-460f-b4fb-1e75b43f525b,APPLIED_REGEX_RULE,traeart,Tilia euchlora,Tilia hybr. euchlora,latin_regex,add hybrid marker,NA
bcb85c00-d0f5-45af-8d46-aceeb1555d5b,APPLIED_REGEX_RULE,traeart,Tilia euchlora,Tilia hybr. euchlora,latin_regex,add hybrid marker,NA
92a260ac-01a4-4349-8874-19d3627b2df2,APPLIED_REGEX_RULE,traeart,Tilia euchlora,Tilia hybr. euchlora,latin_regex,add hybrid marker,NA
df44327c-6173-46d9-8587-eed90d5863bc,APPLIED_REGEX_RULE,traeart,Tilia euchlora,Tilia hybr. euchlora,latin_regex,add hybrid marker,NA
b3577dd8-98b5-4f5e-855e-66e243e9c0b0,APPLIED_REGEX_RULE,traeart,Tilia euchlora,Tilia hybr. euchlora,latin_regex,add hybrid marker,NA
1ddb685f-9b10-4ab7-baa0-d296f16e3d97,APPLIED_REGEX_RULE,traeart,Tilia euchlora,Tilia hybr. euchlora,latin_regex,add hybrid marker,NA
60fc6243-48cb-4622-a4e5-9d760d12cad1,APPLIED_REGEX_RULE,traeart,Tilia euchlora,Tilia hybr. euchlora,latin_regex,add hybrid marker,NA
bffdc1f7-843a-4b61-87c8-f2f0bc50b656,APPLIED_REGEX_RULE,traeart,Tilia euchlora,Tilia hybr. euchlora,latin_regex,add hybrid marker,NA
ceb72abb-2bad-4c9e-ad89-cd65115f2c23,APPLIED_REGEX_RULE,traeart,Tilia euchlora,Tilia hybr. euchlora,latin_regex,add hybrid marker,NA
3e862bd8-d3eb-41e1-8e89-583af7c49709,APPLIED_REGEX_RULE,traeart,Tilia euchlora,Tilia hybr. euchlora,latin_regex,add hybrid marker,NA
996d8f0f-9217-49fd-b1ed-13b2ced8f797,APPLIED_REGEX_RULE,traeart,Tilia euchlora,Tilia hybr. euchlora,latin_regex,add hybrid marker,NA
f4790d1e-b33a-48b8-bd87-034e6188d113,APPLIED_REGEX_RULE,traeart,Tilia euchlora,Tilia hybr. euchlora,latin_regex,add hybrid marker,NA
d83353df-f5f7-4fb3-9ee6-74e8ea33abb7,APPLIED_REGEX_RULE,traeart,Tilia euchlora,Tilia hybr. euchlora,latin_regex,add hybrid marker,NA
c81fa7cb-3d49-46e0-bdcd-90b595108798,APPLIED_REGEX_RULE,traeart,Tilia euchlora,Tilia hybr. euchlora,latin_regex,add hybrid marker,NA
264ea55e-8c18-4b38-a4a6-f459d5843186,APPLIED_REGEX_RULE,traeart,Tilia euchlora,Tilia hybr. euchlora,latin_regex,add hybrid marker,NA
d8474b38-4971-4af3-867f-645d57e47cf3,APPLIED_REGEX_RULE,traeart,Tilia euchlora,Tilia hybr. euchlora,latin_regex,add hybrid marker,NA
a2ae26f9-ccd3-4546-8985-23a3f911d77b,APPLIED_REGEX_RULE,traeart,Tilia euchlora,Tilia hybr. euchlora,latin_regex,add hybrid marker,NA
7cde2ce8-107e-4911-9077-41173b9492d0,APPLIED_REGEX_RULE,traeart,Tilia euchlora,Tilia hybr. euchlora,latin_regex,add hybrid marker,NA
188e1c8b-e88b-42eb-b94b-4dd919bd9836,APPLIED_REGEX_RULE,traeart,Tilia euchlora,Tilia hybr. euchlora,latin_regex,add hybrid marker,NA
fa9bb6bd-f81f-4f58-91d6-992ed8ba95da,APPLIED_REGEX_RULE,traeart,Tilia euchlora,Tilia hybr. euchlora,latin_regex,add hybrid marker,NA
6759c7b9-5720-4c6b-971c-b5bc1f8318c4,APPLIED_REGEX_RULE,traeart,Tilia euchlora,Tilia hybr. euchlora,latin_regex,add hybrid marker,NA
afa1e4a8-fd02-4551-9eac-b17f49ce590a,APPLIED_REGEX_RULE,traeart,Tilia euchlora,Tilia hybr. euchlora,latin_regex,add hybrid marker,NA
d91d4b45-2ea0-43c1-b067-a6bf21bdaeb3,APPLIED_REGEX_RULE,traeart,Tilia euchlora,Tilia hybr. euchlora,latin_regex,add hybrid marker,NA
f6092441-e684-4fb9-a455-d32704a3b0d7,APPLIED_REGEX_RULE,traeart,Tilia euchlora,Tilia hybr. euchlora,latin_regex,add hybrid marker,NA
2eebf8ad-4c7a-45a3-a8be-24156029bbc0,APPLIED_REGEX_RULE,traeart,Tilia euchlora,Tilia hybr. euchlora,latin_regex,add hybrid marker,NA
a901ab0b-5b54-478c-a9e8-9f834a00f0d2,APPLIED_REGEX_RULE,traeart,Tilia euchlora,Tilia hybr. euchlora,latin_regex,add hybrid marker,NA
7f737f19-b02c-49e1-a510-59c74b79d911,APPLIED_REGEX_RULE,traeart,Tilia euchlora,Tilia hybr. euchlora,latin_regex,add hybrid marker,NA
9002e6dd-2893-45dd-8038-3590302c4e62,APPLIED_REGEX_RULE,traeart,Tilia euchlora,Tilia hybr. euchlora,latin_regex,add hybrid marker,NA
e549a1d0-cab1-4875-b49d-962b905a2261,APPLIED_REGEX_RULE,traeart,Tilia euchlora,Tilia hybr. euchlora,latin_regex,add hybrid marker,NA
692b0d58-932e-48b7-8701-52b8173f32f9,APPLIED_REGEX_RULE,traeart,Tilia euchlora,Tilia hybr. euchlora,latin_regex,add hybrid marker,NA
8710e0dc-bb3c-4a7b-b10a-ea3a332549ca,APPLIED_REGEX_RULE,traeart,Tilia euchlora,Tilia hybr. euchlora,latin_regex,add hybrid marker,NA
9d72fe8e-c838-42b0-ad5a-263fa7cf4838,APPLIED_REGEX_RULE,traeart,Tilia euchlora,Tilia hybr. euchlora,latin_regex,add hybrid marker,NA
4c829e39-d0d0-4be9-9611-2097c54c33fb,APPLIED_REGEX_RULE,traeart,Tilia euchlora,Tilia hybr. euchlora,latin_regex,add hybrid marker,NA
251db476-0b9d-43a7-9b61-53b1f7450b10,APPLIED_REGEX_RULE,traeart,Tilia euchlora,Tilia hybr. euchlora,latin_regex,add hybrid marker,NA
ce084f78-446c-4a8c-b727-8bfcc281d3d8,APPLIED_REGEX_RULE,traeart,Tilia euchlora,Tilia hybr. euchlora,latin_regex,add hybrid marker,NA
456779f6-ecbc-4105-9601-00f46009c8d9,APPLIED_REGEX_RULE,traeart,Tilia euchlora,Tilia hybr. euchlora,latin_regex,add hybrid marker,NA
39658b64-4056-405e-9c15-555fc539de61,APPLIED_REGEX_RULE,traeart,Tilia euchlora,Tilia hybr. euchlora,latin_regex,add hybrid marker,NA
c314f3e4-cf91-466d-8028-6d049291aff8,APPLIED_REGEX_RULE,traeart,Tilia euchlora,Tilia hybr. euchlora,latin_regex,add hybrid marker,NA
296885ac-73e2-481b-92c6-ba1cd17e5f08,APPLIED_REGEX_RULE,traeart,Tilia euchlora,Tilia hybr. euchlora,latin_regex,add hybrid marker,NA
ca67b9f4-169c-4507-bec8-85eb5ea6dabb,APPLIED_REGEX_RULE,traeart,Tilia euchlora,Tilia hybr. euchlora,latin_regex,add hybrid marker,NA
ae0dd89c-8208-494c-b429-5d67bc0e971c,APPLIED_REGEX_RULE,traeart,Tilia euchlora,Tilia hybr. euchlora,latin_regex,add hybrid marker,NA
ef101e95-2aef-4880-b2d7-13a0e38c09d7,APPLIED_REGEX_RULE,traeart,Tilia euchlora,Tilia hybr. euchlora,latin_regex,add hybrid marker,NA
8d1ee7ad-895f-431b-a99d-117d4d11f39d,APPLIED_REGEX_RULE,traeart,Tilia euchlora,Tilia hybr. euchlora,latin_regex,add hybrid marker,NA
f5b9c62f-0ce1-4779-a715-8d820f460a07,APPLIED_REGEX_RULE,traeart,Tilia euchlora,Tilia hybr. euchlora,latin_regex,add hybrid marker,NA
de22a98e-f223-4c44-9947-dc594bfb9b0d,APPLIED_REGEX_RULE,traeart,Tilia euchlora,Tilia hybr. euchlora,latin_regex,add hybrid marker,NA
ce671564-c1b6-4a09-9ad7-020966f45cc2,APPLIED_REGEX_RULE,traeart,Tilia euchlora,Tilia hybr. euchlora,latin_regex,add hybrid marker,NA
cc58d1bf-1e76-49a4-a695-4f8265eb8d49,APPLIED_REGEX_RULE,traeart,Tilia euchlora,Tilia hybr. euchlora,latin_regex,add hybrid marker,NA
d3bcbd35-6ff4-4cda-8fea-8c7888fa3259,APPLIED_REGEX_RULE,traeart,Tilia euchlora,Tilia hybr. euchlora,latin_regex,add hybrid marker,NA
14afc16c-1d96-470c-a392-d609bda6a0db,APPLIED_REGEX_RULE,traeart,Tilia euchlora,Tilia hybr. euchlora,latin_regex,add hybrid marker,NA
fc307866-290f-4bc3-8a5d-e2b990b3dceb,APPLIED_REGEX_RULE,traeart,Tilia euchlora,Tilia hybr. euchlora,latin_regex,add hybrid marker,NA
549dd9a8-c56e-48b0-a0e7-9bf8855311b7,APPLIED_REGEX_RULE,traeart,Tilia euchlora,Tilia hybr. euchlora,latin_regex,add hybrid marker,NA
05d30fa8-630b-4dc3-a594-67dc9fbee0d7,APPLIED_REGEX_RULE,traeart,Tilia euchlora,Tilia hybr. euchlora,latin_regex,add hybrid marker,NA
b0fe6767-efda-4856-939a-a1ff07a496a8,APPLIED_REGEX_RULE,traeart,Tilia euchlora,Tilia hybr. euchlora,latin_regex,add hybrid marker,NA
340a2477-aa9e-42d2-8f80-68302b4566c4,APPLIED_REGEX_RULE,traeart,Tilia euchlora,Tilia hybr. euchlora,latin_regex,add hybrid marker,NA
24679f6c-707b-40db-b8ad-a8072b440273,APPLIED_REGEX_RULE,traeart,Tilia euchlora,Tilia hybr. euchlora,latin_regex,add hybrid marker,NA
6dca60f4-8921-404d-827c-52b5e68adc65,APPLIED_REGEX_RULE,traeart,Tilia euchlora,Tilia hybr. euchlora,latin_regex,add hybrid marker,NA
079c64b5-199e-405d-b1b5-8e5234300182,APPLIED_REGEX_RULE,traeart,Tilia euchlora,Tilia hybr. euchlora,latin_regex,add hybrid marker,NA
90221a28-f675-4b9a-97a5-239d6f65c518,APPLIED_REGEX_RULE,traeart,Tilia euchlora,Tilia hybr. euchlora,latin_regex,add hybrid marker,NA
7d90d322-b764-47f7-896c-6dff91f67747,APPLIED_REGEX_RULE,traeart,Tilia euchlora,Tilia hybr. euchlora,latin_regex,add hybrid marker,NA
9d1167fb-6cf9-4175-9ae0-ecb842c25896,APPLIED_REGEX_RULE,traeart,Tilia euchlora,Tilia hybr. euchlora,latin_regex,add hybrid marker,NA
e1be1f3c-175b-4a27-845c-3938f78d4632,APPLIED_REGEX_RULE,traeart,Tilia euchlora,Tilia hybr. euchlora,latin_regex,add hybrid marker,NA
1ba756c4-d24d-42b1-818b-0212185870e9,APPLIED_REGEX_RULE,traeart,Tilia euchlora,Tilia hybr. euchlora,latin_regex,add hybrid marker,NA
1ac82e02-05ba-43bd-9e36-d402a9549d8e,APPLIED_REGEX_RULE,traeart,Tilia euchlora,Tilia hybr. euchlora,latin_regex,add hybrid marker,NA
04e8c4b9-05d3-4c10-a63c-763afa2c1177,APPLIED_REGEX_RULE,traeart,Tilia euchlora,Tilia hybr. euchlora,latin_regex,add hybrid marker,NA
e3313584-a06a-4a23-a9c7-2a417c4b5214,APPLIED_REGEX_RULE,traeart,Tilia euchlora,Tilia hybr. euchlora,latin_regex,add hybrid marker,NA
3d0dec1f-0dbe-4d18-8926-3e7d3a51662a,APPLIED_REGEX_RULE,traeart,Tilia euchlora,Tilia hybr. euchlora,latin_regex,add hybrid marker,NA
56dccd99-878a-47bd-9740-ac8b018be75b,APPLIED_REGEX_RULE,traeart,Tilia euchlora,Tilia hybr. euchlora,latin_regex,add hybrid marker,NA
76014705-681e-416e-b359-30e12593663e,APPLIED_REGEX_RULE,traeart,Tilia euchlora,Tilia hybr. euchlora,latin_regex,add hybrid marker,NA
b4809ba0-0e60-4fae-a52d-4d4fd0b3f127,APPLIED_REGEX_RULE,traeart,Tilia euchlora,Tilia hybr. euchlora,latin_regex,add hybrid marker,NA
0aaee4a6-e04b-4365-b0fb-b0bba5ef2693,APPLIED_REGEX_RULE,traeart,Tilia euchlora,Tilia hybr. euchlora,latin_regex,add hybrid marker,NA
3dc90c6f-891a-47d8-8f3d-074ca6ea0705,APPLIED_REGEX_RULE,traeart,Tilia euchlora,Tilia hybr. euchlora,latin_regex,add hybrid marker,NA
5f2c5204-b4e1-40e4-a001-bf8d84911a3c,APPLIED_REGEX_RULE,traeart,Tilia euchlora,Tilia hybr. euchlora,latin_regex,add hybrid marker,NA
c207fa7a-5883-4845-9622-71df48a02d4a,APPLIED_REGEX_RULE,traeart,Tilia euchlora,Tilia hybr. euchlora,latin_regex,add hybrid marker,NA
34460408-3136-4ce9-ac62-6d9ac9e15158,APPLIED_REGEX_RULE,traeart,Tilia euchlora,Tilia hybr. euchlora,latin_regex,add hybrid marker,NA
aa6e3908-e44d-4585-85c2-37e6c742318e,APPLIED_REGEX_RULE,traeart,Tilia euchlora,Tilia hybr. euchlora,latin_regex,add hybrid marker,NA
1a4690f4-c6cc-4c5b-932e-101a2fec7558,APPLIED_REGEX_RULE,traeart,Tilia euchlora,Tilia hybr. euchlora,latin_regex,add hybrid marker,NA
9b44b091-f9d1-4c63-9fab-4804337ef7f5,APPLIED_REGEX_RULE,traeart,Tilia euchlora,Tilia hybr. euchlora,latin_regex,add hybrid marker,NA
640690dc-74cb-46bd-ae4b-8b8e1144f5e7,APPLIED_REGEX_RULE,traeart,Tilia euchlora,Tilia hybr. euchlora,latin_regex,add hybrid marker,NA
d4218916-ffc6-4988-a42a-8b23268749d3,APPLIED_REGEX_RULE,traeart,Tilia euchlora,Tilia hybr. euchlora,latin_regex,add hybrid marker,NA
43153b48-97ea-4d35-8744-f817582ee76d,APPLIED_REGEX_RULE,traeart,Tilia euchlora,Tilia hybr. euchlora,latin_regex,add hybrid marker,NA
2bd4003b-c991-46f4-aed8-6ad78730954b,APPLIED_REGEX_RULE,traeart,Tilia euchlora,Tilia hybr. euchlora,latin_regex,add hybrid marker,NA
1c05e51b-3b11-4030-8d45-f1db82d72896,APPLIED_REGEX_RULE,traeart,Tilia euchlora,Tilia hybr. euchlora,latin_regex,add hybrid marker,NA
56aef093-0b5d-46b6-8e5a-d015d675db05,APPLIED_REGEX_RULE,traeart,Tilia euchlora,Tilia hybr. euchlora,latin_regex,add hybrid marker,NA
404c8577-79df-4da8-88b9-4b9c24dd3071,APPLIED_REGEX_RULE,traeart,Tilia euchlora,Tilia hybr. euchlora,latin_regex,add hybrid marker,NA
4f930af2-a94c-4d12-b3d8-0695173bbc88,APPLIED_REGEX_RULE,traeart,Tilia euchlora,Tilia hybr. euchlora,latin_regex,add hybrid marker,NA
4091843a-7a9e-4ccd-9e6e-4c7e23533823,APPLIED_REGEX_RULE,traeart,Tilia euchlora,Tilia hybr. euchlora,latin_regex,add hybrid marker,NA
e1e5c0e6-62f4-4296-821c-d58ad97ef4fe,APPLIED_REGEX_RULE,traeart,Tilia euchlora,Tilia hybr. euchlora,latin_regex,add hybrid marker,NA
4a4de107-deaa-405f-80c5-f185fe4fc453,APPLIED_REGEX_RULE,traeart,Tilia euchlora,Tilia hybr. euchlora,latin_regex,add hybrid marker,NA
1c355b77-592c-4cf8-99da-ff564571542f,APPLIED_REGEX_RULE,traeart,Tilia euchlora,Tilia hybr. euchlora,latin_regex,add hybrid marker,NA
a403e789-db0a-4b3b-b698-f609fc94e711,APPLIED_REGEX_RULE,traeart,Tilia euchlora,Tilia hybr. euchlora,latin_regex,add hybrid marker,NA
ee4f7f08-9d64-428b-af98-ece82d2e051f,APPLIED_REGEX_RULE,traeart,Tilia euchlora,Tilia hybr. euchlora,latin_regex,add hybrid marker,NA
475eaf30-9840-4922-8425-c3f498db7015,APPLIED_REGEX_RULE,traeart,Tilia euchlora,Tilia hybr. euchlora,latin_regex,add hybrid marker,NA
9b89ee37-da96-49d3-a3ae-b8c697ac6b5a,APPLIED_REGEX_RULE,traeart,Tilia euchlora,Tilia hybr. euchlora,latin_regex,add hybrid marker,NA
d4cd2539-0839-4254-bf52-f2f3c0d6c20d,APPLIED_REGEX_RULE,traeart,Tilia euchlora,Tilia hybr. euchlora,latin_regex,add hybrid marker,NA
f3467cf3-22dd-4bec-93ed-187857cd8128,APPLIED_REGEX_RULE,traeart,Tilia euchlora,Tilia hybr. euchlora,latin_regex,add hybrid marker,NA
7829ef6c-da67-4175-9ba8-76cd24c221c8,APPLIED_REGEX_RULE,traeart,Tilia euchlora,Tilia hybr. euchlora,latin_regex,add hybrid marker,NA
cb04775f-58ec-4d8a-a1ac-2cf9769b69b1,APPLIED_REGEX_RULE,traeart,Tilia euchlora,Tilia hybr. euchlora,latin_regex,add hybrid marker,NA
f73203f7-8ba9-407f-82b0-1e66d6cd34dc,APPLIED_REGEX_RULE,traeart,Tilia euchlora,Tilia hybr. euchlora,latin_regex,add hybrid marker,NA
2fa9578e-3bca-4447-9d15-c407258742a4,APPLIED_REGEX_RULE,traeart,Tilia euchlora,Tilia hybr. euchlora,latin_regex,add hybrid marker,NA
fce74489-2b44-4d2a-8171-5d10cfd3793f,APPLIED_REGEX_RULE,traeart,Tilia euchlora,Tilia hybr. euchlora,latin_regex,add hybrid marker,NA
f217ad9b-6f90-482f-81de-63e3d93351a9,APPLIED_REGEX_RULE,traeart,Tilia euchlora,Tilia hybr. euchlora,latin_regex,add hybrid marker,NA
66f026db-cf73-435c-8142-bbba9f1b1f01,APPLIED_REGEX_RULE,traeart,Tilia euchlora,Tilia hybr. euchlora,latin_regex,add hybrid marker,NA
dbb46d17-98ea-4b25-8a5e-5d4a59e95499,APPLIED_REGEX_RULE,traeart,Tilia euchlora,Tilia hybr. euchlora,latin_regex,add hybrid marker,NA
10de34c3-5db2-430f-ab4f-b1a8ad16332a,APPLIED_REGEX_RULE,traeart,Tilia euchlora,Tilia hybr. euchlora,latin_regex,add hybrid marker,NA
660bfabc-43b3-4a84-af56-b875a12ede22,APPLIED_REGEX_RULE,traeart,Tilia euchlora,Tilia hybr. euchlora,latin_regex,add hybrid marker,NA
a4ae8fcb-c4fd-4005-a014-d6c7b55c7c91,APPLIED_REGEX_RULE,traeart,Tilia euchlora,Tilia hybr. euchlora,latin_regex,add hybrid marker,NA
12afb593-019f-42b8-83dc-4504da2b63de,APPLIED_REGEX_RULE,traeart,Tilia euchlora,Tilia hybr. euchlora,latin_regex,add hybrid marker,NA
49c6f4a3-0ab0-48f0-87fa-cad7322a55e2,APPLIED_REGEX_RULE,traeart,Tilia euchlora,Tilia hybr. euchlora,latin_regex,add hybrid marker,NA
c53b202c-718a-496e-b07c-21a59843abb3,APPLIED_REGEX_RULE,traeart,Tilia euchlora,Tilia hybr. euchlora,latin_regex,add hybrid marker,NA
9da7f5a4-e974-4f86-ae37-566b5cbdb9a2,APPLIED_REGEX_RULE,traeart,Tilia euchlora,Tilia hybr. euchlora,latin_regex,add hybrid marker,NA
3c016db1-482d-421c-83b9-58351cd7ae9d,APPLIED_REGEX_RULE,traeart,Tilia euchlora,Tilia hybr. euchlora,latin_regex,add hybrid marker,NA
c7fa3d4f-c1a0-4bdb-b5fc-98b329674e7a,APPLIED_REGEX_RULE,traeart,Tilia euchlora,Tilia hybr. euchlora,latin_regex,add hybrid marker,NA
e1a00a79-4ac9-44c8-ba38-a7deac7aa270,APPLIED_REGEX_RULE,traeart,Tilia euchlora,Tilia hybr. euchlora,latin_regex,add hybrid marker,NA
f101e360-a2c5-4ad6-bbc8-dc24f2639454,APPLIED_REGEX_RULE,traeart,Tilia euchlora,Tilia hybr. euchlora,latin_regex,add hybrid marker,NA
f00708be-152b-447e-9be6-f7f4219b0aca,APPLIED_REGEX_RULE,traeart,Tilia euchlora,Tilia hybr. euchlora,latin_regex,add hybrid marker,NA
678e6657-684a-40bc-93f0-7dd8f8a3ab16,APPLIED_REGEX_RULE,traeart,Tilia euchlora,Tilia hybr. euchlora,latin_regex,add hybrid marker,NA
62ba47d5-9f9e-4d6b-8b6b-06c2a81eb828,APPLIED_REGEX_RULE,traeart,Tilia euchlora,Tilia hybr. euchlora,latin_regex,add hybrid marker,NA
92889bbb-84b7-4824-8d52-2eae9059bf65,APPLIED_REGEX_RULE,traeart,Tilia euchlora,Tilia hybr. euchlora,latin_regex,add hybrid marker,NA
6357228a-2407-4f7b-9c38-4ed2228cf622,APPLIED_REGEX_RULE,traeart,Tilia euchlora,Tilia hybr. euchlora,latin_regex,add hybrid marker,NA
dd821f10-5847-47a8-9e21-5dff8ac03c44,APPLIED_REGEX_RULE,traeart,Tilia euchlora,Tilia hybr. euchlora,latin_regex,add hybrid marker,NA
fc5211f3-1b84-4cf4-9856-eccfc2de31fa,APPLIED_REGEX_RULE,traeart,Tilia euchlora,Tilia hybr. euchlora,latin_regex,add hybrid marker,NA
1c9bde84-4bed-4552-aa7d-245539e93b7b,APPLIED_REGEX_RULE,traeart,Tilia euchlora,Tilia hybr. euchlora,latin_regex,add hybrid marker,NA
0abaa3f5-6adc-4d8a-a08a-32a66ae584aa,APPLIED_REGEX_RULE,traeart,Tilia euchlora,Tilia hybr. euchlora,latin_regex,add hybrid marker,NA
8f0a36f6-ecac-4ee3-a19c-3fa25005edc2,APPLIED_REGEX_RULE,traeart,Tilia euchlora,Tilia hybr. euchlora,latin_regex,add hybrid marker,NA
e6e31a30-c7a7-4357-b05e-fe17d051daf9,APPLIED_REGEX_RULE,traeart,Tilia euchlora,Tilia hybr. euchlora,latin_regex,add hybrid marker,NA
4d08b82f-b823-411e-8513-730b1089c85d,APPLIED_REGEX_RULE,traeart,Tilia euchlora,Tilia hybr. euchlora,latin_regex,add hybrid marker,NA
31d3eaac-ed32-4227-adde-0de8a88500b6,APPLIED_REGEX_RULE,traeart,Tilia euchlora,Tilia hybr. euchlora,latin_regex,add hybrid marker,NA
1cd46df4-8f10-4f10-9634-23ef4ad12cbc,APPLIED_REGEX_RULE,traeart,Tilia euchlora,Tilia hybr. euchlora,latin_regex,add hybrid marker,NA
67cce381-ae07-45f3-9e25-c6bea4fcd073,APPLIED_REGEX_RULE,traeart,Tilia euchlora,Tilia hybr. euchlora,latin_regex,add hybrid marker,NA
46c91903-c151-4c91-8b01-2746a95345fc,APPLIED_REGEX_RULE,traeart,Tilia euchlora,Tilia hybr. euchlora,latin_regex,add hybrid marker,NA
1bff1482-6a91-42bc-bcc3-715c27373ce6,APPLIED_REGEX_RULE,traeart,Tilia euchlora,Tilia hybr. euchlora,latin_regex,add hybrid marker,NA
0662124f-9e60-49e4-8283-f3d25e3c2c27,APPLIED_REGEX_RULE,traeart,Tilia euchlora,Tilia hybr. euchlora,latin_regex,add hybrid marker,NA
d2679bf2-c8ba-4a97-80ab-34e1a52d2624,APPLIED_REGEX_RULE,traeart,Tilia euchlora,Tilia hybr. euchlora,latin_regex,add hybrid marker,NA
4067bf27-f936-442e-8a97-406bd8b196b3,APPLIED_REGEX_RULE,traeart,Tilia euchlora,Tilia hybr. euchlora,latin_regex,add hybrid marker,NA
09b10d34-6777-4349-bd19-de98454503b1,APPLIED_REGEX_RULE,traeart,Tilia euchlora,Tilia hybr. euchlora,latin_regex,add hybrid marker,NA
5fc641e7-efc4-4c23-88d4-a97d64413ccd,APPLIED_REGEX_RULE,traeart,Tilia euchlora,Tilia hybr. euchlora,latin_regex,add hybrid marker,NA
cf9d33f6-a839-4a2a-ac18-aac7d20711a5,APPLIED_REGEX_RULE,traeart,Tilia euchlora,Tilia hybr. euchlora,latin_regex,add hybrid marker,NA
c3c5bacf-7dfd-4640-969a-3a10355af046,APPLIED_REGEX_RULE,traeart,Tilia euchlora,Tilia hybr. euchlora,latin_regex,add hybrid marker,NA
1f909660-6b92-4c92-830e-550c0340e00c,APPLIED_REGEX_RULE,traeart,Tilia euchlora,Tilia hybr. euchlora,latin_regex,add hybrid marker,NA
19955141-b208-4234-baea-20d528b519d9,APPLIED_REGEX_RULE,traeart,Tilia euchlora,Tilia hybr. euchlora,latin_regex,add hybrid marker,NA
08980599-db1c-4c56-bcce-ddfd7cadc284,APPLIED_REGEX_RULE,traeart,Tilia euchlora,Tilia hybr. euchlora,latin_regex,add hybrid marker,NA
f9205f9c-3b0f-41ba-a626-ab8fd7ea3f23,APPLIED_REGEX_RULE,traeart,Tilia euchlora,Tilia hybr. euchlora,latin_regex,add hybrid marker,NA
ed4535a7-701f-4b4b-877e-b2581217b511,APPLIED_REGEX_RULE,traeart,Tilia euchlora,Tilia hybr. euchlora,latin_regex,add hybrid marker,NA
3b8bbeae-cd23-435b-a192-b0d6f340864a,APPLIED_REGEX_RULE,traeart,Tilia euchlora,Tilia hybr. euchlora,latin_regex,add hybrid marker,NA
58a5cb1f-3aa8-480f-ad91-76129c3fe8da,APPLIED_REGEX_RULE,traeart,Tilia euchlora,Tilia hybr. euchlora,latin_regex,add hybrid marker,NA
ee4f3ceb-f974-44b1-9bbf-3ca8d721f41e,APPLIED_REGEX_RULE,traeart,Tilia euchlora,Tilia hybr. euchlora,latin_regex,add hybrid marker,NA
d219a92b-b7c5-40b5-b632-5964b83ce7af,APPLIED_REGEX_RULE,traeart,Tilia euchlora,Tilia hybr. euchlora,latin_regex,add hybrid marker,NA
e3881ce8-2788-4421-b126-b3f24594c038,APPLIED_REGEX_RULE,traeart,Tilia euchlora,Tilia hybr. euchlora,latin_regex,add hybrid marker,NA
5a8c55df-86c2-4cf9-b28d-9960667dc857,APPLIED_REGEX_RULE,traeart,Tilia euchlora,Tilia hybr. euchlora,latin_regex,add hybrid marker,NA
d1958594-3f0f-4b4c-ab53-8234ac5ce8c6,APPLIED_REGEX_RULE,traeart,Tilia euchlora,Tilia hybr. euchlora,latin_regex,add hybrid marker,NA
54743a35-45ba-4ca8-8721-d9a405632df7,APPLIED_REGEX_RULE,traeart,Tilia euchlora,Tilia hybr. euchlora,latin_regex,add hybrid marker,NA
39812561-3813-4266-b663-b1120bbbf473,APPLIED_REGEX_RULE,traeart,Tilia euchlora,Tilia hybr. euchlora,latin_regex,add hybrid marker,NA
280b39ff-a6ca-4ed8-a9f3-63f511cdcd6d,APPLIED_REGEX_RULE,traeart,Tilia euchlora,Tilia hybr. euchlora,latin_regex,add hybrid marker,NA
3104508b-ad68-4f76-959c-ecd19c7ef926,APPLIED_REGEX_RULE,traeart,Tilia euchlora,Tilia hybr. euchlora,latin_regex,add hybrid marker,NA
c62bfe4c-23c2-4bb7-b647-7d14c21e6a8a,APPLIED_REGEX_RULE,traeart,Tilia euchlora,Tilia hybr. euchlora,latin_regex,add hybrid marker,NA
b169d6b4-4ae3-43bd-83d7-84eab3789507,APPLIED_REGEX_RULE,traeart,Tilia euchlora,Tilia hybr. euchlora,latin_regex,add hybrid marker,NA
2f9a3ac0-ee13-4bbe-809c-a9b8e6872add,APPLIED_REGEX_RULE,traeart,Tilia euchlora,Tilia hybr. euchlora,latin_regex,add hybrid marker,NA
6c2331ca-a026-4c94-86d7-0da2db28c514,APPLIED_REGEX_RULE,traeart,Tilia euchlora,Tilia hybr. euchlora,latin_regex,add hybrid marker,NA
5731bf35-b293-4f93-859e-f35320b332c5,APPLIED_REGEX_RULE,traeart,Tilia euchlora,Tilia hybr. euchlora,latin_regex,add hybrid marker,NA
b951513d-60a1-4c17-8184-89e829a0d956,APPLIED_REGEX_RULE,traeart,Tilia euchlora,Tilia hybr. euchlora,latin_regex,add hybrid marker,NA
4b5df6e6-f227-4c68-b86b-3e7f5cb399b4,APPLIED_REGEX_RULE,traeart,Tilia euchlora,Tilia hybr. euchlora,latin_regex,add hybrid marker,NA
6e9148e6-a6ed-47f2-9532-298140fbfbd0,APPLIED_REGEX_RULE,traeart,Tilia euchlora,Tilia hybr. euchlora,latin_regex,add hybrid marker,NA
f3f13744-9768-4f86-9a16-a09bc46bb06f,APPLIED_REGEX_RULE,traeart,Tilia euchlora,Tilia hybr. euchlora,latin_regex,add hybrid marker,NA
34f7096e-ac83-4933-9ad4-6a4c0f9c1f28,APPLIED_REGEX_RULE,traeart,Tilia euchlora,Tilia hybr. euchlora,latin_regex,add hybrid marker,NA
c36a306a-2dcd-41a5-bbc4-03261419092e,APPLIED_REGEX_RULE,traeart,Tilia euchlora,Tilia hybr. euchlora,latin_regex,add hybrid marker,NA
6a518f54-1b6f-48ce-a5fe-90b3992c7708,APPLIED_REGEX_RULE,traeart,Tilia europaea,Tilia hybr. europaea,latin_regex,add hybrid marker,NA
464ee8f4-61b7-4eac-bab8-9d6e6b8fb436,APPLIED_REGEX_RULE,traeart,Tilia europaea,Tilia hybr. europaea,latin_regex,add hybrid marker,NA
9dceef37-a84d-4270-a116-7086e173c620,APPLIED_REGEX_RULE,traeart,Tilia europaea,Tilia hybr. europaea,latin_regex,add hybrid marker,NA
16f82385-feb9-41dc-811c-4232e4deb427,APPLIED_REGEX_RULE,traeart,Tilia europaea,Tilia hybr. europaea,latin_regex,add hybrid marker,NA
f5082fd8-29d2-431b-8762-c0aab2aead8f,APPLIED_REGEX_RULE,traeart,Tilia europaea,Tilia hybr. europaea,latin_regex,add hybrid marker,NA
944149e7-9a56-4c07-9249-b595ff5528f8,APPLIED_REGEX_RULE,traeart,Tilia europaea,Tilia hybr. europaea,latin_regex,add hybrid marker,NA
f92065aa-4d2f-41c5-af0d-9285157a0422,APPLIED_REGEX_RULE,traeart,Tilia europaea,Tilia hybr. europaea,latin_regex,add hybrid marker,NA
3eeb5a8c-127a-45eb-8a23-abbcaed58227,APPLIED_REGEX_RULE,traeart,Tilia europaea,Tilia hybr. europaea,latin_regex,add hybrid marker,NA
64d4dfe0-6d7e-4f70-b77d-fd81da30efa7,APPLIED_REGEX_RULE,traeart,Tilia europaea,Tilia hybr. europaea,latin_regex,add hybrid marker,NA
321b0003-41d9-4593-bc6e-13b63e723d94,APPLIED_REGEX_RULE,traeart,Tilia europaea,Tilia hybr. europaea,latin_regex,add hybrid marker,NA
46ba11e3-8312-4d8b-ba4a-f27eab811253,APPLIED_REGEX_RULE,traeart,Tilia europaea,Tilia hybr. europaea,latin_regex,add hybrid marker,NA
c738c615-3b73-42c4-a0e3-7d835999fdbd,APPLIED_REGEX_RULE,traeart,Tilia europaea,Tilia hybr. europaea,latin_regex,add hybrid marker,NA
25102599-eea4-4d29-a220-f8e1d4c13b10,APPLIED_REGEX_RULE,traeart,Tilia europaea,Tilia hybr. europaea,latin_regex,add hybrid marker,NA
b2b409a1-effc-46d5-adc3-5e30a41541ba,APPLIED_REGEX_RULE,traeart,Tilia europaea,Tilia hybr. europaea,latin_regex,add hybrid marker,NA
cd12b32e-d44b-49dc-9374-21819b4d3855,APPLIED_REGEX_RULE,traeart,Tilia europaea,Tilia hybr. europaea,latin_regex,add hybrid marker,NA
7c221af4-08bd-40c7-9825-88b1996814d5,APPLIED_REGEX_RULE,traeart,Tilia europaea,Tilia hybr. europaea,latin_regex,add hybrid marker,NA
0b478bf9-1416-4b03-ab65-922f0af26fb6,APPLIED_REGEX_RULE,traeart,Tilia europaea,Tilia hybr. europaea,latin_regex,add hybrid marker,NA
45b2b613-5e42-4385-9c9f-8b4597b738e7,APPLIED_REGEX_RULE,traeart,Tilia europaea,Tilia hybr. europaea,latin_regex,add hybrid marker,NA
9ac038e9-844c-4033-b965-cab1db598e11,APPLIED_REGEX_RULE,traeart,Tilia europaea,Tilia hybr. europaea,latin_regex,add hybrid marker,NA
1d044266-6d6f-4c05-8dff-46f33a939b2b,APPLIED_REGEX_RULE,traeart,Tilia europaea,Tilia hybr. europaea,latin_regex,add hybrid marker,NA
c11b3782-a614-45ad-bd97-4b134cd047d7,APPLIED_REGEX_RULE,traeart,Tilia europaea,Tilia hybr. europaea,latin_regex,add hybrid marker,NA
131f0701-6868-430d-984d-c9373b5ac725,APPLIED_REGEX_RULE,traeart,Tilia europaea,Tilia hybr. europaea,latin_regex,add hybrid marker,NA
9fc4922b-3fab-442b-8a12-b2a3d2b2e2b5,APPLIED_REGEX_RULE,traeart,Tilia europaea,Tilia hybr. europaea,latin_regex,add hybrid marker,NA
46c0f8b3-ab65-49d4-be9e-eb0e39f7e19d,APPLIED_REGEX_RULE,traeart,Tilia europaea,Tilia hybr. europaea,latin_regex,add hybrid marker,NA
8e375b57-1ff0-4233-b4ac-6a8a94f4e072,APPLIED_REGEX_RULE,traeart,Tilia europaea,Tilia hybr. europaea,latin_regex,add hybrid marker,NA
d198c1aa-a625-4712-96c0-809516f64ece,APPLIED_REGEX_RULE,traeart,Tilia europaea,Tilia hybr. europaea,latin_regex,add hybrid marker,NA
351a0afe-fc8d-4b56-be7c-c451f4125d3d,APPLIED_REGEX_RULE,traeart,Tilia europaea,Tilia hybr. europaea,latin_regex,add hybrid marker,NA
c0eabafc-85cf-48f4-abb0-fec468e2ed06,APPLIED_REGEX_RULE,traeart,Tilia europaea,Tilia hybr. europaea,latin_regex,add hybrid marker,NA
fedbc1df-4d67-4e45-b513-ab9cdfb5d119,APPLIED_REGEX_RULE,traeart,Tilia europaea,Tilia hybr. europaea,latin_regex,add hybrid marker,NA
b197e0c8-5b13-4406-b5db-bfa82c8407e4,APPLIED_REGEX_RULE,traeart,Tilia europaea,Tilia hybr. europaea,latin_regex,add hybrid marker,NA
88b0518d-fdaa-42b4-8c1b-91789c502763,APPLIED_REGEX_RULE,traeart,Tilia europaea,Tilia hybr. europaea,latin_regex,add hybrid marker,NA
0d03a5eb-62cf-4ce0-ba98-626978b8c56b,APPLIED_REGEX_RULE,traeart,Tilia europaea,Tilia hybr. europaea,latin_regex,add hybrid marker,NA
6d865a7a-c417-44d8-8115-6330ad48b144,APPLIED_REGEX_RULE,traeart,Tilia europaea,Tilia hybr. europaea,latin_regex,add hybrid marker,NA
59463bfb-c689-40a3-a160-97710044982d,APPLIED_REGEX_RULE,traeart,Tilia europaea,Tilia hybr. europaea,latin_regex,add hybrid marker,NA
143b05b1-f3fb-4d0a-8cf6-4f0904525191,APPLIED_REGEX_RULE,traeart,Tilia europaea,Tilia hybr. europaea,latin_regex,add hybrid marker,NA
92a4db64-b120-4a0c-8c60-59258687e4bf,APPLIED_REGEX_RULE,traeart,Tilia europaea,Tilia hybr. europaea,latin_regex,add hybrid marker,NA
dc5e6130-e419-4bf3-b3b6-ae09e2fc42e7,APPLIED_REGEX_RULE,traeart,Tilia europaea,Tilia hybr. europaea,latin_regex,add hybrid marker,NA
597dbf27-d047-47c2-a575-73468fb39ad7,APPLIED_REGEX_RULE,traeart,Tilia europaea,Tilia hybr. europaea,latin_regex,add hybrid marker,NA
c9841566-9fb7-420f-b4b4-3f9c45085bbd,APPLIED_REGEX_RULE,traeart,Tilia europaea,Tilia hybr. europaea,latin_regex,add hybrid marker,NA
0e2c6df5-442f-474a-80b6-fc23a6464adb,APPLIED_REGEX_RULE,traeart,Tilia europaea,Tilia hybr. europaea,latin_regex,add hybrid marker,NA
3ea54080-83c3-408c-852e-79c3b43afd74,APPLIED_REGEX_RULE,traeart,Tilia europaea,Tilia hybr. europaea,latin_regex,add hybrid marker,NA
21ad64e8-5938-4a08-b888-ba517dc17082,APPLIED_REGEX_RULE,traeart,Tilia europaea,Tilia hybr. europaea,latin_regex,add hybrid marker,NA
cbe52f67-4c4b-4587-a022-7ac749e133fd,APPLIED_REGEX_RULE,traeart,Tilia europaea,Tilia hybr. europaea,latin_regex,add hybrid marker,NA
e64e971f-9ba7-4d75-b115-485e5bd49d3f,APPLIED_REGEX_RULE,traeart,Tilia europaea,Tilia hybr. europaea,latin_regex,add hybrid marker,NA
eccca4ee-a517-418f-89d6-b9e198c08c67,APPLIED_REGEX_RULE,traeart,Tilia europaea,Tilia hybr. europaea,latin_regex,add hybrid marker,NA
cb394315-b071-4fd2-b36a-eb1be24fed81,APPLIED_REGEX_RULE,traeart,Tilia europaea,Tilia hybr. europaea,latin_regex,add hybrid marker,NA
9e2d5f5d-b1e1-4161-853c-810f82d4abdf,APPLIED_REGEX_RULE,traeart,Tilia europaea,Tilia hybr. europaea,latin_regex,add hybrid marker,NA
450c35f1-3723-42fd-a803-48a2692a4189,APPLIED_REGEX_RULE,traeart,Tilia europaea,Tilia hybr. europaea,latin_regex,add hybrid marker,NA
a8056796-9506-413f-bd93-0dd472f4bcef,APPLIED_REGEX_RULE,traeart,Tilia europaea,Tilia hybr. europaea,latin_regex,add hybrid marker,NA
5d1c81a7-6aa6-468f-bde1-c23ea617efd5,APPLIED_REGEX_RULE,traeart,Tilia europaea,Tilia hybr. europaea,latin_regex,add hybrid marker,NA
00855f5a-8bc1-4837-ba21-a41f864b2eb9,APPLIED_REGEX_RULE,traeart,Tilia europaea,Tilia hybr. europaea,latin_regex,add hybrid marker,NA
6254b58c-ddce-4104-bbae-4e23e126dc34,APPLIED_REGEX_RULE,traeart,Tilia europaea,Tilia hybr. europaea,latin_regex,add hybrid marker,NA
4ae6bc36-b005-4bc6-8b14-06179b51f4c1,APPLIED_REGEX_RULE,traeart,Tilia europaea,Tilia hybr. europaea,latin_regex,add hybrid marker,NA
b5706f6f-c331-4fd5-9358-772f350c13f1,APPLIED_REGEX_RULE,traeart,Tilia europaea,Tilia hybr. europaea,latin_regex,add hybrid marker,NA
666fc0f3-8042-48bd-8025-165b74327514,APPLIED_REGEX_RULE,traeart,Tilia europaea,Tilia hybr. europaea,latin_regex,add hybrid marker,NA
e847038e-611a-4ae8-b76d-6797ffeb52c3,APPLIED_REGEX_RULE,traeart,Tilia europaea,Tilia hybr. europaea,latin_regex,add hybrid marker,NA
b6ab9bfb-29d7-4fd0-8a91-846a7899db1d,APPLIED_REGEX_RULE,traeart,Tilia europaea,Tilia hybr. europaea,latin_regex,add hybrid marker,NA
07ef10c0-f4f7-4c08-83f9-b467190f97ba,APPLIED_REGEX_RULE,traeart,Tilia europaea,Tilia hybr. europaea,latin_regex,add hybrid marker,NA
33330649-8eb2-4e2a-a74f-5e2702c46eb4,APPLIED_REGEX_RULE,traeart,Tilia europaea,Tilia hybr. europaea,latin_regex,add hybrid marker,NA
0cca3ff0-e931-41e7-a4e9-4bf7fdba4186,APPLIED_REGEX_RULE,traeart,Tilia europaea,Tilia hybr. europaea,latin_regex,add hybrid marker,NA
4db341c9-05ae-43c6-a3c4-3c5943e1feff,APPLIED_REGEX_RULE,traeart,Tilia europaea,Tilia hybr. europaea,latin_regex,add hybrid marker,NA
3d29b4a7-2908-4f73-a0a8-2bcf0c010454,APPLIED_REGEX_RULE,traeart,Tilia europaea,Tilia hybr. europaea,latin_regex,add hybrid marker,NA
2b4a708e-e052-46cc-b4ff-7abb2f8b0219,APPLIED_REGEX_RULE,traeart,Tilia europaea,Tilia hybr. europaea,latin_regex,add hybrid marker,NA
3b33168f-36b1-4a48-9dad-05bb43284169,APPLIED_REGEX_RULE,traeart,Tilia europaea,Tilia hybr. europaea,latin_regex,add hybrid marker,NA
8fca75bb-cdc2-4324-a8d0-08c3db3f89b3,APPLIED_REGEX_RULE,traeart,Tilia europaea,Tilia hybr. europaea,latin_regex,add hybrid marker,NA
84b92302-cda4-4570-8c78-1408b6eda07e,APPLIED_REGEX_RULE,traeart,Tilia europaea,Tilia hybr. europaea,latin_regex,add hybrid marker,NA
801b9e95-1f08-44c3-99f8-12ceff3fd084,APPLIED_REGEX_RULE,traeart,Tilia europaea,Tilia hybr. europaea,latin_regex,add hybrid marker,NA
074fdb7f-0048-481d-8776-b0b668df4c6a,APPLIED_REGEX_RULE,traeart,Tilia europaea,Tilia hybr. europaea,latin_regex,add hybrid marker,NA
ab74cbf7-ec7a-419b-90d3-a38516def9ae,APPLIED_REGEX_RULE,traeart,Tilia europaea,Tilia hybr. europaea,latin_regex,add hybrid marker,NA
1abaec84-921b-454a-9b29-75097b8723b7,APPLIED_REGEX_RULE,traeart,Tilia europaea,Tilia hybr. europaea,latin_regex,add hybrid marker,NA
2faff4bb-f9e9-4982-9164-2a15705a4dcb,APPLIED_REGEX_RULE,traeart,Tilia europaea,Tilia hybr. europaea,latin_regex,add hybrid marker,NA
81767f87-7abd-4d17-be9b-8abc15c2e2d6,APPLIED_REGEX_RULE,traeart,Tilia europaea,Tilia hybr. europaea,latin_regex,add hybrid marker,NA
46d97da4-2cf1-42fa-ae93-36e66925f6a1,APPLIED_REGEX_RULE,traeart,Tilia europaea,Tilia hybr. europaea,latin_regex,add hybrid marker,NA
80768163-16de-4a46-a825-1905c3e6470a,APPLIED_REGEX_RULE,traeart,Tilia europaea,Tilia hybr. europaea,latin_regex,add hybrid marker,NA
942fee8b-d74f-4b5d-a277-3875cce2bd65,APPLIED_REGEX_RULE,traeart,Tilia europaea,Tilia hybr. europaea,latin_regex,add hybrid marker,NA
1da4e532-7579-4c5f-9254-8bb5d670aa77,APPLIED_REGEX_RULE,traeart,Tilia europaea,Tilia hybr. europaea,latin_regex,add hybrid marker,NA
105ff61d-3d60-48b9-921d-a09096b0ce18,APPLIED_REGEX_RULE,traeart,Tilia europaea,Tilia hybr. europaea,latin_regex,add hybrid marker,NA
2cb18485-b80d-4b10-a331-706a9b6a6ca2,APPLIED_REGEX_RULE,traeart,Tilia europaea,Tilia hybr. europaea,latin_regex,add hybrid marker,NA
a00ac40d-96a8-486f-aee3-64da5df23d47,APPLIED_REGEX_RULE,traeart,Tilia europaea,Tilia hybr. europaea,latin_regex,add hybrid marker,NA
2b9ca486-4ac4-44a7-8a1c-c7db46c562d0,APPLIED_REGEX_RULE,traeart,Tilia europaea,Tilia hybr. europaea,latin_regex,add hybrid marker,NA
e50b6c7f-47b8-4283-907d-065732a64f25,APPLIED_REGEX_RULE,traeart,Tilia europaea,Tilia hybr. europaea,latin_regex,add hybrid marker,NA
6f75a1cd-cc70-4435-b420-f9e3be41377e,APPLIED_REGEX_RULE,traeart,Tilia europaea,Tilia hybr. europaea,latin_regex,add hybrid marker,NA
bf15ee1c-858e-47d5-a914-8ca348f88e47,APPLIED_REGEX_RULE,traeart,Tilia europaea,Tilia hybr. europaea,latin_regex,add hybrid marker,NA
9ae1ed42-e7d9-4875-973a-db314ab45962,APPLIED_REGEX_RULE,traeart,Tilia europaea,Tilia hybr. europaea,latin_regex,add hybrid marker,NA
347510c8-526a-49a3-9102-4a6d05652711,APPLIED_REGEX_RULE,traeart,Tilia europaea,Tilia hybr. europaea,latin_regex,add hybrid marker,NA
c172f5c3-3546-4a62-803b-1adc5ead82f0,APPLIED_REGEX_RULE,traeart,Tilia europaea,Tilia hybr. europaea,latin_regex,add hybrid marker,NA
305896a4-6961-45d1-b808-b6e19d8046e6,APPLIED_REGEX_RULE,traeart,Tilia europaea,Tilia hybr. europaea,latin_regex,add hybrid marker,NA
c42b5393-1839-4db1-ab21-c331351b11ca,APPLIED_REGEX_RULE,traeart,Tilia europaea,Tilia hybr. europaea,latin_regex,add hybrid marker,NA
ea844e3a-fee2-4408-9c95-52d808018e3f,APPLIED_REGEX_RULE,traeart,Tilia europaea,Tilia hybr. europaea,latin_regex,add hybrid marker,NA
9e8271e4-8eee-4c10-b59d-6711f5753870,APPLIED_REGEX_RULE,traeart,Tilia europaea,Tilia hybr. europaea,latin_regex,add hybrid marker,NA
5979c9e6-ae89-473c-8392-85c4b899b72e,APPLIED_REGEX_RULE,traeart,Tilia europaea,Tilia hybr. europaea,latin_regex,add hybrid marker,NA
15bab386-75c2-4a59-add2-6fe03e36d35f,APPLIED_REGEX_RULE,traeart,Tilia europaea,Tilia hybr. europaea,latin_regex,add hybrid marker,NA
a3a98c08-86ea-4ef4-ae30-760d95a1db42,APPLIED_REGEX_RULE,traeart,Tilia europaea,Tilia hybr. europaea,latin_regex,add hybrid marker,NA
99771415-bc61-4dd8-a383-976f66547b28,APPLIED_REGEX_RULE,traeart,Tilia europaea,Tilia hybr. europaea,latin_regex,add hybrid marker,NA
cf9f8414-5ec4-4c5d-a3c2-519d6958094b,APPLIED_REGEX_RULE,traeart,Tilia europaea,Tilia hybr. europaea,latin_regex,add hybrid marker,NA
8761b869-a9dd-44f5-8607-4b4eeb5d62c3,APPLIED_REGEX_RULE,traeart,Tilia europaea,Tilia hybr. europaea,latin_regex,add hybrid marker,NA
59a33c19-452e-4050-ac93-a84dc476af2e,APPLIED_REGEX_RULE,traeart,Tilia europaea,Tilia hybr. europaea,latin_regex,add hybrid marker,NA
3bb2de6c-9498-4f04-b1df-17f1b8e6efb1,APPLIED_REGEX_RULE,traeart,Tilia europaea,Tilia hybr. europaea,latin_regex,add hybrid marker,NA
3ee8d456-8459-4ae1-a906-73b124749a3b,APPLIED_REGEX_RULE,traeart,Tilia europaea,Tilia hybr. europaea,latin_regex,add hybrid marker,NA
48ba3805-ee43-414a-b092-52782a2ade14,APPLIED_REGEX_RULE,traeart,Tilia europaea,Tilia hybr. europaea,latin_regex,add hybrid marker,NA
f4afefcf-6f4c-440a-bac5-79c35faad02b,APPLIED_REGEX_RULE,traeart,Tilia europaea,Tilia hybr. europaea,latin_regex,add hybrid marker,NA
b90191d3-3914-4e46-8178-a569be2e3c0e,APPLIED_REGEX_RULE,traeart,Tilia europaea,Tilia hybr. europaea,latin_regex,add hybrid marker,NA
064767cb-449b-4c53-9677-aebf718c1b4c,APPLIED_REGEX_RULE,traeart,Tilia europaea,Tilia hybr. europaea,latin_regex,add hybrid marker,NA
318588d8-4d66-4008-91ae-2fea829a6eea,APPLIED_REGEX_RULE,traeart,Tilia europaea,Tilia hybr. europaea,latin_regex,add hybrid marker,NA
b33b22f3-2dc6-437b-ba3d-c58422205645,APPLIED_REGEX_RULE,traeart,Tilia europaea,Tilia hybr. europaea,latin_regex,add hybrid marker,NA
11d5a882-b930-435b-bdb7-8b945855b039,APPLIED_REGEX_RULE,traeart,Tilia europaea,Tilia hybr. europaea,latin_regex,add hybrid marker,NA
d7634ebe-abd5-4042-9099-07444fc919ec,APPLIED_REGEX_RULE,traeart,Tilia europaea,Tilia hybr. europaea,latin_regex,add hybrid marker,NA
f2b6e5bd-9023-4fdb-b35e-5f36077e1275,APPLIED_REGEX_RULE,traeart,Tilia europaea,Tilia hybr. europaea,latin_regex,add hybrid marker,NA
1c112f05-a290-44f5-9f9a-dc95c69067f7,APPLIED_REGEX_RULE,traeart,Tilia europaea,Tilia hybr. europaea,latin_regex,add hybrid marker,NA
198c0dfb-9d5a-4499-8530-a30c0c8e4b43,APPLIED_REGEX_RULE,traeart,Tilia europaea,Tilia hybr. europaea,latin_regex,add hybrid marker,NA
a41fa866-b45f-44b5-a845-cd4268ad240b,APPLIED_REGEX_RULE,traeart,Tilia europaea,Tilia hybr. europaea,latin_regex,add hybrid marker,NA
0102d7a0-90de-4777-88d4-8b743c6f8bd4,APPLIED_REGEX_RULE,traeart,Tilia europaea,Tilia hybr. europaea,latin_regex,add hybrid marker,NA
5a441258-959a-4eb0-9e49-c1ee4122c9d9,APPLIED_REGEX_RULE,traeart,Tilia europaea,Tilia hybr. europaea,latin_regex,add hybrid marker,NA
5bb3da13-a2b3-409c-8e8f-773187bacfd0,APPLIED_REGEX_RULE,traeart,Tilia europaea,Tilia hybr. europaea,latin_regex,add hybrid marker,NA
b035a19b-9080-4c33-a991-e6e3685c6cdc,APPLIED_REGEX_RULE,traeart,Tilia europaea,Tilia hybr. europaea,latin_regex,add hybrid marker,NA
5e343c0b-0683-4d67-a786-01ce9573f5e0,APPLIED_REGEX_RULE,traeart,Tilia europaea,Tilia hybr. europaea,latin_regex,add hybrid marker,NA
2df59235-30b8-47dd-9c22-eadcffce03ba,APPLIED_REGEX_RULE,traeart,Tilia europaea,Tilia hybr. europaea,latin_regex,add hybrid marker,NA
066d65b8-06e2-4b61-8dc0-038570e4ed0a,APPLIED_REGEX_RULE,traeart,Tilia europaea,Tilia hybr. europaea,latin_regex,add hybrid marker,NA
dabe4c0a-65a6-49a0-8851-73eb7c32039d,APPLIED_REGEX_RULE,traeart,Tilia europaea,Tilia hybr. europaea,latin_regex,add hybrid marker,NA
69fff748-f747-4fb0-82f1-1007ea70ed9f,APPLIED_REGEX_RULE,traeart,Tilia europaea,Tilia hybr. europaea,latin_regex,add hybrid marker,NA
dd8b4a85-c24a-4678-a6ab-41f2b5deb4e1,APPLIED_REGEX_RULE,traeart,Tilia europaea,Tilia hybr. europaea,latin_regex,add hybrid marker,NA
d839278a-d475-4264-a6a7-dfac93c2441e,APPLIED_REGEX_RULE,traeart,Tilia europaea,Tilia hybr. europaea,latin_regex,add hybrid marker,NA
0d0ee643-89c2-41e7-b6ec-13138e2ceb2c,APPLIED_REGEX_RULE,traeart,Tilia europaea,Tilia hybr. europaea,latin_regex,add hybrid marker,NA
a9e60eff-1727-48d8-8bec-5601e603bd67,APPLIED_REGEX_RULE,traeart,Tilia europaea,Tilia hybr. europaea,latin_regex,add hybrid marker,NA
9be8789f-f7bf-41d1-b88b-56021a5d188c,APPLIED_REGEX_RULE,traeart,Tilia europaea,Tilia hybr. europaea,latin_regex,add hybrid marker,NA
0e111d7c-a1ee-4c4b-b20c-3596fa791f2c,APPLIED_REGEX_RULE,traeart,Tilia europaea,Tilia hybr. europaea,latin_regex,add hybrid marker,NA
25327cfc-5d52-417a-92d2-4df01c956204,APPLIED_REGEX_RULE,traeart,Tilia europaea,Tilia hybr. europaea,latin_regex,add hybrid marker,NA
4c148052-3a27-429b-ab5b-b04cc3883675,APPLIED_REGEX_RULE,traeart,Tilia europaea,Tilia hybr. europaea,latin_regex,add hybrid marker,NA
4288606d-8c15-4e63-b597-9ea0813e0e55,APPLIED_REGEX_RULE,traeart,Tilia europaea,Tilia hybr. europaea,latin_regex,add hybrid marker,NA
ea861981-2b61-4ef5-89e9-f943bb9ce7f4,APPLIED_REGEX_RULE,traeart,Tilia europaea,Tilia hybr. europaea,latin_regex,add hybrid marker,NA
f3c03f2a-689f-42bd-bd58-31ae5b66e988,APPLIED_REGEX_RULE,traeart,Tilia europaea,Tilia hybr. europaea,latin_regex,add hybrid marker,NA
05b692a9-f499-48b8-993b-545de52d41e5,APPLIED_REGEX_RULE,traeart,Tilia europaea,Tilia hybr. europaea,latin_regex,add hybrid marker,NA
29d3f652-33de-4e60-8cf9-9ee15b4c5435,APPLIED_REGEX_RULE,traeart,Tilia europaea,Tilia hybr. europaea,latin_regex,add hybrid marker,NA
102d620a-f3ec-4984-b86c-d19ed96ab06a,APPLIED_REGEX_RULE,traeart,Tilia europaea,Tilia hybr. europaea,latin_regex,add hybrid marker,NA
3175a8fa-11bd-470d-a2c6-6df1f0309bc4,APPLIED_REGEX_RULE,traeart,Tilia europaea,Tilia hybr. europaea,latin_regex,add hybrid marker,NA
ec962373-14ed-4249-831b-e0a39d7df01a,APPLIED_REGEX_RULE,traeart,Tilia europaea,Tilia hybr. europaea,latin_regex,add hybrid marker,NA
7530e144-4e9c-4d38-bffa-d4c0dc70b203,APPLIED_REGEX_RULE,traeart,Tilia europaea,Tilia hybr. europaea,latin_regex,add hybrid marker,NA
71055a78-04d2-4f25-b32a-49ea4e3a43be,APPLIED_REGEX_RULE,traeart,Tilia europaea,Tilia hybr. europaea,latin_regex,add hybrid marker,NA
3ea8d2ca-4101-4f2a-99bc-11780933029e,APPLIED_REGEX_RULE,traeart,Tilia europaea,Tilia hybr. europaea,latin_regex,add hybrid marker,NA
cb5f500a-a1a8-4450-bf07-e666f927af7a,APPLIED_REGEX_RULE,traeart,Tilia europaea,Tilia hybr. europaea,latin_regex,add hybrid marker,NA
b17e635a-5861-4af4-83c6-2071965f0021,APPLIED_REGEX_RULE,traeart,Tilia europaea,Tilia hybr. europaea,latin_regex,add hybrid marker,NA
788c65af-da09-49d3-9c3f-9dc8b592ceab,APPLIED_REGEX_RULE,traeart,Tilia europaea,Tilia hybr. europaea,latin_regex,add hybrid marker,NA
070cbff6-7269-43a0-83cc-a2cbdd44358a,APPLIED_REGEX_RULE,traeart,Tilia europaea,Tilia hybr. europaea,latin_regex,add hybrid marker,NA
08dd988e-6d11-4f82-a996-63bc46f39fcd,APPLIED_REGEX_RULE,traeart,Tilia europaea,Tilia hybr. europaea,latin_regex,add hybrid marker,NA
f6df0ac5-a77f-4806-8066-3c2715764e08,APPLIED_REGEX_RULE,traeart,Tilia europaea,Tilia hybr. europaea,latin_regex,add hybrid marker,NA
2d82faaf-481e-4ef9-9f89-fff1d7ac3b50,APPLIED_REGEX_RULE,traeart,Tilia europaea,Tilia hybr. europaea,latin_regex,add hybrid marker,NA
6ef2e0b1-b0ce-4ee0-b0fa-e9c1a695b243,APPLIED_REGEX_RULE,traeart,Tilia europaea,Tilia hybr. europaea,latin_regex,add hybrid marker,NA
6f72ebe9-1f6c-4113-b113-2aba835c2968,APPLIED_REGEX_RULE,traeart,Tilia europaea,Tilia hybr. europaea,latin_regex,add hybrid marker,NA
92913ac3-3552-46ed-876a-372bd7c6df4e,APPLIED_REGEX_RULE,traeart,Tilia europaea,Tilia hybr. europaea,latin_regex,add hybrid marker,NA
8cc6fa7a-6537-4509-8056-bd919f87705d,APPLIED_REGEX_RULE,traeart,Tilia europaea,Tilia hybr. europaea,latin_regex,add hybrid marker,NA
d3afe300-cc4d-4f5c-9105-0fe90aaac8a1,APPLIED_REGEX_RULE,traeart,Tilia europaea,Tilia hybr. europaea,latin_regex,add hybrid marker,NA
35f5f5fc-dcc4-4d3b-bd8d-ca69da58cd9f,APPLIED_REGEX_RULE,traeart,Tilia europaea,Tilia hybr. europaea,latin_regex,add hybrid marker,NA
23c538f1-3dbe-4786-97af-6caef05385b4,APPLIED_REGEX_RULE,traeart,Tilia europaea,Tilia hybr. europaea,latin_regex,add hybrid marker,NA
7850bdf7-3a4e-4d6a-9c89-37d0ccf75040,APPLIED_REGEX_RULE,traeart,Tilia europaea,Tilia hybr. europaea,latin_regex,add hybrid marker,NA
90583ba2-79f4-4fc2-83e5-acc05c0f0e3b,APPLIED_REGEX_RULE,traeart,Tilia europaea,Tilia hybr. europaea,latin_regex,add hybrid marker,NA
fe257680-2e92-4a6f-bff3-a4a67b9cdb86,APPLIED_REGEX_RULE,traeart,Tilia europaea,Tilia hybr. europaea,latin_regex,add hybrid marker,NA
64c66380-507c-4a29-8d37-b43952115fef,APPLIED_REGEX_RULE,traeart,Tilia europaea,Tilia hybr. europaea,latin_regex,add hybrid marker,NA
f5625178-bcae-4a48-9ed8-2bcca6fd4c7c,APPLIED_REGEX_RULE,traeart,Tilia europaea,Tilia hybr. europaea,latin_regex,add hybrid marker,NA
658dabd9-3980-488b-a8e2-113e83f8332c,APPLIED_REGEX_RULE,traeart,Tilia europaea,Tilia hybr. europaea,latin_regex,add hybrid marker,NA
27c63181-7146-47b1-891c-23ad0b70b1da,APPLIED_REGEX_RULE,traeart,Tilia europaea,Tilia hybr. europaea,latin_regex,add hybrid marker,NA
09ac002c-d296-4cc7-9e05-21075233cda1,APPLIED_REGEX_RULE,traeart,Tilia europaea,Tilia hybr. europaea,latin_regex,add hybrid marker,NA
651a7ae9-d606-4f49-9e82-e914869cab17,APPLIED_REGEX_RULE,traeart,Tilia europaea,Tilia hybr. europaea,latin_regex,add hybrid marker,NA
f8386609-559f-4718-851b-cefbcee0b585,APPLIED_REGEX_RULE,traeart,Tilia europaea,Tilia hybr. europaea,latin_regex,add hybrid marker,NA
42bf74ce-4f9b-48b8-bbe0-b14fbcd19844,APPLIED_REGEX_RULE,traeart,Tilia europaea,Tilia hybr. europaea,latin_regex,add hybrid marker,NA
39f6a66e-767f-4a2a-afec-00d5aebc5d22,APPLIED_REGEX_RULE,traeart,Tilia europaea,Tilia hybr. europaea,latin_regex,add hybrid marker,NA
a7ab3bbf-4802-4291-a2ab-f217776a48fa,APPLIED_REGEX_RULE,traeart,Tilia europaea,Tilia hybr. europaea,latin_regex,add hybrid marker,NA
238983b9-b3c7-464d-a12f-230747e29446,APPLIED_REGEX_RULE,traeart,Tilia europaea,Tilia hybr. europaea,latin_regex,add hybrid marker,NA
f8b04ce9-68f0-44ed-9c55-8fad57b07bae,APPLIED_REGEX_RULE,traeart,Tilia europaea,Tilia hybr. europaea,latin_regex,add hybrid marker,NA
cff16133-3fef-48da-bdbe-604123cdd4b4,APPLIED_REGEX_RULE,traeart,Tilia europaea,Tilia hybr. europaea,latin_regex,add hybrid marker,NA
a08acc50-d757-4132-a98e-12c154bcc9c5,APPLIED_REGEX_RULE,traeart,Tilia europaea,Tilia hybr. europaea,latin_regex,add hybrid marker,NA
879fe6e7-2b14-4d38-801b-e698a9403838,APPLIED_REGEX_RULE,traeart,Tilia europaea,Tilia hybr. europaea,latin_regex,add hybrid marker,NA
c2ca66dc-71a6-43e9-9102-d6e29ef26c2d,APPLIED_REGEX_RULE,traeart,Tilia europaea,Tilia hybr. europaea,latin_regex,add hybrid marker,NA
3443851c-9aac-40ec-92b1-935935809b54,APPLIED_REGEX_RULE,traeart,Tilia europaea,Tilia hybr. europaea,latin_regex,add hybrid marker,NA
617471d7-e9b7-41f1-8504-836facb0f15d,APPLIED_REGEX_RULE,traeart,Tilia europaea,Tilia hybr. europaea,latin_regex,add hybrid marker,NA
bf475524-73a0-4a45-a9f8-e0908b9d5e3b,APPLIED_REGEX_RULE,traeart,Tilia europaea,Tilia hybr. europaea,latin_regex,add hybrid marker,NA
21acdbae-5192-41a5-b1c0-d7a730f0fe1d,APPLIED_REGEX_RULE,traeart,Tilia europaea,Tilia hybr. europaea,latin_regex,add hybrid marker,NA
0db4f658-154f-4ad0-9ce2-8e2e06f432d6,APPLIED_REGEX_RULE,traeart,Tilia europaea,Tilia hybr. europaea,latin_regex,add hybrid marker,NA
3b5b0f6f-fbf5-4423-a97f-9b315e70541e,APPLIED_REGEX_RULE,traeart,Tilia europaea,Tilia hybr. europaea,latin_regex,add hybrid marker,NA
00e00090-1923-45bb-ba27-92c9c48c820b,APPLIED_REGEX_RULE,traeart,Tilia europaea,Tilia hybr. europaea,latin_regex,add hybrid marker,NA
a6e01a67-1e35-4afc-b568-a6ef23896b1d,APPLIED_REGEX_RULE,traeart,Tilia europaea,Tilia hybr. europaea,latin_regex,add hybrid marker,NA
57f11105-a886-46c5-8177-464c7904dd09,APPLIED_REGEX_RULE,traeart,Tilia europaea,Tilia hybr. europaea,latin_regex,add hybrid marker,NA
6b78d55e-c6e5-4a09-b8ad-1dbd1fcf92a6,APPLIED_REGEX_RULE,traeart,Tilia europaea,Tilia hybr. europaea,latin_regex,add hybrid marker,NA
4301e900-ffcb-4de5-b23c-53bd6851990c,APPLIED_REGEX_RULE,traeart,Tilia europaea,Tilia hybr. europaea,latin_regex,add hybrid marker,NA
428561d4-0695-40ab-8832-9d3a2748e73d,APPLIED_REGEX_RULE,traeart,Tilia europaea,Tilia hybr. europaea,latin_regex,add hybrid marker,NA
d796bc31-8e19-4a56-8cbc-0f9254ebe304,APPLIED_REGEX_RULE,traeart,Tilia europaea,Tilia hybr. europaea,latin_regex,add hybrid marker,NA
387d3c0c-38df-45bb-9188-130f6b25d0b5,APPLIED_REGEX_RULE,traeart,Tilia europaea,Tilia hybr. europaea,latin_regex,add hybrid marker,NA
017efb7c-c165-4bde-8bd2-422c0cae5de6,APPLIED_REGEX_RULE,traeart,Tilia europaea,Tilia hybr. europaea,latin_regex,add hybrid marker,NA
e37ed723-c78b-4b7b-811f-9d40b1032e47,APPLIED_REGEX_RULE,traeart,Tilia europaea,Tilia hybr. europaea,latin_regex,add hybrid marker,NA
f24faf07-ce23-407f-9be8-34a4309f2fc1,APPLIED_REGEX_RULE,traeart,Tilia europaea,Tilia hybr. europaea,latin_regex,add hybrid marker,NA
a87de4df-f00f-4792-8cea-ba1ea441ef43,APPLIED_REGEX_RULE,traeart,Tilia europaea,Tilia hybr. europaea,latin_regex,add hybrid marker,NA
6f11cebf-ae21-4932-bca9-ea6252baeacc,APPLIED_REGEX_RULE,traeart,Tilia europaea,Tilia hybr. europaea,latin_regex,add hybrid marker,NA
bf646704-05ac-46c2-889d-e3bd97c38a05,APPLIED_REGEX_RULE,traeart,Tilia europaea,Tilia hybr. europaea,latin_regex,add hybrid marker,NA
b492a252-1391-408c-848d-1bdaa2792ae6,APPLIED_REGEX_RULE,traeart,Tilia europaea,Tilia hybr. europaea,latin_regex,add hybrid marker,NA
333efd0c-6e83-469b-9e8d-cfd8288c460a,APPLIED_REGEX_RULE,traeart,Tilia europaea,Tilia hybr. europaea,latin_regex,add hybrid marker,NA
f559895b-49b0-4fd1-81dc-3d2312f39b3a,APPLIED_REGEX_RULE,traeart,Tilia europaea,Tilia hybr. europaea,latin_regex,add hybrid marker,NA
a1ed2f9a-b40a-4f47-9d67-ed2c96372ae0,APPLIED_REGEX_RULE,traeart,Tilia europaea,Tilia hybr. europaea,latin_regex,add hybrid marker,NA
dd563d11-ec34-4d9b-a3ea-881edf2cf34d,APPLIED_REGEX_RULE,traeart,Tilia europaea,Tilia hybr. europaea,latin_regex,add hybrid marker,NA
ff43ae41-a039-451e-a17f-85bf8a730f67,APPLIED_REGEX_RULE,traeart,Tilia europaea,Tilia hybr. europaea,latin_regex,add hybrid marker,NA
5057333f-19ea-4922-beaa-f6d117edc55a,APPLIED_REGEX_RULE,traeart,Tilia europaea,Tilia hybr. europaea,latin_regex,add hybrid marker,NA
9d6407a3-7d02-4d81-81f3-9790f7c59f24,APPLIED_REGEX_RULE,traeart,Tilia europaea,Tilia hybr. europaea,latin_regex,add hybrid marker,NA
76c78941-1849-46a6-8e73-8a245ee05ddb,APPLIED_REGEX_RULE,traeart,Tilia europaea,Tilia hybr. europaea,latin_regex,add hybrid marker,NA
94bee429-0b56-48ac-921c-ab81212ff492,APPLIED_REGEX_RULE,traeart,Tilia europaea,Tilia hybr. europaea,latin_regex,add hybrid marker,NA
b2602b07-b2d1-4ce6-a4de-6dec70c9c6f8,APPLIED_REGEX_RULE,traeart,Tilia europaea,Tilia hybr. europaea,latin_regex,add hybrid marker,NA
9f664a63-b8c3-4fb4-8a9c-6c901b536e69,APPLIED_REGEX_RULE,traeart,Tilia europaea,Tilia hybr. europaea,latin_regex,add hybrid marker,NA
900e4127-c0e0-421d-a990-cf6eaaae1131,APPLIED_REGEX_RULE,traeart,Tilia europaea,Tilia hybr. europaea,latin_regex,add hybrid marker,NA
d08160c1-790d-4bb1-a1ad-270411abec0b,APPLIED_REGEX_RULE,traeart,Tilia europaea,Tilia hybr. europaea,latin_regex,add hybrid marker,NA
1afe81d3-1645-44e4-96ae-ca4d3f24e833,APPLIED_REGEX_RULE,traeart,Tilia europaea,Tilia hybr. europaea,latin_regex,add hybrid marker,NA
5357a506-5eb6-4271-a3f2-fb40ec4bc8f4,APPLIED_REGEX_RULE,traeart,Tilia europaea,Tilia hybr. europaea,latin_regex,add hybrid marker,NA
ff5f01af-0d72-4e6b-b56d-3ec205e47456,APPLIED_REGEX_RULE,traeart,Tilia europaea,Tilia hybr. europaea,latin_regex,add hybrid marker,NA
7f203461-50a0-4b41-bc70-b5f502374dbd,APPLIED_REGEX_RULE,traeart,Tilia europaea,Tilia hybr. europaea,latin_regex,add hybrid marker,NA
e66f2c0f-9dfc-4195-8afe-9f2cba380426,APPLIED_REGEX_RULE,traeart,Tilia europaea,Tilia hybr. europaea,latin_regex,add hybrid marker,NA
a60df76d-1f85-48a9-990a-b182719ffb60,APPLIED_REGEX_RULE,traeart,Tilia europaea,Tilia hybr. europaea,latin_regex,add hybrid marker,NA
9584f59a-e1f9-4e58-b83e-86338258b89f,APPLIED_REGEX_RULE,traeart,Tilia europaea,Tilia hybr. europaea,latin_regex,add hybrid marker,NA
5fb9af89-24b5-4b21-b463-dc9e93da21b0,APPLIED_REGEX_RULE,traeart,Tilia europaea,Tilia hybr. europaea,latin_regex,add hybrid marker,NA
7d8ddc85-3082-4761-b91e-bd37d2f8879f,APPLIED_REGEX_RULE,traeart,Tilia europaea,Tilia hybr. europaea,latin_regex,add hybrid marker,NA
df155d10-777d-485f-9c63-fe5396d823c0,APPLIED_REGEX_RULE,traeart,Tilia europaea,Tilia hybr. europaea,latin_regex,add hybrid marker,NA
dd1c622b-de7f-447e-8fc2-426c05e43328,APPLIED_REGEX_RULE,traeart,Tilia europaea,Tilia hybr. europaea,latin_regex,add hybrid marker,NA
16567dba-c9e5-460b-a5fe-043481e5b63a,APPLIED_REGEX_RULE,traeart,Tilia europaea,Tilia hybr. europaea,latin_regex,add hybrid marker,NA
aff8fd4c-7d80-4c53-9bbe-348503df3f81,APPLIED_REGEX_RULE,traeart,Tilia europaea,Tilia hybr. europaea,latin_regex,add hybrid marker,NA
1600a67a-d6b8-41f6-8f8e-1f48a74c1eae,APPLIED_REGEX_RULE,traeart,Tilia europaea,Tilia hybr. europaea,latin_regex,add hybrid marker,NA
661e1a7f-b85a-452a-b128-e237707168b2,APPLIED_REGEX_RULE,traeart,Tilia europaea,Tilia hybr. europaea,latin_regex,add hybrid marker,NA
a41825ef-3250-4ab3-ab33-8fee573810a3,APPLIED_REGEX_RULE,traeart,Tilia europaea,Tilia hybr. europaea,latin_regex,add hybrid marker,NA
5920f12f-ff3a-4a55-922f-55d020b19825,APPLIED_REGEX_RULE,traeart,Tilia europaea,Tilia hybr. europaea,latin_regex,add hybrid marker,NA
2ffcfbc5-9b95-4e21-97e9-ddef96efb4c6,APPLIED_REGEX_RULE,traeart,Tilia europaea,Tilia hybr. europaea,latin_regex,add hybrid marker,NA
144cdbf0-9497-468b-bc94-3090c1aa60fb,APPLIED_REGEX_RULE,traeart,Tilia europaea,Tilia hybr. europaea,latin_regex,add hybrid marker,NA
fac3044c-e4ee-4d47-a1ab-058c04e5566f,APPLIED_REGEX_RULE,traeart,Tilia europaea,Tilia hybr. europaea,latin_regex,add hybrid marker,NA
f3b61876-7108-40eb-a139-a52e376df3ee,APPLIED_REGEX_RULE,traeart,Tilia europaea,Tilia hybr. europaea,latin_regex,add hybrid marker,NA
b7f16d17-cf41-4792-beea-aa2cec96ccc5,APPLIED_REGEX_RULE,traeart,Tilia europaea,Tilia hybr. europaea,latin_regex,add hybrid marker,NA
cf9a1920-aacc-4cc1-8136-7568e4110513,APPLIED_REGEX_RULE,traeart,Tilia europaea,Tilia hybr. europaea,latin_regex,add hybrid marker,NA
b45dbd4f-b84e-43be-9f26-65884a9661b1,APPLIED_REGEX_RULE,traeart,Tilia europaea,Tilia hybr. europaea,latin_regex,add hybrid marker,NA
e6f7b293-e68d-4bc6-b359-09ed89b66a06,APPLIED_REGEX_RULE,traeart,Tilia europaea,Tilia hybr. europaea,latin_regex,add hybrid marker,NA
88ed3d6f-f8f0-49f9-aeaf-e0e4cde64c7e,APPLIED_REGEX_RULE,traeart,Tilia europaea,Tilia hybr. europaea,latin_regex,add hybrid marker,NA
c9787bc3-8618-4092-8e21-1d2cd4611b29,APPLIED_REGEX_RULE,traeart,Tilia europaea,Tilia hybr. europaea,latin_regex,add hybrid marker,NA
5f20414a-cac7-4c2f-b400-1fc1705ef84f,APPLIED_REGEX_RULE,traeart,Tilia europaea,Tilia hybr. europaea,latin_regex,add hybrid marker,NA
5df0fbc3-b265-48f2-9e9b-297122f4f360,APPLIED_REGEX_RULE,traeart,Tilia europaea,Tilia hybr. europaea,latin_regex,add hybrid marker,NA
4edb1a31-f653-46f1-97cb-a086b2515535,APPLIED_REGEX_RULE,traeart,Tilia europaea,Tilia hybr. europaea,latin_regex,add hybrid marker,NA
af235e55-57db-49bf-971a-2f90570eed8d,APPLIED_REGEX_RULE,traeart,Tilia europaea,Tilia hybr. europaea,latin_regex,add hybrid marker,NA
7ad92ebe-a4d8-41d0-9aee-a4bd112dd95c,APPLIED_REGEX_RULE,traeart,Tilia europaea,Tilia hybr. europaea,latin_regex,add hybrid marker,NA
19210731-b568-46f9-9ce9-cb41eee15680,APPLIED_REGEX_RULE,traeart,Tilia europaea,Tilia hybr. europaea,latin_regex,add hybrid marker,NA
51ccc0f3-e936-49e4-a07b-b9a9296e63ae,APPLIED_REGEX_RULE,traeart,Tilia europaea,Tilia hybr. europaea,latin_regex,add hybrid marker,NA
15f85e81-01fa-4537-9c3d-494773325f57,APPLIED_REGEX_RULE,traeart,Tilia europaea,Tilia hybr. europaea,latin_regex,add hybrid marker,NA
4b2db3e8-8545-4658-bc5b-beb4ede5e64e,APPLIED_REGEX_RULE,traeart,Tilia europaea,Tilia hybr. europaea,latin_regex,add hybrid marker,NA
fbe7eb95-c295-477a-bda5-60e71901f9cc,APPLIED_REGEX_RULE,traeart,Tilia europaea,Tilia hybr. europaea,latin_regex,add hybrid marker,NA
256c4ffd-ff29-488e-a11d-2ecdee891621,APPLIED_REGEX_RULE,traeart,Tilia europaea,Tilia hybr. europaea,latin_regex,add hybrid marker,NA
3e19b11c-d5a0-46f1-8a74-a7b73de59773,APPLIED_REGEX_RULE,traeart,Tilia europaea,Tilia hybr. europaea,latin_regex,add hybrid marker,NA
ad6eafe2-b41c-40fe-9fb6-6686284a6870,APPLIED_REGEX_RULE,traeart,Tilia europaea,Tilia hybr. europaea,latin_regex,add hybrid marker,NA
f80e1e95-ffd5-44b5-b56d-43477e8a88b7,APPLIED_REGEX_RULE,traeart,Tilia europaea,Tilia hybr. europaea,latin_regex,add hybrid marker,NA
863e26bb-c72e-41ad-b7b7-0e0509064921,APPLIED_REGEX_RULE,traeart,Tilia europaea,Tilia hybr. europaea,latin_regex,add hybrid marker,NA
c5dfa230-fe25-4712-a840-062ce23b3d59,APPLIED_REGEX_RULE,traeart,Tilia europaea,Tilia hybr. europaea,latin_regex,add hybrid marker,NA
4b2a77e0-f451-4152-b270-22663a9a777a,APPLIED_REGEX_RULE,traeart,Tilia europaea,Tilia hybr. europaea,latin_regex,add hybrid marker,NA
93b8ed74-4878-475a-95ad-eee14df93eee,APPLIED_REGEX_RULE,traeart,Tilia europaea,Tilia hybr. europaea,latin_regex,add hybrid marker,NA
a34d4bd4-bc65-46cf-8af6-ac96c37215fa,APPLIED_REGEX_RULE,traeart,Tilia europaea,Tilia hybr. europaea,latin_regex,add hybrid marker,NA
47230259-d221-4656-972e-51567d2e8690,APPLIED_REGEX_RULE,traeart,Tilia europaea,Tilia hybr. europaea,latin_regex,add hybrid marker,NA
420b026f-1e51-45d1-913f-f6eef00e531d,APPLIED_REGEX_RULE,traeart,Tilia europaea,Tilia hybr. europaea,latin_regex,add hybrid marker,NA
a6882be4-e8cd-451a-805e-744db6ca0f0b,APPLIED_REGEX_RULE,traeart,Tilia europaea,Tilia hybr. europaea,latin_regex,add hybrid marker,NA
b66be004-52c7-43af-896d-8a0baebede7d,APPLIED_REGEX_RULE,traeart,Tilia europaea,Tilia hybr. europaea,latin_regex,add hybrid marker,NA
9547a4f8-9990-4272-b318-90b153c2c518,APPLIED_REGEX_RULE,traeart,Tilia europaea,Tilia hybr. europaea,latin_regex,add hybrid marker,NA
88332fb1-33b5-4a84-9017-edcdb9d95df1,APPLIED_REGEX_RULE,traeart,Tilia europaea,Tilia hybr. europaea,latin_regex,add hybrid marker,NA
330b66e7-03c1-4766-9084-5100a4579e02,APPLIED_REGEX_RULE,traeart,Tilia europaea,Tilia hybr. europaea,latin_regex,add hybrid marker,NA
4af32d11-8d15-46ed-beb1-36d40df4572a,APPLIED_REGEX_RULE,traeart,Tilia europaea,Tilia hybr. europaea,latin_regex,add hybrid marker,NA
3367577d-ba4d-4878-a220-6ba5c3a5a3ca,APPLIED_REGEX_RULE,traeart,Tilia europaea,Tilia hybr. europaea,latin_regex,add hybrid marker,NA
078596fb-36cd-4732-abb7-442aeced7b30,APPLIED_REGEX_RULE,traeart,Tilia europaea,Tilia hybr. europaea,latin_regex,add hybrid marker,NA
19f3b931-9361-457a-a284-8033df9f6688,APPLIED_REGEX_RULE,traeart,Tilia europaea,Tilia hybr. europaea,latin_regex,add hybrid marker,NA
af0ad12d-c818-44b3-92d5-201698df155d,APPLIED_REGEX_RULE,traeart,Tilia europaea,Tilia hybr. europaea,latin_regex,add hybrid marker,NA
1dc11c60-ded0-4016-a83f-94326c4207df,APPLIED_REGEX_RULE,traeart,Tilia europaea,Tilia hybr. europaea,latin_regex,add hybrid marker,NA
c3af0859-b776-4a18-9356-3ed63cb2726a,APPLIED_REGEX_RULE,traeart,Tilia europaea,Tilia hybr. europaea,latin_regex,add hybrid marker,NA
db3b8e6b-7f77-4f5b-aa7a-0df12b86377a,APPLIED_REGEX_RULE,traeart,Tilia europaea,Tilia hybr. europaea,latin_regex,add hybrid marker,NA
bb48893d-f7f1-4eb9-a588-283c7b12555c,APPLIED_REGEX_RULE,traeart,Tilia europaea,Tilia hybr. europaea,latin_regex,add hybrid marker,NA
e432c2ea-6041-4226-81d7-0d2162f9ff2d,APPLIED_REGEX_RULE,traeart,Tilia europaea,Tilia hybr. europaea,latin_regex,add hybrid marker,NA
1ef6f1c6-99e8-4b87-ae1f-a4414d2fe69c,APPLIED_REGEX_RULE,traeart,Tilia europaea,Tilia hybr. europaea,latin_regex,add hybrid marker,NA
ed9f5b52-be5f-4b21-9fb3-2e319dd79c87,APPLIED_REGEX_RULE,traeart,Tilia europaea,Tilia hybr. europaea,latin_regex,add hybrid marker,NA
4ff22d71-034f-4f3a-9060-25cbd8e1436f,APPLIED_REGEX_RULE,traeart,Tilia europaea,Tilia hybr. europaea,latin_regex,add hybrid marker,NA
5a346565-9324-46eb-9529-bbbde13fcdbc,APPLIED_REGEX_RULE,traeart,Tilia europaea,Tilia hybr. europaea,latin_regex,add hybrid marker,NA
17f1a233-d8a6-48dd-aa97-deeee2dd952d,APPLIED_REGEX_RULE,traeart,Tilia europaea,Tilia hybr. europaea,latin_regex,add hybrid marker,NA
602feea3-7fa2-45ab-bf3f-e699c650b881,APPLIED_REGEX_RULE,traeart,Tilia europaea,Tilia hybr. europaea,latin_regex,add hybrid marker,NA
bfe77198-ba55-4459-bb08-6f1ff2b89df0,APPLIED_REGEX_RULE,traeart,Tilia europaea,Tilia hybr. europaea,latin_regex,add hybrid marker,NA
4dd25500-7613-48a1-81e6-5a6d33bcbd1f,APPLIED_REGEX_RULE,traeart,Tilia europaea,Tilia hybr. europaea,latin_regex,add hybrid marker,NA
7448c56e-8b6c-442d-90de-11a4379fbcd0,APPLIED_REGEX_RULE,traeart,Tilia europaea,Tilia hybr. europaea,latin_regex,add hybrid marker,NA
46c21ab3-12ac-4af0-ac01-4b607756cf24,APPLIED_REGEX_RULE,traeart,Tilia europaea,Tilia hybr. europaea,latin_regex,add hybrid marker,NA
1c04702a-5700-494e-895a-695988af2666,APPLIED_REGEX_RULE,traeart,Tilia europaea,Tilia hybr. europaea,latin_regex,add hybrid marker,NA
0d3acadf-856b-442a-abed-75966dd8ba31,APPLIED_REGEX_RULE,traeart,Tilia europaea,Tilia hybr. europaea,latin_regex,add hybrid marker,NA
89a3fd4b-358e-4571-93d0-a537328a8062,APPLIED_REGEX_RULE,traeart,Tilia europaea,Tilia hybr. europaea,latin_regex,add hybrid marker,NA
5dfb89ef-3f46-4a36-9b8d-c4ea6618bce3,APPLIED_REGEX_RULE,traeart,Tilia europaea,Tilia hybr. europaea,latin_regex,add hybrid marker,NA
8ca3fc9a-9b26-4684-9bca-daafdd9d7637,APPLIED_REGEX_RULE,traeart,Tilia europaea,Tilia hybr. europaea,latin_regex,add hybrid marker,NA
bfb1c8c4-c2bd-4d05-8872-d15a95bf93f0,APPLIED_REGEX_RULE,traeart,Tilia europaea,Tilia hybr. europaea,latin_regex,add hybrid marker,NA
d656e5df-6a6c-48ed-9a17-b80e6531b9bf,APPLIED_REGEX_RULE,traeart,Tilia europaea,Tilia hybr. europaea,latin_regex,add hybrid marker,NA
66a46127-d8f0-4744-a481-9a7c042cdadf,APPLIED_REGEX_RULE,traeart,Tilia europaea,Tilia hybr. europaea,latin_regex,add hybrid marker,NA
462e8d2d-55c2-4927-a09e-4e455fd01495,APPLIED_REGEX_RULE,traeart,Tilia europaea,Tilia hybr. europaea,latin_regex,add hybrid marker,NA
925ff1f0-609b-477f-94cf-a06e15724633,APPLIED_REGEX_RULE,traeart,Tilia europaea,Tilia hybr. europaea,latin_regex,add hybrid marker,NA
3d2384ac-a910-4cfb-ae8d-2f24ad548e4b,APPLIED_REGEX_RULE,traeart,Tilia europaea,Tilia hybr. europaea,latin_regex,add hybrid marker,NA
a999db05-5ab5-4edd-8a9b-18186e552594,APPLIED_REGEX_RULE,traeart,Tilia europaea,Tilia hybr. europaea,latin_regex,add hybrid marker,NA
0b1bcf27-471b-415c-98ea-8bb41ee7325f,APPLIED_REGEX_RULE,traeart,Tilia europaea,Tilia hybr. europaea,latin_regex,add hybrid marker,NA
61e9c57d-4eec-477a-8018-5eb94dc60877,APPLIED_REGEX_RULE,traeart,Tilia europaea,Tilia hybr. europaea,latin_regex,add hybrid marker,NA
7feb408c-116f-4ccc-a9fb-731b1ba40f8e,APPLIED_REGEX_RULE,traeart,Tilia europaea,Tilia hybr. europaea,latin_regex,add hybrid marker,NA
1936bd52-7104-4a2d-9125-228e4b32129c,APPLIED_REGEX_RULE,traeart,Tilia europaea,Tilia hybr. europaea,latin_regex,add hybrid marker,NA
192ab0fa-232c-4301-a22b-e78e6e62920e,APPLIED_REGEX_RULE,traeart,Tilia europaea,Tilia hybr. europaea,latin_regex,add hybrid marker,NA
ffb8a8f4-25b4-4f2a-9b10-3f1eaebec09a,APPLIED_REGEX_RULE,traeart,Tilia europaea,Tilia hybr. europaea,latin_regex,add hybrid marker,NA
c0d0b6da-8d33-4148-b8b1-a3c40a8551ff,APPLIED_REGEX_RULE,traeart,Tilia europaea,Tilia hybr. europaea,latin_regex,add hybrid marker,NA
905c1c59-7b2f-4f03-9f5f-12c6dab01856,APPLIED_REGEX_RULE,traeart,Tilia europaea,Tilia hybr. europaea,latin_regex,add hybrid marker,NA
74ff06af-af9a-4eff-809b-568dc031a701,APPLIED_REGEX_RULE,traeart,Tilia europaea,Tilia hybr. europaea,latin_regex,add hybrid marker,NA
daf1769a-c07c-4d56-b185-0a5e0db69b7a,APPLIED_REGEX_RULE,traeart,Tilia europaea,Tilia hybr. europaea,latin_regex,add hybrid marker,NA
137bb3f0-7161-4794-9813-40366e4732af,APPLIED_REGEX_RULE,traeart,Tilia europaea,Tilia hybr. europaea,latin_regex,add hybrid marker,NA
5edb3bee-b837-4e41-a490-1c4087a3cef5,APPLIED_REGEX_RULE,traeart,Tilia europaea,Tilia hybr. europaea,latin_regex,add hybrid marker,NA
72713981-3ecd-4dc8-866e-b8f5e7e2d4b5,APPLIED_REGEX_RULE,traeart,Tilia europaea,Tilia hybr. europaea,latin_regex,add hybrid marker,NA
0279085d-7756-4dac-b1c3-d6438dcf4a05,APPLIED_REGEX_RULE,traeart,Tilia europaea,Tilia hybr. europaea,latin_regex,add hybrid marker,NA
97fb0b9f-e3fb-49e2-8b44-8859710722e7,APPLIED_REGEX_RULE,traeart,Tilia europaea,Tilia hybr. europaea,latin_regex,add hybrid marker,NA
c07810f4-3678-40b5-992e-6ccefbc7fb52,APPLIED_REGEX_RULE,traeart,Tilia europaea,Tilia hybr. europaea,latin_regex,add hybrid marker,NA
96d0bf58-e171-44cc-804c-c58203464900,APPLIED_REGEX_RULE,traeart,Tilia europaea,Tilia hybr. europaea,latin_regex,add hybrid marker,NA
77d0ac58-59ea-482f-82b8-d7a3109fc2af,APPLIED_REGEX_RULE,traeart,Tilia europaea,Tilia hybr. europaea,latin_regex,add hybrid marker,NA
16e8b278-537a-4344-af83-4a84daa3b626,APPLIED_REGEX_RULE,traeart,Tilia europaea,Tilia hybr. europaea,latin_regex,add hybrid marker,NA
e1f8527c-34fe-4e70-afb5-0b2c42861602,APPLIED_REGEX_RULE,traeart,Tilia europaea,Tilia hybr. europaea,latin_regex,add hybrid marker,NA
ce4d8ae4-ab57-472d-a74a-b2224490bc19,APPLIED_REGEX_RULE,traeart,Tilia europaea,Tilia hybr. europaea,latin_regex,add hybrid marker,NA
58bdfe21-2fb9-4291-a94f-4c792888b8e3,APPLIED_REGEX_RULE,traeart,Tilia europaea,Tilia hybr. europaea,latin_regex,add hybrid marker,NA
02f94876-d10c-4b1e-a713-637b748fb231,APPLIED_REGEX_RULE,traeart,Tilia europaea,Tilia hybr. europaea,latin_regex,add hybrid marker,NA
e2a7ef78-66f4-4751-a57a-76425654a054,APPLIED_REGEX_RULE,traeart,Tilia europaea,Tilia hybr. europaea,latin_regex,add hybrid marker,NA
c4911e7b-b8e8-4b70-a885-5a94eebcd16a,APPLIED_REGEX_RULE,traeart,Tilia europaea,Tilia hybr. europaea,latin_regex,add hybrid marker,NA
e0f31f66-43ce-48d2-a479-48f5ccede01d,APPLIED_REGEX_RULE,traeart,Tilia europaea,Tilia hybr. europaea,latin_regex,add hybrid marker,NA
1e8ba3f4-384b-4978-a22d-42feb59f9056,APPLIED_REGEX_RULE,traeart,Tilia europaea,Tilia hybr. europaea,latin_regex,add hybrid marker,NA
7c4e4ce2-d38f-4ab9-bcd4-0eccfd8bb5b5,APPLIED_REGEX_RULE,traeart,Tilia europaea,Tilia hybr. europaea,latin_regex,add hybrid marker,NA
a6a9b52c-0e5d-4287-94b4-478863762255,APPLIED_REGEX_RULE,traeart,Tilia europaea,Tilia hybr. europaea,latin_regex,add hybrid marker,NA
fb18b186-4af7-46a4-b7f2-9d67ee821b4b,APPLIED_REGEX_RULE,traeart,Tilia europaea,Tilia hybr. europaea,latin_regex,add hybrid marker,NA
b97230da-874e-4c47-98a3-9bb6109eb20b,APPLIED_REGEX_RULE,traeart,Tilia europaea,Tilia hybr. europaea,latin_regex,add hybrid marker,NA
2f123cc4-0eef-4906-8958-868ac58c3d0a,APPLIED_REGEX_RULE,traeart,Tilia europaea,Tilia hybr. europaea,latin_regex,add hybrid marker,NA
d2ee70d4-4729-4ca6-86c0-cf154eee390d,APPLIED_REGEX_RULE,traeart,Tilia europaea,Tilia hybr. europaea,latin_regex,add hybrid marker,NA
386f2de1-c8c4-42ac-b5e5-26947da008d1,APPLIED_REGEX_RULE,traeart,Tilia europaea,Tilia hybr. europaea,latin_regex,add hybrid marker,NA
00aaa526-b30e-4deb-9098-f7621577cc51,APPLIED_REGEX_RULE,traeart,Tilia europaea,Tilia hybr. europaea,latin_regex,add hybrid marker,NA
cade1bf8-facc-4468-abd3-aef5e9e85bd7,APPLIED_REGEX_RULE,traeart,Tilia europaea,Tilia hybr. europaea,latin_regex,add hybrid marker,NA
795f4fc7-de4d-4878-af04-45c895430dab,APPLIED_REGEX_RULE,traeart,Tilia europaea,Tilia hybr. europaea,latin_regex,add hybrid marker,NA
846d6b28-e945-44ba-8c59-d06093b73d25,APPLIED_REGEX_RULE,traeart,Tilia europaea,Tilia hybr. europaea,latin_regex,add hybrid marker,NA
d314e1f8-25eb-42bc-bee1-a70751ce72b8,APPLIED_REGEX_RULE,traeart,Tilia europaea,Tilia hybr. europaea,latin_regex,add hybrid marker,NA
bb00792a-4e9e-4472-a473-9a12c8a0e909,APPLIED_REGEX_RULE,traeart,Tilia europaea,Tilia hybr. europaea,latin_regex,add hybrid marker,NA
d8e4e190-a102-4824-a128-7ef2c57ae674,APPLIED_REGEX_RULE,traeart,Tilia europaea,Tilia hybr. europaea,latin_regex,add hybrid marker,NA
ae08c009-f6ac-4a0b-af62-4a5649efa2a1,APPLIED_REGEX_RULE,traeart,Tilia europaea,Tilia hybr. europaea,latin_regex,add hybrid marker,NA
e0dea014-c5ca-465f-b609-f42b6610ce7d,APPLIED_REGEX_RULE,traeart,Tilia europaea,Tilia hybr. europaea,latin_regex,add hybrid marker,NA
66bd3de0-628f-44f7-97e2-d023184ce8db,APPLIED_REGEX_RULE,traeart,Tilia europaea,Tilia hybr. europaea,latin_regex,add hybrid marker,NA
79d8bc48-bc62-472f-8b34-81fb90932383,APPLIED_REGEX_RULE,traeart,Tilia europaea,Tilia hybr. europaea,latin_regex,add hybrid marker,NA
d55fa8ad-b32b-43d3-9ccd-74e31c1f8afa,APPLIED_REGEX_RULE,traeart,Tilia europaea,Tilia hybr. europaea,latin_regex,add hybrid marker,NA
4a03a41f-1417-4dc1-8227-a6a9ab5421da,APPLIED_REGEX_RULE,traeart,Tilia europaea,Tilia hybr. europaea,latin_regex,add hybrid marker,NA
8718b35d-a75b-4e43-a4d2-992a8e7d126f,APPLIED_REGEX_RULE,traeart,Tilia europaea,Tilia hybr. europaea,latin_regex,add hybrid marker,NA
79e0df02-60ce-4a15-986b-f5bbf9d1a962,APPLIED_REGEX_RULE,traeart,Tilia europaea,Tilia hybr. europaea,latin_regex,add hybrid marker,NA
471c4945-940e-407f-9565-4375ff5c5828,APPLIED_REGEX_RULE,traeart,Tilia europaea,Tilia hybr. europaea,latin_regex,add hybrid marker,NA
86e184c9-123a-4732-b27b-14526b834c20,APPLIED_REGEX_RULE,traeart,Tilia europaea,Tilia hybr. europaea,latin_regex,add hybrid marker,NA
cb61487d-bd55-4728-a359-9ac41bc282f0,APPLIED_REGEX_RULE,traeart,Tilia europaea,Tilia hybr. europaea,latin_regex,add hybrid marker,NA
c71c5c66-a0f3-485b-9976-13cc3d931e90,APPLIED_REGEX_RULE,traeart,Tilia europaea,Tilia hybr. europaea,latin_regex,add hybrid marker,NA
0e6a0e86-ee8b-4f09-b351-ab2ba48038aa,APPLIED_REGEX_RULE,traeart,Tilia europaea,Tilia hybr. europaea,latin_regex,add hybrid marker,NA
55959f28-211b-4b1a-b5be-a21b490f72c7,APPLIED_REGEX_RULE,traeart,Tilia europaea,Tilia hybr. europaea,latin_regex,add hybrid marker,NA
4dd3c78b-e19a-4143-a20c-ec7de85e20b4,APPLIED_REGEX_RULE,traeart,Tilia europaea,Tilia hybr. europaea,latin_regex,add hybrid marker,NA
9daada1f-de4f-49ae-8bca-592d14736652,APPLIED_REGEX_RULE,traeart,Tilia europaea,Tilia hybr. europaea,latin_regex,add hybrid marker,NA
fa317f46-ee69-4e95-bde7-10e43970d2d0,APPLIED_REGEX_RULE,traeart,Tilia europaea,Tilia hybr. europaea,latin_regex,add hybrid marker,NA
81c0b6aa-8fbd-48c5-aa30-69d626a6c70e,APPLIED_REGEX_RULE,traeart,Tilia europaea,Tilia hybr. europaea,latin_regex,add hybrid marker,NA
538524a7-928f-4230-b3d5-05e7c68d9f56,APPLIED_REGEX_RULE,traeart,Tilia europaea,Tilia hybr. europaea,latin_regex,add hybrid marker,NA
5ca9366c-0726-4619-92b8-cba3fcb7c299,APPLIED_REGEX_RULE,traeart,Tilia europaea,Tilia hybr. europaea,latin_regex,add hybrid marker,NA
bdfb3a6e-65e0-4a99-aca5-6831d54c8a54,APPLIED_REGEX_RULE,traeart,Tilia europaea,Tilia hybr. europaea,latin_regex,add hybrid marker,NA
016124b6-2b0f-4ab2-a7cd-7faa65daeaac,APPLIED_REGEX_RULE,traeart,Tilia europaea,Tilia hybr. europaea,latin_regex,add hybrid marker,NA
8dcc9221-4a98-413c-bcb4-bcf26aa830d2,APPLIED_REGEX_RULE,traeart,Tilia europaea,Tilia hybr. europaea,latin_regex,add hybrid marker,NA
2a09b927-0c7b-4601-bbed-43b09f0df7ec,APPLIED_REGEX_RULE,traeart,Tilia europaea,Tilia hybr. europaea,latin_regex,add hybrid marker,NA
8ebd12a4-05fb-4cda-b5a8-2565749aa4fc,APPLIED_REGEX_RULE,traeart,Tilia europaea,Tilia hybr. europaea,latin_regex,add hybrid marker,NA
4351a881-260d-441d-beba-26772c1a570b,APPLIED_REGEX_RULE,traeart,Tilia europaea,Tilia hybr. europaea,latin_regex,add hybrid marker,NA
f91844ca-5ba4-49f9-963b-dd3ea45621b7,APPLIED_REGEX_RULE,traeart,Tilia europaea,Tilia hybr. europaea,latin_regex,add hybrid marker,NA
d8c8c7f4-3ed6-4b6d-b630-a36c4811096b,APPLIED_REGEX_RULE,traeart,Tilia europaea,Tilia hybr. europaea,latin_regex,add hybrid marker,NA
93fc35c5-301a-4ca9-b9a4-cc8f5063d97a,APPLIED_REGEX_RULE,traeart,Tilia europaea,Tilia hybr. europaea,latin_regex,add hybrid marker,NA
47f2a842-c97f-4fa5-859d-9bdec374be53,APPLIED_REGEX_RULE,traeart,Tilia europaea,Tilia hybr. europaea,latin_regex,add hybrid marker,NA
233f9280-be92-4813-b34f-ad4488f6be47,APPLIED_REGEX_RULE,traeart,Tilia europaea,Tilia hybr. europaea,latin_regex,add hybrid marker,NA
e64bbd59-3027-44fe-893d-1acc310040c4,APPLIED_REGEX_RULE,traeart,Tilia europaea,Tilia hybr. europaea,latin_regex,add hybrid marker,NA
2e37e560-f197-4685-a3bc-2ead80308912,APPLIED_REGEX_RULE,traeart,Tilia europaea,Tilia hybr. europaea,latin_regex,add hybrid marker,NA
8a03ae76-45ba-4b76-ac1f-d6fcc4692c60,APPLIED_REGEX_RULE,traeart,Tilia europaea,Tilia hybr. europaea,latin_regex,add hybrid marker,NA
5b669e9f-4e82-4da1-9785-0896d5841510,APPLIED_REGEX_RULE,traeart,Tilia europaea,Tilia hybr. europaea,latin_regex,add hybrid marker,NA
05083241-2e4d-4110-b399-e8e16754b23f,APPLIED_REGEX_RULE,traeart,Tilia europaea,Tilia hybr. europaea,latin_regex,add hybrid marker,NA
f8246d3e-3634-44da-932d-abea118d61a2,APPLIED_REGEX_RULE,traeart,Tilia europaea,Tilia hybr. europaea,latin_regex,add hybrid marker,NA
c522305c-c273-420f-96ee-b0155c8acc53,APPLIED_REGEX_RULE,traeart,Tilia europaea,Tilia hybr. europaea,latin_regex,add hybrid marker,NA
8503addc-742e-4eae-9a16-343cf76a81c6,APPLIED_REGEX_RULE,traeart,Tilia europaea,Tilia hybr. europaea,latin_regex,add hybrid marker,NA
fd80127d-1553-4ba4-a487-429bd33a317b,APPLIED_REGEX_RULE,traeart,Tilia europaea,Tilia hybr. europaea,latin_regex,add hybrid marker,NA
6ae592c7-e1a4-4eef-86f2-5da066cf2062,APPLIED_REGEX_RULE,traeart,Tilia europaea,Tilia hybr. europaea,latin_regex,add hybrid marker,NA
6cdb1026-3377-4f34-baca-55fe6ce452ba,APPLIED_REGEX_RULE,traeart,Tilia europaea,Tilia hybr. europaea,latin_regex,add hybrid marker,NA
d45b02cc-471d-48f8-87f8-40e4bb63373a,APPLIED_REGEX_RULE,traeart,Tilia europaea,Tilia hybr. europaea,latin_regex,add hybrid marker,NA
9c5a8856-b996-4ddf-840b-18db7c829149,APPLIED_REGEX_RULE,traeart,Tilia europaea,Tilia hybr. europaea,latin_regex,add hybrid marker,NA
a165503b-1f70-45ff-9bce-bfbaca573366,APPLIED_REGEX_RULE,traeart,Tilia europaea,Tilia hybr. europaea,latin_regex,add hybrid marker,NA
ffde611d-2268-497e-85be-1b81a9131449,APPLIED_REGEX_RULE,traeart,Tilia europaea,Tilia hybr. europaea,latin_regex,add hybrid marker,NA
a11b5ee3-70e5-44a9-a299-18e895a534fd,APPLIED_REGEX_RULE,traeart,Tilia europaea,Tilia hybr. europaea,latin_regex,add hybrid marker,NA
cc2fd942-619f-41b4-9db6-5c98f4872067,APPLIED_REGEX_RULE,traeart,Tilia europaea,Tilia hybr. europaea,latin_regex,add hybrid marker,NA
930c824b-9f56-4228-84ed-873a2fb4740b,APPLIED_REGEX_RULE,traeart,Tilia europaea,Tilia hybr. europaea,latin_regex,add hybrid marker,NA
70e860b8-3cbe-440b-b02f-a22bf1cb33ec,APPLIED_REGEX_RULE,traeart,Tilia europaea,Tilia hybr. europaea,latin_regex,add hybrid marker,NA
af49ea31-0875-4f44-b962-e19c366c218d,APPLIED_REGEX_RULE,traeart,Tilia europaea,Tilia hybr. europaea,latin_regex,add hybrid marker,NA
0b13f7c5-6a99-4cf3-b046-6ac4fc9600ea,APPLIED_REGEX_RULE,traeart,Tilia europaea,Tilia hybr. europaea,latin_regex,add hybrid marker,NA
866ed7a6-6616-4ce3-903a-9f2c575ad27a,APPLIED_REGEX_RULE,traeart,Tilia europaea,Tilia hybr. europaea,latin_regex,add hybrid marker,NA
6ae5e5d1-7472-4df8-9968-b6f0b527c590,APPLIED_REGEX_RULE,traeart,Tilia europaea,Tilia hybr. europaea,latin_regex,add hybrid marker,NA
57503982-9708-4730-a25b-6a197ae1a67c,APPLIED_REGEX_RULE,traeart,Tilia europaea,Tilia hybr. europaea,latin_regex,add hybrid marker,NA
14b1d309-266e-4541-85e3-50ffaa62d52d,APPLIED_REGEX_RULE,traeart,Tilia europaea,Tilia hybr. europaea,latin_regex,add hybrid marker,NA
a587a2a9-b6bb-4040-9ca0-d8a840268a07,APPLIED_REGEX_RULE,traeart,Tilia europaea,Tilia hybr. europaea,latin_regex,add hybrid marker,NA
9bac65db-4eba-4a44-b63d-aba26c067302,APPLIED_REGEX_RULE,traeart,Tilia europaea,Tilia hybr. europaea,latin_regex,add hybrid marker,NA
a507ce5d-d919-4042-9bb7-9c34d6d66e65,APPLIED_REGEX_RULE,traeart,Tilia europaea,Tilia hybr. europaea,latin_regex,add hybrid marker,NA
48bc4dd8-821d-4249-b6c2-f906f96eac6a,APPLIED_REGEX_RULE,traeart,Tilia europaea,Tilia hybr. europaea,latin_regex,add hybrid marker,NA
fbca135a-661b-470d-94d4-0b27b9b15ae1,APPLIED_REGEX_RULE,traeart,Tilia europaea,Tilia hybr. europaea,latin_regex,add hybrid marker,NA
716acbaf-3437-4264-ada0-b12c5b973e66,APPLIED_REGEX_RULE,traeart,Tilia europaea,Tilia hybr. europaea,latin_regex,add hybrid marker,NA
39623fc3-ad96-4438-8493-8a743fda8bd6,APPLIED_REGEX_RULE,traeart,Tilia europaea,Tilia hybr. europaea,latin_regex,add hybrid marker,NA
0864d7b1-6640-4933-8087-669e98d9df37,APPLIED_REGEX_RULE,traeart,Tilia europaea,Tilia hybr. europaea,latin_regex,add hybrid marker,NA
49a1703f-7c8b-47d1-b37e-a5de6f1ad256,APPLIED_REGEX_RULE,traeart,Tilia europaea,Tilia hybr. europaea,latin_regex,add hybrid marker,NA
9950a243-b6e6-414e-a747-7746d378cd9c,APPLIED_REGEX_RULE,traeart,Tilia europaea,Tilia hybr. europaea,latin_regex,add hybrid marker,NA
6ce78807-acc0-42c4-8002-0ab2360225b6,APPLIED_REGEX_RULE,traeart,Tilia europaea,Tilia hybr. europaea,latin_regex,add hybrid marker,NA
60718df3-6c4b-45f4-a893-0473b98e24aa,APPLIED_REGEX_RULE,traeart,Tilia europaea,Tilia hybr. europaea,latin_regex,add hybrid marker,NA
36d46cb5-28c7-4c12-ac38-3d08eb2cedde,APPLIED_REGEX_RULE,traeart,Tilia europaea,Tilia hybr. europaea,latin_regex,add hybrid marker,NA
69196c8e-f8b7-4737-b8d7-b4d82676551e,APPLIED_REGEX_RULE,traeart,Tilia europaea,Tilia hybr. europaea,latin_regex,add hybrid marker,NA
abed582d-3d4a-4e42-a45a-97f7edd61816,APPLIED_REGEX_RULE,traeart,Tilia europaea,Tilia hybr. europaea,latin_regex,add hybrid marker,NA
5edd4e1b-bba2-4677-adf7-5360fe2584a3,APPLIED_REGEX_RULE,traeart,Tilia europaea,Tilia hybr. europaea,latin_regex,add hybrid marker,NA
31c90204-739f-4aaf-b462-b9e0ffffb509,APPLIED_REGEX_RULE,traeart,Tilia europaea,Tilia hybr. europaea,latin_regex,add hybrid marker,NA
012ef8a7-120f-423e-9ddd-9bcf4ead811e,APPLIED_REGEX_RULE,traeart,Tilia europaea,Tilia hybr. europaea,latin_regex,add hybrid marker,NA
71d317b3-56d6-4e99-875b-fb3d14a06028,APPLIED_REGEX_RULE,traeart,Tilia europaea,Tilia hybr. europaea,latin_regex,add hybrid marker,NA
4ae3a225-c771-4e98-a295-8bfc20cae839,APPLIED_REGEX_RULE,traeart,Tilia europaea,Tilia hybr. europaea,latin_regex,add hybrid marker,NA
80ec4ff8-0e1c-4588-a33c-a1f32aa9b36c,APPLIED_REGEX_RULE,traeart,Tilia europaea,Tilia hybr. europaea,latin_regex,add hybrid marker,NA
e5520bd2-4dd1-4229-8aa6-563bd753e45f,APPLIED_REGEX_RULE,traeart,Tilia europaea,Tilia hybr. europaea,latin_regex,add hybrid marker,NA
ad0a54f7-660e-483a-8645-c757e16600af,APPLIED_REGEX_RULE,traeart,Tilia europaea,Tilia hybr. europaea,latin_regex,add hybrid marker,NA
a02d95d8-54c4-4b56-809a-49dfbcf398cc,APPLIED_REGEX_RULE,traeart,Tilia europaea,Tilia hybr. europaea,latin_regex,add hybrid marker,NA
3891cf1e-7935-4df2-b36f-9d96d3fc441a,APPLIED_REGEX_RULE,traeart,Tilia europaea,Tilia hybr. europaea,latin_regex,add hybrid marker,NA
75c79ba1-07d4-4ca1-b212-6ae45bf6f16f,APPLIED_REGEX_RULE,traeart,Tilia europaea,Tilia hybr. europaea,latin_regex,add hybrid marker,NA
59959268-f27c-4583-a5cb-ec17b701e93f,APPLIED_REGEX_RULE,traeart,Tilia europaea,Tilia hybr. europaea,latin_regex,add hybrid marker,NA
af541eb6-7647-4759-91c4-300476430df8,APPLIED_REGEX_RULE,traeart,Tilia europaea,Tilia hybr. europaea,latin_regex,add hybrid marker,NA
1a5b95cb-7408-425a-8c0b-6d75900cfc8b,APPLIED_REGEX_RULE,traeart,Tilia europaea,Tilia hybr. europaea,latin_regex,add hybrid marker,NA
6ec98ff9-b1fe-4a0f-9bc0-4959deb8b2bb,APPLIED_REGEX_RULE,traeart,Tilia europaea,Tilia hybr. europaea,latin_regex,add hybrid marker,NA
8c34169a-b333-4624-99ae-951b36874f90,APPLIED_REGEX_RULE,traeart,Tilia europaea,Tilia hybr. europaea,latin_regex,add hybrid marker,NA
c1f1c624-e2d8-467e-81d1-9093fa45c1d9,APPLIED_REGEX_RULE,traeart,Tilia europaea,Tilia hybr. europaea,latin_regex,add hybrid marker,NA
6416d9b5-d7ac-4bd7-9e61-8ceea575a870,APPLIED_REGEX_RULE,traeart,Tilia europaea,Tilia hybr. europaea,latin_regex,add hybrid marker,NA
800a2e95-bc52-419d-8eb8-78644d9ea046,APPLIED_REGEX_RULE,traeart,Tilia europaea,Tilia hybr. europaea,latin_regex,add hybrid marker,NA
b04631bc-e9fa-4706-bf17-e41472509788,APPLIED_REGEX_RULE,traeart,Tilia europaea,Tilia hybr. europaea,latin_regex,add hybrid marker,NA
d99fbb24-34e4-4337-9948-a5c4aa97184c,APPLIED_REGEX_RULE,traeart,Tilia europaea,Tilia hybr. europaea,latin_regex,add hybrid marker,NA
0170e796-b7f0-4e93-a65e-952eb1750deb,APPLIED_REGEX_RULE,traeart,Tilia europaea,Tilia hybr. europaea,latin_regex,add hybrid marker,NA
85baf672-2426-4113-95c0-281f876856ef,APPLIED_REGEX_RULE,traeart,Tilia europaea,Tilia hybr. europaea,latin_regex,add hybrid marker,NA
8b0d52f1-48c0-47df-901d-773594831a92,APPLIED_REGEX_RULE,traeart,Tilia europaea,Tilia hybr. europaea,latin_regex,add hybrid marker,NA
cb0858d0-1949-4d55-b23e-6c477c874802,APPLIED_REGEX_RULE,traeart,Tilia europaea,Tilia hybr. europaea,latin_regex,add hybrid marker,NA
0bca70d7-7b4b-485b-8ffc-40fd89559123,APPLIED_REGEX_RULE,traeart,Tilia europaea,Tilia hybr. europaea,latin_regex,add hybrid marker,NA
58ffabf4-e149-4c29-9af4-ca3e98d6a53a,APPLIED_REGEX_RULE,traeart,Tilia europaea,Tilia hybr. europaea,latin_regex,add hybrid marker,NA
621ca7fe-8536-417c-a106-b96304ca6742,APPLIED_REGEX_RULE,traeart,Tilia europaea,Tilia hybr. europaea,latin_regex,add hybrid marker,NA
e42d685e-0bec-42fd-9611-e31e2bc28d5a,APPLIED_REGEX_RULE,traeart,Tilia europaea,Tilia hybr. europaea,latin_regex,add hybrid marker,NA
6524d6f7-a024-449b-9aa5-06b03040703a,APPLIED_REGEX_RULE,traeart,Tilia europaea,Tilia hybr. europaea,latin_regex,add hybrid marker,NA
840a776d-a020-475a-8e21-ae45f0e608fd,APPLIED_REGEX_RULE,traeart,Tilia europaea,Tilia hybr. europaea,latin_regex,add hybrid marker,NA
cd83785e-707f-4e18-8b9a-1387220e92c1,APPLIED_REGEX_RULE,traeart,Tilia europaea,Tilia hybr. europaea,latin_regex,add hybrid marker,NA
b87b10c8-3c2d-46fb-918e-ba7c55171951,APPLIED_REGEX_RULE,traeart,Tilia europaea,Tilia hybr. europaea,latin_regex,add hybrid marker,NA
9db5aee6-0b72-446f-8a8d-93d8688709b5,APPLIED_REGEX_RULE,traeart,Tilia europaea,Tilia hybr. europaea,latin_regex,add hybrid marker,NA
7e18344c-3530-4248-aaf9-0f145636d338,APPLIED_REGEX_RULE,traeart,Tilia europaea,Tilia hybr. europaea,latin_regex,add hybrid marker,NA
5c3a19a3-ac57-4528-b413-71a9b23f65f7,APPLIED_REGEX_RULE,traeart,Tilia europaea,Tilia hybr. europaea,latin_regex,add hybrid marker,NA
c52130dd-60e1-4ea3-81f6-4a8ce39c2e13,APPLIED_REGEX_RULE,traeart,Tilia europaea,Tilia hybr. europaea,latin_regex,add hybrid marker,NA
52cf7d12-16a9-4370-9419-760fc0c13710,APPLIED_REGEX_RULE,traeart,Tilia europaea,Tilia hybr. europaea,latin_regex,add hybrid marker,NA
470ae5a4-d5da-4265-959e-2727c8395dc0,APPLIED_REGEX_RULE,traeart,Tilia europaea,Tilia hybr. europaea,latin_regex,add hybrid marker,NA
12ec4104-5cab-4c15-898f-b7f617f6dc85,APPLIED_REGEX_RULE,traeart,Tilia europaea,Tilia hybr. europaea,latin_regex,add hybrid marker,NA
7de3aa11-e22f-47fd-b014-968fc572616d,APPLIED_REGEX_RULE,traeart,Tilia europaea,Tilia hybr. europaea,latin_regex,add hybrid marker,NA
7e5461e7-8f42-4976-9b35-4777d8bd993b,APPLIED_REGEX_RULE,traeart,Tilia europaea,Tilia hybr. europaea,latin_regex,add hybrid marker,NA
cfea1e97-1ea1-4b21-b11c-beab8782783f,APPLIED_REGEX_RULE,traeart,Tilia europaea,Tilia hybr. europaea,latin_regex,add hybrid marker,NA
0803f452-222e-4100-ab0c-80a5eef835b5,APPLIED_REGEX_RULE,traeart,Tilia europaea,Tilia hybr. europaea,latin_regex,add hybrid marker,NA
442df75b-859d-4614-b386-5af120638d9f,APPLIED_REGEX_RULE,traeart,Tilia europaea,Tilia hybr. europaea,latin_regex,add hybrid marker,NA
d52a00e0-ed54-466f-97d7-08b7b410f0ee,APPLIED_REGEX_RULE,traeart,Tilia europaea,Tilia hybr. europaea,latin_regex,add hybrid marker,NA
deed8969-b4ba-4d0f-8148-9476bd9e0690,APPLIED_REGEX_RULE,traeart,Tilia europaea,Tilia hybr. europaea,latin_regex,add hybrid marker,NA
a8d8fc46-b28e-4373-9278-e8a43e6ccda9,APPLIED_REGEX_RULE,traeart,Tilia europaea,Tilia hybr. europaea,latin_regex,add hybrid marker,NA
8a038782-55d3-4ebb-ad00-3aeb92e9441c,APPLIED_REGEX_RULE,traeart,Tilia europaea,Tilia hybr. europaea,latin_regex,add hybrid marker,NA
aea264f0-b74d-47e8-a605-ebf1d6d84893,APPLIED_REGEX_RULE,traeart,Tilia europaea,Tilia hybr. europaea,latin_regex,add hybrid marker,NA
5a1f5df8-c10c-4da2-9527-48fc2dca5c33,APPLIED_REGEX_RULE,traeart,Tilia europaea,Tilia hybr. europaea,latin_regex,add hybrid marker,NA
f4905d56-b103-477a-a5b8-3264729423ce,APPLIED_REGEX_RULE,traeart,Tilia europaea,Tilia hybr. europaea,latin_regex,add hybrid marker,NA
3693bc73-861d-4864-ad2d-cb4f618fccd2,APPLIED_REGEX_RULE,traeart,Tilia europaea,Tilia hybr. europaea,latin_regex,add hybrid marker,NA
c09e5c7e-b9c8-43c6-be0c-388bd2fa725e,APPLIED_REGEX_RULE,traeart,Tilia europaea,Tilia hybr. europaea,latin_regex,add hybrid marker,NA
8d6ef64f-cf3b-4e19-804a-105ca4239574,APPLIED_REGEX_RULE,traeart,Tilia europaea,Tilia hybr. europaea,latin_regex,add hybrid marker,NA
31a22c9a-e594-4116-832c-fccaec9b095f,APPLIED_REGEX_RULE,traeart,Tilia europaea,Tilia hybr. europaea,latin_regex,add hybrid marker,NA
4f218dca-557c-4938-98a6-8c8a0bdcc233,APPLIED_REGEX_RULE,traeart,Tilia europaea,Tilia hybr. europaea,latin_regex,add hybrid marker,NA
05b2dd8f-e5e1-43fb-a969-bb1c49f65a08,APPLIED_REGEX_RULE,traeart,Tilia europaea,Tilia hybr. europaea,latin_regex,add hybrid marker,NA
d15bd271-1d1f-49cc-8cdf-a5f973af0034,APPLIED_REGEX_RULE,traeart,Tilia europaea,Tilia hybr. europaea,latin_regex,add hybrid marker,NA
f5afbabb-824d-4e15-80c1-dc3ebcc53de2,APPLIED_REGEX_RULE,traeart,Tilia europaea,Tilia hybr. europaea,latin_regex,add hybrid marker,NA
fb137f4f-95d7-4f12-b696-c8c3d3b69a0e,APPLIED_REGEX_RULE,traeart,Tilia europaea,Tilia hybr. europaea,latin_regex,add hybrid marker,NA
33072e06-9faa-420b-9943-2aedd5f6d045,APPLIED_REGEX_RULE,traeart,Tilia europaea,Tilia hybr. europaea,latin_regex,add hybrid marker,NA
6e96e48a-6b0c-4577-80f8-ef04094dde9e,APPLIED_REGEX_RULE,traeart,Tilia europaea,Tilia hybr. europaea,latin_regex,add hybrid marker,NA
a4e2df40-0c47-4a0d-98fd-a16863eeb007,APPLIED_REGEX_RULE,traeart,Tilia europaea,Tilia hybr. europaea,latin_regex,add hybrid marker,NA
607852f9-0aca-4ebf-9cff-dbc1faa3a005,APPLIED_REGEX_RULE,traeart,Tilia europaea,Tilia hybr. europaea,latin_regex,add hybrid marker,NA
43ef1216-5e54-4247-b549-e12907edb3b0,APPLIED_REGEX_RULE,traeart,Tilia europaea,Tilia hybr. europaea,latin_regex,add hybrid marker,NA
b33b1c3c-7ee0-407f-be7d-c98582476ce2,APPLIED_REGEX_RULE,traeart,Tilia europaea,Tilia hybr. europaea,latin_regex,add hybrid marker,NA
afd40abf-2aeb-47de-befd-4f81c5b2120e,APPLIED_REGEX_RULE,traeart,Tilia europaea,Tilia hybr. europaea,latin_regex,add hybrid marker,NA
433b263d-ddd8-4e01-afec-f3c2a079aff2,APPLIED_REGEX_RULE,traeart,Tilia europaea,Tilia hybr. europaea,latin_regex,add hybrid marker,NA
a9aa3192-0dfb-4475-80ca-5d8c21e41baf,APPLIED_REGEX_RULE,traeart,Tilia europaea,Tilia hybr. europaea,latin_regex,add hybrid marker,NA
50d40e19-8ee4-4eaa-92f6-6414ab516c86,APPLIED_REGEX_RULE,traeart,Tilia europaea,Tilia hybr. europaea,latin_regex,add hybrid marker,NA
8f4d2800-e15f-49d8-9bb8-e8dd86b0bfd9,APPLIED_REGEX_RULE,traeart,Tilia europaea,Tilia hybr. europaea,latin_regex,add hybrid marker,NA
e8009c9c-912a-49ca-80e3-02abd5ae3649,APPLIED_REGEX_RULE,traeart,Tilia europaea,Tilia hybr. europaea,latin_regex,add hybrid marker,NA
6c8edba6-18fb-474e-a7bc-6e4ca73bc2c2,APPLIED_REGEX_RULE,traeart,Tilia europaea,Tilia hybr. europaea,latin_regex,add hybrid marker,NA
d8fcc00a-70a3-47a7-bf89-86fa90528bf0,APPLIED_REGEX_RULE,traeart,Tilia europaea,Tilia hybr. europaea,latin_regex,add hybrid marker,NA
048e5100-0fb1-4a52-820f-0714718a17d7,APPLIED_REGEX_RULE,traeart,Tilia europaea,Tilia hybr. europaea,latin_regex,add hybrid marker,NA
fe913885-d3c2-4306-9a36-f622cdf6a217,APPLIED_REGEX_RULE,traeart,Tilia europaea,Tilia hybr. europaea,latin_regex,add hybrid marker,NA
4d780877-9d7f-4e0b-bab9-05a177e29873,APPLIED_REGEX_RULE,traeart,Tilia europaea,Tilia hybr. europaea,latin_regex,add hybrid marker,NA
7f31de6f-e91c-49f9-b788-2a3f625b4d01,APPLIED_REGEX_RULE,traeart,Tilia europaea,Tilia hybr. europaea,latin_regex,add hybrid marker,NA
b1856176-b815-4e79-8f3f-73c41c2477a3,APPLIED_REGEX_RULE,traeart,Tilia europaea,Tilia hybr. europaea,latin_regex,add hybrid marker,NA
da740079-de16-421d-ae92-df79db06075a,APPLIED_REGEX_RULE,traeart,Tilia europaea,Tilia hybr. europaea,latin_regex,add hybrid marker,NA
c9a3e6e7-1282-4e68-a232-e22dfc319566,APPLIED_REGEX_RULE,traeart,Tilia europaea,Tilia hybr. europaea,latin_regex,add hybrid marker,NA
7f614eb6-f81e-41a8-9c3c-bceeaf9f9b8b,APPLIED_REGEX_RULE,traeart,Tilia europaea,Tilia hybr. europaea,latin_regex,add hybrid marker,NA
21589d99-6b54-45d5-a82c-7d74e6429c0e,APPLIED_REGEX_RULE,traeart,Tilia europaea,Tilia hybr. europaea,latin_regex,add hybrid marker,NA
3079bca5-f2fc-410a-b664-aea9b4178712,APPLIED_REGEX_RULE,traeart,Tilia europaea,Tilia hybr. europaea,latin_regex,add hybrid marker,NA
85baeea1-f5ab-41e0-8975-2e6c0395af02,APPLIED_REGEX_RULE,traeart,Tilia europaea,Tilia hybr. europaea,latin_regex,add hybrid marker,NA
a751a0ee-311f-4354-a57d-7af6434b21e9,APPLIED_REGEX_RULE,traeart,Tilia europaea,Tilia hybr. europaea,latin_regex,add hybrid marker,NA
328819e8-2a3e-422c-926e-4dac9942f4d2,APPLIED_REGEX_RULE,traeart,Tilia europaea,Tilia hybr. europaea,latin_regex,add hybrid marker,NA
bb0195aa-5ae2-44b9-b586-409668f97da3,APPLIED_REGEX_RULE,traeart,Tilia europaea,Tilia hybr. europaea,latin_regex,add hybrid marker,NA
ee6fe646-68be-4fe8-8cee-a7e1fa51ac93,APPLIED_REGEX_RULE,traeart,Tilia europaea,Tilia hybr. europaea,latin_regex,add hybrid marker,NA
69731b6f-b3e4-4835-9eca-9fced66296ba,APPLIED_REGEX_RULE,traeart,Tilia europaea,Tilia hybr. europaea,latin_regex,add hybrid marker,NA
5a7c0527-d819-488f-beb4-f42f3d6307f7,APPLIED_REGEX_RULE,traeart,Tilia europaea,Tilia hybr. europaea,latin_regex,add hybrid marker,NA
375005ab-19fd-41d0-94ed-b957ba23bcf6,APPLIED_REGEX_RULE,traeart,Tilia europaea,Tilia hybr. europaea,latin_regex,add hybrid marker,NA
d3952061-8c2c-4f89-8efa-a1f727749042,APPLIED_REGEX_RULE,traeart,Tilia europaea,Tilia hybr. europaea,latin_regex,add hybrid marker,NA
ca8b0b78-4abc-4e58-82fb-7aaef157d4f5,APPLIED_REGEX_RULE,traeart,Tilia europaea,Tilia hybr. europaea,latin_regex,add hybrid marker,NA
6a89f665-a1fc-47e5-8899-358ccd5d740c,APPLIED_REGEX_RULE,traeart,Tilia europaea,Tilia hybr. europaea,latin_regex,add hybrid marker,NA
f1025550-a010-48e6-89fa-76708ce6b937,APPLIED_REGEX_RULE,traeart,Tilia europaea,Tilia hybr. europaea,latin_regex,add hybrid marker,NA
56957b07-632d-4caa-8491-86534df88491,APPLIED_REGEX_RULE,traeart,Tilia europaea,Tilia hybr. europaea,latin_regex,add hybrid marker,NA
34802183-51da-4047-a2f7-6dc6c9279263,APPLIED_REGEX_RULE,traeart,Tilia europaea,Tilia hybr. europaea,latin_regex,add hybrid marker,NA
ed524b16-b5cf-45eb-a34c-fcd2f94b178f,APPLIED_REGEX_RULE,traeart,Tilia europaea,Tilia hybr. europaea,latin_regex,add hybrid marker,NA
6aca38fe-32a2-40d4-8b3a-187b00cf2a1f,APPLIED_REGEX_RULE,traeart,Tilia europaea,Tilia hybr. europaea,latin_regex,add hybrid marker,NA
2e798f34-0d24-4cf8-b30d-3ae58e679ff2,APPLIED_REGEX_RULE,traeart,Tilia europaea,Tilia hybr. europaea,latin_regex,add hybrid marker,NA
1347b21b-dfbc-426a-af25-dea6a16b5306,APPLIED_REGEX_RULE,traeart,Tilia europaea,Tilia hybr. europaea,latin_regex,add hybrid marker,NA
3a10753c-1153-42c8-b986-98e95382baa7,APPLIED_REGEX_RULE,traeart,Tilia europaea,Tilia hybr. europaea,latin_regex,add hybrid marker,NA
c24fbe78-9d9b-4caa-a706-9437156d85e6,APPLIED_REGEX_RULE,traeart,Tilia europaea,Tilia hybr. europaea,latin_regex,add hybrid marker,NA
23fa89ab-ad1d-4523-9b79-425c12eecbbc,APPLIED_REGEX_RULE,traeart,Tilia europaea,Tilia hybr. europaea,latin_regex,add hybrid marker,NA
c0360bde-7165-4090-8df5-597d6f68a953,APPLIED_REGEX_RULE,traeart,Tilia europaea,Tilia hybr. europaea,latin_regex,add hybrid marker,NA
a2febb26-f034-4b2d-8806-809fbf914089,APPLIED_REGEX_RULE,traeart,Tilia europaea,Tilia hybr. europaea,latin_regex,add hybrid marker,NA
2b3c30ee-e52e-479e-8ed5-5519c4cea921,APPLIED_REGEX_RULE,traeart,Tilia europaea,Tilia hybr. europaea,latin_regex,add hybrid marker,NA
cc615d0e-3717-461d-acd7-6f9c5478a7a9,APPLIED_REGEX_RULE,traeart,Tilia europaea,Tilia hybr. europaea,latin_regex,add hybrid marker,NA
44df2924-4fb7-4fa3-aba4-7059bd05a4e0,APPLIED_REGEX_RULE,traeart,Tilia europaea,Tilia hybr. europaea,latin_regex,add hybrid marker,NA
d57bd8c2-274c-4523-a697-c6afef0b93ad,APPLIED_REGEX_RULE,traeart,Tilia europaea,Tilia hybr. europaea,latin_regex,add hybrid marker,NA
4b94d715-d4be-4853-b7c2-ba0dfc64ba8f,APPLIED_REGEX_RULE,traeart,Tilia europaea,Tilia hybr. europaea,latin_regex,add hybrid marker,NA
2f4f8dc7-7325-48cf-bea0-a38f99300060,APPLIED_REGEX_RULE,traeart,Tilia europaea,Tilia hybr. europaea,latin_regex,add hybrid marker,NA
9c70cca9-bfeb-480c-b046-065bad542ba2,APPLIED_REGEX_RULE,traeart,Tilia europaea,Tilia hybr. europaea,latin_regex,add hybrid marker,NA
6b5e914f-8063-4185-81c7-5df870acef9f,APPLIED_REGEX_RULE,traeart,Tilia europaea,Tilia hybr. europaea,latin_regex,add hybrid marker,NA
670f38f0-f25d-4591-bbc2-e9b63ea50e36,APPLIED_REGEX_RULE,traeart,Tilia europaea,Tilia hybr. europaea,latin_regex,add hybrid marker,NA
571195c5-d0f6-4c10-8925-570bb7c4a190,APPLIED_REGEX_RULE,traeart,Tilia europaea,Tilia hybr. europaea,latin_regex,add hybrid marker,NA
3d0557c1-3cb8-484b-bc46-cf7a96399a6b,APPLIED_REGEX_RULE,traeart,Tilia europaea,Tilia hybr. europaea,latin_regex,add hybrid marker,NA
03b4df43-b724-4612-bf67-037c3652fbc8,APPLIED_REGEX_RULE,traeart,Tilia europaea,Tilia hybr. europaea,latin_regex,add hybrid marker,NA
03628f92-1988-4211-b2e1-e984a3a5ad29,APPLIED_REGEX_RULE,traeart,Tilia europaea,Tilia hybr. europaea,latin_regex,add hybrid marker,NA
64788bb7-4560-40e5-b968-306b084b7254,APPLIED_REGEX_RULE,traeart,Tilia europaea,Tilia hybr. europaea,latin_regex,add hybrid marker,NA
9575aa56-8a9d-41c4-aeec-4574bfb654b2,APPLIED_REGEX_RULE,traeart,Tilia europaea,Tilia hybr. europaea,latin_regex,add hybrid marker,NA
1f265acd-127f-4cf2-8a5a-8f9cf0549835,APPLIED_REGEX_RULE,traeart,Tilia europaea,Tilia hybr. europaea,latin_regex,add hybrid marker,NA
c5b03ad3-b4a7-44aa-ab98-c991d9e71c1e,APPLIED_REGEX_RULE,traeart,Tilia europaea,Tilia hybr. europaea,latin_regex,add hybrid marker,NA
468b1adf-d5da-4ca0-8b61-76f036db83d6,APPLIED_REGEX_RULE,traeart,Tilia europaea,Tilia hybr. europaea,latin_regex,add hybrid marker,NA
a5a407b7-6828-4810-9151-5869bcb44a82,APPLIED_REGEX_RULE,traeart,Tilia europaea,Tilia hybr. europaea,latin_regex,add hybrid marker,NA
3ec81a89-bbef-4575-8ed4-6b76130088f5,APPLIED_REGEX_RULE,traeart,Tilia europaea,Tilia hybr. europaea,latin_regex,add hybrid marker,NA
b3f7af39-1fde-4dc7-9b3d-1a26d1d303f0,APPLIED_REGEX_RULE,traeart,Tilia europaea,Tilia hybr. europaea,latin_regex,add hybrid marker,NA
5879e68b-02c2-4e04-a124-b765c83b4bd4,APPLIED_REGEX_RULE,traeart,Tilia europaea,Tilia hybr. europaea,latin_regex,add hybrid marker,NA
be4cd8aa-405d-44bc-a01b-f3144366fa7c,APPLIED_REGEX_RULE,traeart,Tilia europaea,Tilia hybr. europaea,latin_regex,add hybrid marker,NA
49d2b1cd-fa44-45ed-9aae-1929244d60e0,APPLIED_REGEX_RULE,traeart,Tilia europaea,Tilia hybr. europaea,latin_regex,add hybrid marker,NA
318b03ed-b0d4-4483-9c57-fe3660f75142,APPLIED_REGEX_RULE,traeart,Tilia europaea,Tilia hybr. europaea,latin_regex,add hybrid marker,NA
5462b4c3-71a8-4586-a20b-ccc688772d1c,APPLIED_REGEX_RULE,traeart,Tilia europaea,Tilia hybr. europaea,latin_regex,add hybrid marker,NA
67799a98-caba-4ffa-9e62-04fa05d3d5f6,APPLIED_REGEX_RULE,traeart,Tilia europaea,Tilia hybr. europaea,latin_regex,add hybrid marker,NA
6b2bc3f3-0d57-4d8d-a7d0-49ebeffb66d1,APPLIED_REGEX_RULE,traeart,Tilia europaea,Tilia hybr. europaea,latin_regex,add hybrid marker,NA
099be9ec-f83f-48f5-a7e9-26e2829d0dd4,APPLIED_REGEX_RULE,traeart,Tilia europaea,Tilia hybr. europaea,latin_regex,add hybrid marker,NA
a13b4d47-cc3a-4481-a5a8-e1d7dbf9257c,APPLIED_REGEX_RULE,traeart,Tilia europaea,Tilia hybr. europaea,latin_regex,add hybrid marker,NA
462bc74f-7dbb-4889-a364-77f99f4182b5,APPLIED_REGEX_RULE,traeart,Tilia europaea,Tilia hybr. europaea,latin_regex,add hybrid marker,NA
68ec502d-938f-462b-873f-265095a088a0,APPLIED_REGEX_RULE,traeart,Tilia europaea,Tilia hybr. europaea,latin_regex,add hybrid marker,NA
b124c773-2d18-4db2-bd07-8de8ee0914c1,APPLIED_REGEX_RULE,traeart,Tilia europaea,Tilia hybr. europaea,latin_regex,add hybrid marker,NA
e8ad5193-3154-4219-99a5-b7d83ac2cdf0,APPLIED_REGEX_RULE,traeart,Tilia europaea,Tilia hybr. europaea,latin_regex,add hybrid marker,NA
2380d81e-5e40-452f-ad6e-195c5e4fee50,APPLIED_REGEX_RULE,traeart,Tilia europaea,Tilia hybr. europaea,latin_regex,add hybrid marker,NA
cf5a45dc-f21e-44d2-8865-fe75e32ac768,APPLIED_REGEX_RULE,traeart,Tilia europaea,Tilia hybr. europaea,latin_regex,add hybrid marker,NA
eac5e7ae-3f96-466f-96f3-7c5be1c5c07d,APPLIED_REGEX_RULE,traeart,Tilia europaea,Tilia hybr. europaea,latin_regex,add hybrid marker,NA
114ae58d-13b3-4b13-a56b-309875bfc757,APPLIED_REGEX_RULE,traeart,Tilia europaea,Tilia hybr. europaea,latin_regex,add hybrid marker,NA
8a3a7867-be11-4563-bb10-b8da83c3d6a0,APPLIED_REGEX_RULE,traeart,Tilia europaea,Tilia hybr. europaea,latin_regex,add hybrid marker,NA
33723eb8-fcf9-4848-ad48-2a3777217129,APPLIED_REGEX_RULE,traeart,Tilia europaea,Tilia hybr. europaea,latin_regex,add hybrid marker,NA
a922f43e-d7f2-4c4f-9b68-52fd8ccb6eeb,APPLIED_REGEX_RULE,traeart,Tilia europaea,Tilia hybr. europaea,latin_regex,add hybrid marker,NA
36b7beba-860d-49c1-b1bc-05e87812c734,APPLIED_REGEX_RULE,traeart,Tilia europaea,Tilia hybr. europaea,latin_regex,add hybrid marker,NA
9c11f99b-55b8-43bb-9c97-cd08795a5e53,APPLIED_REGEX_RULE,traeart,Tilia europaea,Tilia hybr. europaea,latin_regex,add hybrid marker,NA
605e5023-9213-4934-907e-c6482c4fdff6,APPLIED_REGEX_RULE,traeart,Tilia europaea,Tilia hybr. europaea,latin_regex,add hybrid marker,NA
53c49f12-e63f-4de7-be78-85645008c6c8,APPLIED_REGEX_RULE,traeart,Tilia europaea,Tilia hybr. europaea,latin_regex,add hybrid marker,NA
879be4aa-7003-4c8a-bebc-07cc6af4c17f,APPLIED_REGEX_RULE,traeart,Tilia europaea,Tilia hybr. europaea,latin_regex,add hybrid marker,NA
943a5e36-d643-4fe9-8790-4914f7a7f305,APPLIED_REGEX_RULE,traeart,Tilia europaea,Tilia hybr. europaea,latin_regex,add hybrid marker,NA
8763b10d-b4b5-4c3b-a8cd-7be743c47eee,APPLIED_REGEX_RULE,traeart,Tilia europaea,Tilia hybr. europaea,latin_regex,add hybrid marker,NA
ea77dfec-6b13-4c6d-8bf2-3fc06215fe11,APPLIED_REGEX_RULE,traeart,Tilia europaea,Tilia hybr. europaea,latin_regex,add hybrid marker,NA
243838a2-dd98-4c7c-abdc-30806618e0a3,APPLIED_REGEX_RULE,traeart,Tilia europaea,Tilia hybr. europaea,latin_regex,add hybrid marker,NA
9897313a-d699-4353-9f4e-2ec611e12c87,APPLIED_REGEX_RULE,traeart,Tilia europaea,Tilia hybr. europaea,latin_regex,add hybrid marker,NA
8edd975a-6f8c-4aeb-b5dc-5708a715f87f,APPLIED_REGEX_RULE,traeart,Tilia europaea,Tilia hybr. europaea,latin_regex,add hybrid marker,NA
9e7156cc-8077-4cd0-bbaf-c8b8b49fedfa,APPLIED_REGEX_RULE,traeart,Tilia europaea,Tilia hybr. europaea,latin_regex,add hybrid marker,NA
d25680f9-72ae-437c-9e94-970673598f9f,APPLIED_REGEX_RULE,traeart,Tilia europaea,Tilia hybr. europaea,latin_regex,add hybrid marker,NA
f0c8e538-66e8-4f52-b062-1e6da29b608c,APPLIED_REGEX_RULE,traeart,Tilia europaea,Tilia hybr. europaea,latin_regex,add hybrid marker,NA
5c72cdcf-875c-4b23-857f-326af291aae2,APPLIED_REGEX_RULE,traeart,Tilia europaea,Tilia hybr. europaea,latin_regex,add hybrid marker,NA
c046838b-2a07-4020-b0ac-db8a84b9fd88,APPLIED_REGEX_RULE,traeart,Tilia europaea,Tilia hybr. europaea,latin_regex,add hybrid marker,NA
bdb7537a-02d9-409f-a571-e5982a070c41,APPLIED_REGEX_RULE,traeart,Tilia europaea,Tilia hybr. europaea,latin_regex,add hybrid marker,NA
fe1f7abb-e267-4159-b6e5-18313bfd2467,APPLIED_REGEX_RULE,traeart,Tilia europaea,Tilia hybr. europaea,latin_regex,add hybrid marker,NA
cc3fc6ea-d434-404f-bf4e-1d3f78a731a0,APPLIED_REGEX_RULE,traeart,Tilia europaea,Tilia hybr. europaea,latin_regex,add hybrid marker,NA
10b3a253-16e4-4853-af2f-3ff048bf2a8d,APPLIED_REGEX_RULE,traeart,Tilia europaea,Tilia hybr. europaea,latin_regex,add hybrid marker,NA
6b18c7d8-534b-416c-95cd-52352d2a8f58,APPLIED_REGEX_RULE,traeart,Tilia europaea,Tilia hybr. europaea,latin_regex,add hybrid marker,NA
58e541a6-201c-4f57-b7de-d1b5597a24f5,APPLIED_REGEX_RULE,traeart,Tilia europaea,Tilia hybr. europaea,latin_regex,add hybrid marker,NA
8a6d953b-e3d5-4c39-a549-16047f13eb5e,APPLIED_REGEX_RULE,traeart,Tilia europaea,Tilia hybr. europaea,latin_regex,add hybrid marker,NA
44cd2da3-8415-4efa-b973-106d15b5e4ec,APPLIED_REGEX_RULE,traeart,Tilia europaea,Tilia hybr. europaea,latin_regex,add hybrid marker,NA
a8dcf753-ec9d-4865-9a0c-7efde165414a,APPLIED_REGEX_RULE,traeart,Tilia europaea,Tilia hybr. europaea,latin_regex,add hybrid marker,NA
4c296c24-3b14-481b-9c4c-afa330ae9eb4,APPLIED_REGEX_RULE,traeart,Tilia europaea,Tilia hybr. europaea,latin_regex,add hybrid marker,NA
592fb128-a330-410f-aa94-75f18d6db268,APPLIED_REGEX_RULE,traeart,Tilia europaea,Tilia hybr. europaea,latin_regex,add hybrid marker,NA
29dd5d6b-c457-4954-ad3c-8322b962b557,APPLIED_REGEX_RULE,traeart,Tilia europaea,Tilia hybr. europaea,latin_regex,add hybrid marker,NA
ccf1302d-f521-4aee-bc69-561e1144da64,APPLIED_REGEX_RULE,traeart,Tilia europaea,Tilia hybr. europaea,latin_regex,add hybrid marker,NA
3fd252cd-c6e3-47b1-8c11-f085587fc99e,APPLIED_REGEX_RULE,traeart,Tilia europaea,Tilia hybr. europaea,latin_regex,add hybrid marker,NA
a334c7d0-fe2b-47db-8157-afae8ab3da2d,APPLIED_REGEX_RULE,traeart,Tilia europaea,Tilia hybr. europaea,latin_regex,add hybrid marker,NA
71b2d19a-cad5-4cb1-b0b4-937ab8fce91f,APPLIED_REGEX_RULE,traeart,Tilia europaea,Tilia hybr. europaea,latin_regex,add hybrid marker,NA
09e73f5c-d9fb-4777-8bbe-7a74330b4265,APPLIED_REGEX_RULE,traeart,Tilia europaea,Tilia hybr. europaea,latin_regex,add hybrid marker,NA
d27c4741-f09d-4837-8f81-8383964ce9ab,APPLIED_REGEX_RULE,traeart,Tilia europaea,Tilia hybr. europaea,latin_regex,add hybrid marker,NA
e4bae691-bd36-4388-badf-d5cf6bca870e,APPLIED_REGEX_RULE,traeart,Tilia europaea,Tilia hybr. europaea,latin_regex,add hybrid marker,NA
6ec531da-620a-405e-8d43-5d2d06e218fe,APPLIED_REGEX_RULE,traeart,Tilia europaea,Tilia hybr. europaea,latin_regex,add hybrid marker,NA
3b9101aa-3fa3-4ff8-a15d-9cdbdf6de957,APPLIED_REGEX_RULE,traeart,Tilia europaea,Tilia hybr. europaea,latin_regex,add hybrid marker,NA
88681b3b-1301-4544-8525-2081b70aa78b,APPLIED_REGEX_RULE,traeart,Tilia europaea,Tilia hybr. europaea,latin_regex,add hybrid marker,NA
7796aa56-4121-4c30-a5ed-17c6e215bae3,APPLIED_REGEX_RULE,traeart,Tilia europaea,Tilia hybr. europaea,latin_regex,add hybrid marker,NA
d109701c-5465-4ae5-b058-23c1bb51f049,APPLIED_REGEX_RULE,traeart,Tilia europaea,Tilia hybr. europaea,latin_regex,add hybrid marker,NA
1d18693b-afeb-4da7-b513-fba12b211346,APPLIED_REGEX_RULE,traeart,Tilia europaea,Tilia hybr. europaea,latin_regex,add hybrid marker,NA
06999c10-3218-484b-bdef-5dc674a59e15,APPLIED_REGEX_RULE,traeart,Tilia europaea,Tilia hybr. europaea,latin_regex,add hybrid marker,NA
81b2d251-4668-4e36-985c-78045e5172b1,APPLIED_REGEX_RULE,traeart,Tilia europaea,Tilia hybr. europaea,latin_regex,add hybrid marker,NA
60077857-6258-40ba-84f0-fa1c2b34de71,APPLIED_REGEX_RULE,traeart,Tilia europaea,Tilia hybr. europaea,latin_regex,add hybrid marker,NA
aa0d79b0-25f8-46d9-8eb8-ad4605feed28,APPLIED_REGEX_RULE,traeart,Tilia europaea,Tilia hybr. europaea,latin_regex,add hybrid marker,NA
d51ae15d-86ef-498d-b683-f2097dcad568,APPLIED_REGEX_RULE,traeart,Tilia europaea,Tilia hybr. europaea,latin_regex,add hybrid marker,NA
37d1c175-fe60-4eba-a414-2bbe9f6dd19f,APPLIED_REGEX_RULE,traeart,Tilia europaea,Tilia hybr. europaea,latin_regex,add hybrid marker,NA
67d2fe71-b16d-4b6f-83ca-b3863c9375ee,APPLIED_REGEX_RULE,traeart,Tilia europaea,Tilia hybr. europaea,latin_regex,add hybrid marker,NA
f7c4f042-86d2-4556-85d4-6827e67ba20d,APPLIED_REGEX_RULE,traeart,Tilia europaea,Tilia hybr. europaea,latin_regex,add hybrid marker,NA
324f28d3-dff2-4995-87e9-075bd47094f1,APPLIED_REGEX_RULE,traeart,Tilia europaea,Tilia hybr. europaea,latin_regex,add hybrid marker,NA
867c072d-6bc3-4c35-b68a-592e08dd12e4,APPLIED_REGEX_RULE,traeart,Tilia europaea,Tilia hybr. europaea,latin_regex,add hybrid marker,NA
e6443011-6fc4-49eb-9f84-a801c3b51346,APPLIED_REGEX_RULE,traeart,Tilia europaea,Tilia hybr. europaea,latin_regex,add hybrid marker,NA
77d6f1a1-e1c2-43b5-8e47-b49fd3b0329a,APPLIED_REGEX_RULE,traeart,Tilia europaea,Tilia hybr. europaea,latin_regex,add hybrid marker,NA
69b297a9-5c7d-4e4c-acc9-2d83d741dec9,APPLIED_REGEX_RULE,traeart,Tilia europaea,Tilia hybr. europaea,latin_regex,add hybrid marker,NA
e76451da-504b-4076-a991-37895eeb0ddc,APPLIED_REGEX_RULE,traeart,Tilia europaea,Tilia hybr. europaea,latin_regex,add hybrid marker,NA
26b86b09-ef21-48e1-9a2b-c5309a9263ac,APPLIED_REGEX_RULE,traeart,Tilia europaea,Tilia hybr. europaea,latin_regex,add hybrid marker,NA
e83e26c6-31f6-4338-b31f-d7a8d23009b8,APPLIED_REGEX_RULE,traeart,Tilia europaea,Tilia hybr. europaea,latin_regex,add hybrid marker,NA
c8ab1cfe-9a80-401c-abda-4d5b768e9d1e,APPLIED_REGEX_RULE,traeart,Tilia europaea,Tilia hybr. europaea,latin_regex,add hybrid marker,NA
dd72ce14-a6e1-4000-87f9-03626ec9a092,APPLIED_REGEX_RULE,traeart,Tilia europaea,Tilia hybr. europaea,latin_regex,add hybrid marker,NA
c63117d1-0850-45f1-ac60-430f3c212abe,APPLIED_REGEX_RULE,traeart,Tilia europaea,Tilia hybr. europaea,latin_regex,add hybrid marker,NA
79cf51d1-5ae3-4f2b-8b8a-e26746d79d6b,APPLIED_REGEX_RULE,traeart,Tilia europaea,Tilia hybr. europaea,latin_regex,add hybrid marker,NA
23c38033-eeb1-43da-8536-120a53a9e988,APPLIED_REGEX_RULE,traeart,Tilia europaea,Tilia hybr. europaea,latin_regex,add hybrid marker,NA
5924a74e-7d19-4572-8b1c-e6efbe0305df,APPLIED_REGEX_RULE,traeart,Tilia europaea,Tilia hybr. europaea,latin_regex,add hybrid marker,NA
244f8344-c1c2-40b8-a757-b815ec0e5b0c,APPLIED_REGEX_RULE,traeart,Tilia europaea,Tilia hybr. europaea,latin_regex,add hybrid marker,NA
36dc0d08-e2ec-4b5f-9557-c6ab4e4bd1eb,APPLIED_REGEX_RULE,traeart,Tilia europaea,Tilia hybr. europaea,latin_regex,add hybrid marker,NA
2e460a7f-f16b-41f0-a274-4f0ef5c59462,APPLIED_REGEX_RULE,traeart,Tilia europaea,Tilia hybr. europaea,latin_regex,add hybrid marker,NA
27126dbd-46f6-4002-9a21-dcb53114ade4,APPLIED_REGEX_RULE,traeart,Tilia europaea,Tilia hybr. europaea,latin_regex,add hybrid marker,NA
8429ae1e-51b2-400d-995e-84f37f455e5e,APPLIED_REGEX_RULE,traeart,Tilia europaea,Tilia hybr. europaea,latin_regex,add hybrid marker,NA
fcf7970a-dcb9-4fe7-950c-a353e4208a3c,APPLIED_REGEX_RULE,traeart,Tilia europaea,Tilia hybr. europaea,latin_regex,add hybrid marker,NA
5f4dd311-fa83-463a-91a8-16df8b56d276,APPLIED_REGEX_RULE,traeart,Tilia europaea,Tilia hybr. europaea,latin_regex,add hybrid marker,NA
39c4f8eb-a5d6-4765-8d04-0bfafdc392b7,APPLIED_REGEX_RULE,traeart,Tilia europaea,Tilia hybr. europaea,latin_regex,add hybrid marker,NA
c9c9e99a-e8ad-4828-a925-0a13c50d19fe,APPLIED_REGEX_RULE,traeart,Tilia europaea,Tilia hybr. europaea,latin_regex,add hybrid marker,NA
9901f25c-6650-4014-81ee-84c7c586638b,APPLIED_REGEX_RULE,traeart,Tilia europaea,Tilia hybr. europaea,latin_regex,add hybrid marker,NA
340952d9-f373-4cee-979e-c8c30c465150,APPLIED_REGEX_RULE,traeart,Tilia europaea,Tilia hybr. europaea,latin_regex,add hybrid marker,NA
9e24cf4f-8e00-485e-879a-692a18c28137,APPLIED_REGEX_RULE,traeart,Tilia europaea,Tilia hybr. europaea,latin_regex,add hybrid marker,NA
a6b0e625-e0a7-4cc7-a7b6-d60339d372c3,APPLIED_REGEX_RULE,traeart,Tilia europaea,Tilia hybr. europaea,latin_regex,add hybrid marker,NA
819c2410-3887-4a86-be07-107b05129b6a,APPLIED_REGEX_RULE,traeart,Tilia europaea,Tilia hybr. europaea,latin_regex,add hybrid marker,NA
83efccde-ef99-49a2-80a7-596f9dd8367d,APPLIED_REGEX_RULE,traeart,Tilia europaea,Tilia hybr. europaea,latin_regex,add hybrid marker,NA
6833f581-a961-4055-b405-8e899372e2a0,APPLIED_REGEX_RULE,traeart,Tilia europaea,Tilia hybr. europaea,latin_regex,add hybrid marker,NA
20c38e4c-0ec0-430d-ab4d-b1a09c5c870f,APPLIED_REGEX_RULE,traeart,Tilia europaea,Tilia hybr. europaea,latin_regex,add hybrid marker,NA
7d8c89f1-0b9f-4475-9e90-1201d2ce8e92,APPLIED_REGEX_RULE,traeart,Tilia europaea,Tilia hybr. europaea,latin_regex,add hybrid marker,NA
43b837a9-213e-40f4-8e9e-c1b0bb6d6a64,APPLIED_REGEX_RULE,traeart,Tilia europaea,Tilia hybr. europaea,latin_regex,add hybrid marker,NA
42c9208f-f818-4e78-97db-10a75d0986c2,APPLIED_REGEX_RULE,traeart,Tilia europaea,Tilia hybr. europaea,latin_regex,add hybrid marker,NA
186a82fb-6a0a-48ba-8c21-f3399c71badc,APPLIED_REGEX_RULE,traeart,Tilia europaea,Tilia hybr. europaea,latin_regex,add hybrid marker,NA
ff78c131-180b-4b50-86b4-84efbc5b7fea,APPLIED_REGEX_RULE,traeart,Tilia europaea,Tilia hybr. europaea,latin_regex,add hybrid marker,NA
febe09de-b75d-4d33-8611-2efa40a3e4da,APPLIED_REGEX_RULE,traeart,Tilia europaea,Tilia hybr. europaea,latin_regex,add hybrid marker,NA
4da858bb-c686-4273-9ac9-44fb258aefc6,APPLIED_REGEX_RULE,traeart,Tilia europaea,Tilia hybr. europaea,latin_regex,add hybrid marker,NA
f1e8f3f5-1c4e-433a-a085-7c2f9cd92d47,APPLIED_REGEX_RULE,traeart,Tilia europaea,Tilia hybr. europaea,latin_regex,add hybrid marker,NA
d68d44e7-174c-4b1c-9c16-aa6d9771c719,APPLIED_REGEX_RULE,traeart,Tilia europaea,Tilia hybr. europaea,latin_regex,add hybrid marker,NA
58075a5a-d52b-4288-af7a-05a66ccab94f,APPLIED_REGEX_RULE,traeart,Tilia europaea,Tilia hybr. europaea,latin_regex,add hybrid marker,NA
253171c7-0a2c-441e-9fbc-f05546c4693b,APPLIED_REGEX_RULE,traeart,Tilia europaea,Tilia hybr. europaea,latin_regex,add hybrid marker,NA
f31be79b-d0c6-4e93-9974-aa1286f98f16,APPLIED_REGEX_RULE,traeart,Tilia europaea,Tilia hybr. europaea,latin_regex,add hybrid marker,NA
e5188a46-1c22-4364-981b-25d9af931a27,APPLIED_REGEX_RULE,traeart,Tilia europaea,Tilia hybr. europaea,latin_regex,add hybrid marker,NA
ae3cc120-852d-4edb-b3a2-3d12294629bf,APPLIED_REGEX_RULE,traeart,Tilia europaea,Tilia hybr. europaea,latin_regex,add hybrid marker,NA
b96a8ef5-8680-4308-8276-9e91a2323164,APPLIED_REGEX_RULE,traeart,Tilia europaea,Tilia hybr. europaea,latin_regex,add hybrid marker,NA
a1ca72aa-3a67-4ec1-ae0a-0cce086ae401,APPLIED_REGEX_RULE,traeart,Tilia europaea,Tilia hybr. europaea,latin_regex,add hybrid marker,NA
dd640350-7ee9-4cab-85ca-4e274ffaf6b7,APPLIED_REGEX_RULE,traeart,Tilia europaea,Tilia hybr. europaea,latin_regex,add hybrid marker,NA
456ebb94-9305-4cdf-90e7-f2d0dd54a24b,APPLIED_REGEX_RULE,traeart,Tilia europaea,Tilia hybr. europaea,latin_regex,add hybrid marker,NA
68bd2561-fba3-4d0b-9fcd-ecc2e51e0fc1,APPLIED_REGEX_RULE,traeart,Tilia europaea,Tilia hybr. europaea,latin_regex,add hybrid marker,NA
658f3283-599c-4145-9cc4-0e15795cd8b3,APPLIED_REGEX_RULE,traeart,Tilia europaea,Tilia hybr. europaea,latin_regex,add hybrid marker,NA
e20bde41-311d-44d6-8dfc-ba0e511b7335,APPLIED_REGEX_RULE,traeart,Tilia europaea,Tilia hybr. europaea,latin_regex,add hybrid marker,NA
cdefe3e0-4f0b-48ac-b62d-76842cf079c4,APPLIED_REGEX_RULE,traeart,Tilia europaea,Tilia hybr. europaea,latin_regex,add hybrid marker,NA
1c1d3336-79c9-4bf6-b450-64065378250e,APPLIED_REGEX_RULE,traeart,Tilia europaea,Tilia hybr. europaea,latin_regex,add hybrid marker,NA
2692aec3-3128-4aa1-851f-0438066e5001,APPLIED_REGEX_RULE,traeart,Tilia europaea,Tilia hybr. europaea,latin_regex,add hybrid marker,NA
9ef76e12-26da-4065-849a-230af2b89986,APPLIED_REGEX_RULE,traeart,Tilia europaea,Tilia hybr. europaea,latin_regex,add hybrid marker,NA
733ecce3-d2c5-4e19-88c0-2524583cb6e4,APPLIED_REGEX_RULE,traeart,Tilia europaea,Tilia hybr. europaea,latin_regex,add hybrid marker,NA
8defa526-f9d0-4e9a-adb9-133200d27dec,APPLIED_REGEX_RULE,traeart,Tilia europaea,Tilia hybr. europaea,latin_regex,add hybrid marker,NA
ba9cd109-fb23-4ba6-8464-3eb51169bc9e,APPLIED_REGEX_RULE,traeart,Tilia europaea,Tilia hybr. europaea,latin_regex,add hybrid marker,NA
1421be39-b2f3-4164-b206-a5077138fdd6,APPLIED_REGEX_RULE,traeart,Tilia europaea,Tilia hybr. europaea,latin_regex,add hybrid marker,NA
a9e4b3e7-710a-46ec-bc8f-f7d186a5eb8e,APPLIED_REGEX_RULE,traeart,Tilia europaea,Tilia hybr. europaea,latin_regex,add hybrid marker,NA
51c6bb13-04f6-498d-a5a4-51a815736d6b,APPLIED_REGEX_RULE,traeart,Tilia europaea,Tilia hybr. europaea,latin_regex,add hybrid marker,NA
b28e2e24-76fc-4a2a-b3cc-8c76acbb1c30,APPLIED_REGEX_RULE,traeart,Tilia europaea,Tilia hybr. europaea,latin_regex,add hybrid marker,NA
06563a14-451a-4c58-ace5-7968793a4be4,APPLIED_REGEX_RULE,traeart,Tilia europaea,Tilia hybr. europaea,latin_regex,add hybrid marker,NA
420c9c1d-2b80-450d-bfd4-551f7b28f78e,APPLIED_REGEX_RULE,traeart,Tilia europaea,Tilia hybr. europaea,latin_regex,add hybrid marker,NA
6b9c641b-6825-4ba6-a01d-8ba0efc81857,APPLIED_REGEX_RULE,traeart,Tilia europaea,Tilia hybr. europaea,latin_regex,add hybrid marker,NA
4e2962fb-830b-404a-b888-f7117a156f9f,APPLIED_REGEX_RULE,traeart,Tilia europaea,Tilia hybr. europaea,latin_regex,add hybrid marker,NA
1b3f8420-ee91-42d0-a6b3-368f1819f142,APPLIED_REGEX_RULE,traeart,Tilia europaea,Tilia hybr. europaea,latin_regex,add hybrid marker,NA
43937818-e5a3-4f23-b2c2-b2c7248d2803,APPLIED_REGEX_RULE,traeart,Tilia europaea,Tilia hybr. europaea,latin_regex,add hybrid marker,NA
c705b6f7-82f8-4a2a-80f5-eb6f33da973a,APPLIED_REGEX_RULE,traeart,Tilia europaea,Tilia hybr. europaea,latin_regex,add hybrid marker,NA
962f4b34-7e08-4cb5-b414-12a9256705fc,APPLIED_REGEX_RULE,traeart,Tilia europaea,Tilia hybr. europaea,latin_regex,add hybrid marker,NA
f7566d2a-dab3-4017-81c3-15c31849ee88,APPLIED_REGEX_RULE,traeart,Tilia europaea,Tilia hybr. europaea,latin_regex,add hybrid marker,NA
c4894298-7409-40bf-964b-e6cca5328b06,APPLIED_REGEX_RULE,traeart,Tilia europaea,Tilia hybr. europaea,latin_regex,add hybrid marker,NA
cd81f487-c965-45f9-ac0d-89a891dff25d,APPLIED_REGEX_RULE,traeart,Tilia europaea,Tilia hybr. europaea,latin_regex,add hybrid marker,NA
ac2e4d20-7a50-4346-8fc7-b00ca53a2c5d,APPLIED_REGEX_RULE,traeart,Tilia europaea,Tilia hybr. europaea,latin_regex,add hybrid marker,NA
656b2867-a2ae-4a20-891a-93e8f5b06f07,APPLIED_REGEX_RULE,traeart,Tilia europaea,Tilia hybr. europaea,latin_regex,add hybrid marker,NA
c5da3a55-ce93-4f1c-8503-4db3e1213bdf,APPLIED_REGEX_RULE,traeart,Tilia europaea,Tilia hybr. europaea,latin_regex,add hybrid marker,NA
cef0bf31-fbcb-443f-a53f-136c4299e659,APPLIED_REGEX_RULE,traeart,Tilia europaea,Tilia hybr. europaea,latin_regex,add hybrid marker,NA
e1cc9459-84f3-4d6e-8958-3787e3ce55eb,APPLIED_REGEX_RULE,traeart,Tilia europaea,Tilia hybr. europaea,latin_regex,add hybrid marker,NA
7d1500b4-ffe6-41eb-a9f1-fcfbaa61e5d9,APPLIED_REGEX_RULE,traeart,Tilia europaea,Tilia hybr. europaea,latin_regex,add hybrid marker,NA
cc57c9db-db44-43f9-b51d-f154c8cb05ae,APPLIED_REGEX_RULE,traeart,Tilia europaea,Tilia hybr. europaea,latin_regex,add hybrid marker,NA
4412e58e-2b04-43f5-b705-94561e2e07d4,APPLIED_REGEX_RULE,traeart,Tilia europaea,Tilia hybr. europaea,latin_regex,add hybrid marker,NA
27c55517-486e-4f48-bcfb-76b350bc0301,APPLIED_REGEX_RULE,traeart,Tilia europaea,Tilia hybr. europaea,latin_regex,add hybrid marker,NA
dc2690bb-1d8a-4746-9b6d-e82eff443d69,APPLIED_REGEX_RULE,traeart,Tilia europaea,Tilia hybr. europaea,latin_regex,add hybrid marker,NA
d629f896-8138-4845-acb7-e8221c0654f3,APPLIED_REGEX_RULE,traeart,Tilia europaea,Tilia hybr. europaea,latin_regex,add hybrid marker,NA
9fa478b8-3aea-43ae-a2c8-a49828344bcc,APPLIED_REGEX_RULE,traeart,Tilia europaea,Tilia hybr. europaea,latin_regex,add hybrid marker,NA
064ad70f-1434-4e95-b4bc-a108e8a79299,APPLIED_REGEX_RULE,traeart,Tilia europaea,Tilia hybr. europaea,latin_regex,add hybrid marker,NA
6452d821-8d78-42f8-80be-3267ade2f68e,APPLIED_REGEX_RULE,traeart,Tilia europaea,Tilia hybr. europaea,latin_regex,add hybrid marker,NA
257d506b-7a66-4821-b9bb-b744c20bf694,APPLIED_REGEX_RULE,traeart,Tilia europaea,Tilia hybr. europaea,latin_regex,add hybrid marker,NA
1a2bebee-3fdc-4914-9a6d-53825f4ffb08,APPLIED_REGEX_RULE,traeart,Tilia europaea,Tilia hybr. europaea,latin_regex,add hybrid marker,NA
4c3fd048-87e6-4e02-9029-2f24ed79c3d9,APPLIED_REGEX_RULE,traeart,Tilia europaea,Tilia hybr. europaea,latin_regex,add hybrid marker,NA
3c31bbf7-3815-466b-a707-4ea052cd6d11,APPLIED_REGEX_RULE,traeart,Tilia europaea,Tilia hybr. europaea,latin_regex,add hybrid marker,NA
76961db9-68bd-4b1c-a1b0-5988c2623c65,APPLIED_REGEX_RULE,traeart,Tilia europaea,Tilia hybr. europaea,latin_regex,add hybrid marker,NA
f46a41cb-dfc9-4a8f-884e-c68ff2dbdb34,APPLIED_REGEX_RULE,traeart,Tilia europaea,Tilia hybr. europaea,latin_regex,add hybrid marker,NA
49e26b67-3778-4622-822c-c8f18921a323,APPLIED_REGEX_RULE,traeart,Tilia europaea,Tilia hybr. europaea,latin_regex,add hybrid marker,NA
fc43982e-8461-44e3-8498-902b75e793fb,APPLIED_REGEX_RULE,traeart,Tilia europaea,Tilia hybr. europaea,latin_regex,add hybrid marker,NA
ba44544c-24ed-45f6-a1a2-f9eadf82d338,APPLIED_REGEX_RULE,traeart,Tilia europaea,Tilia hybr. europaea,latin_regex,add hybrid marker,NA
e7ec91b5-e12b-4eb9-9653-4ef8859edc0c,APPLIED_REGEX_RULE,traeart,Tilia europaea,Tilia hybr. europaea,latin_regex,add hybrid marker,NA
d90e4f94-2bb0-47c6-b72e-84506f844ed5,APPLIED_REGEX_RULE,traeart,Tilia europaea,Tilia hybr. europaea,latin_regex,add hybrid marker,NA
415d11f6-f889-4fcb-a66d-3a871a0dcaa1,APPLIED_REGEX_RULE,traeart,Tilia europaea,Tilia hybr. europaea,latin_regex,add hybrid marker,NA
f6f7982d-9bfa-465c-a700-ad1e661d5c9e,APPLIED_REGEX_RULE,traeart,Tilia europaea,Tilia hybr. europaea,latin_regex,add hybrid marker,NA
2af984b6-0bd2-444c-b775-2247d38a5e89,APPLIED_REGEX_RULE,traeart,Tilia europaea,Tilia hybr. europaea,latin_regex,add hybrid marker,NA
f0f04b1c-e4f3-43d7-a38b-988ac4d63582,APPLIED_REGEX_RULE,traeart,Tilia europaea,Tilia hybr. europaea,latin_regex,add hybrid marker,NA
c7030d5e-aaf4-4cd4-8235-3b8d38e7eac4,APPLIED_REGEX_RULE,traeart,Tilia europaea,Tilia hybr. europaea,latin_regex,add hybrid marker,NA
990e711a-1289-46df-8a9b-0fca9b8e56c9,APPLIED_REGEX_RULE,traeart,Tilia europaea,Tilia hybr. europaea,latin_regex,add hybrid marker,NA
0f712432-a291-4253-a825-e60a77c5376b,APPLIED_REGEX_RULE,traeart,Tilia europaea,Tilia hybr. europaea,latin_regex,add hybrid marker,NA
c53b0119-4a24-416c-8c1c-9c2c6e20a0b7,APPLIED_REGEX_RULE,traeart,Tilia europaea,Tilia hybr. europaea,latin_regex,add hybrid marker,NA
208f6ebb-1afd-43ca-94f1-52c360126c8b,APPLIED_REGEX_RULE,traeart,Tilia europaea,Tilia hybr. europaea,latin_regex,add hybrid marker,NA
2b1bf08b-9598-426e-8842-2578da2e8f29,APPLIED_REGEX_RULE,traeart,Tilia europaea,Tilia hybr. europaea,latin_regex,add hybrid marker,NA
294af819-e3fd-4905-b48c-809d7578812b,APPLIED_REGEX_RULE,traeart,Tilia europaea,Tilia hybr. europaea,latin_regex,add hybrid marker,NA
b8ba9ac3-2953-410a-bd5f-ccb933e93616,APPLIED_REGEX_RULE,traeart,Tilia europaea,Tilia hybr. europaea,latin_regex,add hybrid marker,NA
bef8aed4-5340-4821-9548-c1664a7d8d25,APPLIED_REGEX_RULE,traeart,Tilia europaea,Tilia hybr. europaea,latin_regex,add hybrid marker,NA
3cef3761-5ba6-45e6-b873-d371b3ca85c1,APPLIED_REGEX_RULE,traeart,Tilia europaea,Tilia hybr. europaea,latin_regex,add hybrid marker,NA
975ec1af-74ea-4312-8ce1-9ba8c7cdb6a7,APPLIED_REGEX_RULE,traeart,Tilia europaea,Tilia hybr. europaea,latin_regex,add hybrid marker,NA
740ef9c0-10ac-4bac-9974-dc3ee0a3ef3c,APPLIED_REGEX_RULE,traeart,Tilia europaea,Tilia hybr. europaea,latin_regex,add hybrid marker,NA
f799f7ba-f5ff-4d0e-b7b5-12e72f94034d,APPLIED_REGEX_RULE,traeart,Tilia europaea,Tilia hybr. europaea,latin_regex,add hybrid marker,NA
41091106-d531-4742-b12e-e8821ff7096b,APPLIED_REGEX_RULE,traeart,Tilia europaea,Tilia hybr. europaea,latin_regex,add hybrid marker,NA
8d50ed35-472c-4cf9-8c97-5aba9ee2a29a,APPLIED_REGEX_RULE,traeart,Tilia europaea,Tilia hybr. europaea,latin_regex,add hybrid marker,NA
a1f20835-f47c-44cd-bf88-604fea61a846,APPLIED_REGEX_RULE,traeart,Tilia europaea,Tilia hybr. europaea,latin_regex,add hybrid marker,NA
6618421e-6bd8-4550-86aa-2d0d89ea0106,APPLIED_REGEX_RULE,traeart,Tilia europaea,Tilia hybr. europaea,latin_regex,add hybrid marker,NA
cbfec574-66b9-449b-9358-64ca4ba365e6,APPLIED_REGEX_RULE,traeart,Tilia europaea,Tilia hybr. europaea,latin_regex,add hybrid marker,NA
0117e94f-4a74-4a6a-acb6-8a078dc8b03c,APPLIED_REGEX_RULE,traeart,Tilia europaea,Tilia hybr. europaea,latin_regex,add hybrid marker,NA
36d97017-0850-4906-acf9-d194e86e59ec,APPLIED_REGEX_RULE,traeart,Tilia europaea,Tilia hybr. europaea,latin_regex,add hybrid marker,NA
9a0af83c-6073-4ea0-b905-c17974300deb,APPLIED_REGEX_RULE,traeart,Tilia europaea,Tilia hybr. europaea,latin_regex,add hybrid marker,NA
871a10ee-da0d-4ea0-b395-f83174cc70c2,APPLIED_REGEX_RULE,traeart,Tilia europaea,Tilia hybr. europaea,latin_regex,add hybrid marker,NA
1c06703c-f6b4-430a-ab85-0959a9bfe3a4,APPLIED_REGEX_RULE,traeart,Tilia europaea,Tilia hybr. europaea,latin_regex,add hybrid marker,NA
93d7375c-5605-40cb-a000-560d1513d058,APPLIED_REGEX_RULE,traeart,Tilia europaea,Tilia hybr. europaea,latin_regex,add hybrid marker,NA
dbdb2851-f1cc-46c6-922a-6f46c78983c3,APPLIED_REGEX_RULE,traeart,Tilia europaea,Tilia hybr. europaea,latin_regex,add hybrid marker,NA
99737046-229d-435d-b93e-ad6b0b52198f,APPLIED_REGEX_RULE,traeart,Tilia europaea,Tilia hybr. europaea,latin_regex,add hybrid marker,NA
41d5efae-a5b2-4ad9-87fb-ade88a1edc6c,APPLIED_REGEX_RULE,traeart,Tilia europaea,Tilia hybr. europaea,latin_regex,add hybrid marker,NA
327535aa-093b-4272-8b97-fe13db624d75,APPLIED_REGEX_RULE,traeart,Tilia europaea,Tilia hybr. europaea,latin_regex,add hybrid marker,NA
9452f39f-644a-4c15-97f4-535722ff1968,APPLIED_REGEX_RULE,traeart,Tilia europaea,Tilia hybr. europaea,latin_regex,add hybrid marker,NA
55fd2102-e3c8-41a1-a89b-96c4e885c5d4,APPLIED_REGEX_RULE,traeart,Tilia europaea,Tilia hybr. europaea,latin_regex,add hybrid marker,NA
a62a94dd-8088-44c7-bd75-f19de66bafa8,APPLIED_REGEX_RULE,traeart,Tilia europaea,Tilia hybr. europaea,latin_regex,add hybrid marker,NA
97885962-bbd0-41d4-8ef6-1b5dfd2363b0,APPLIED_REGEX_RULE,traeart,Tilia europaea,Tilia hybr. europaea,latin_regex,add hybrid marker,NA
c6602776-d8b2-4341-ae04-5b3585c25800,APPLIED_REGEX_RULE,traeart,Tilia europaea,Tilia hybr. europaea,latin_regex,add hybrid marker,NA
819dab47-b9be-4c3a-a6a3-1f21aa310ac8,APPLIED_REGEX_RULE,traeart,Tilia europaea,Tilia hybr. europaea,latin_regex,add hybrid marker,NA
9fd3e5a9-ee75-4273-844f-cf7609d4ff18,APPLIED_REGEX_RULE,traeart,Tilia europaea,Tilia hybr. europaea,latin_regex,add hybrid marker,NA
c8df04ac-aeb8-4877-bd5a-3fb3353aada9,APPLIED_REGEX_RULE,traeart,Tilia europaea,Tilia hybr. europaea,latin_regex,add hybrid marker,NA
ceb9443b-860d-4fec-a0e2-ce937b591989,APPLIED_REGEX_RULE,traeart,Tilia europaea,Tilia hybr. europaea,latin_regex,add hybrid marker,NA
0e813cc3-f627-4378-81c4-92c98b2e9886,APPLIED_REGEX_RULE,traeart,Tilia europaea,Tilia hybr. europaea,latin_regex,add hybrid marker,NA
1a4ab393-ba94-4dce-bb93-2fdc1bb1eb84,APPLIED_REGEX_RULE,traeart,Tilia europaea,Tilia hybr. europaea,latin_regex,add hybrid marker,NA
81f4379a-7157-4a5d-a65e-7aeff9856745,APPLIED_REGEX_RULE,traeart,Tilia europaea,Tilia hybr. europaea,latin_regex,add hybrid marker,NA
4057cadf-b90b-4869-96c7-a7e9fc50891b,APPLIED_REGEX_RULE,traeart,Tilia europaea,Tilia hybr. europaea,latin_regex,add hybrid marker,NA
867cdb8d-9e75-4d4e-9d6b-6c3d66a39579,APPLIED_REGEX_RULE,traeart,Tilia europaea,Tilia hybr. europaea,latin_regex,add hybrid marker,NA
a8893c04-1276-4885-8e6a-ece5392b5171,APPLIED_REGEX_RULE,traeart,Tilia europaea,Tilia hybr. europaea,latin_regex,add hybrid marker,NA
2463ef67-b75e-42cd-b19f-e133662ef281,APPLIED_REGEX_RULE,traeart,Tilia europaea,Tilia hybr. europaea,latin_regex,add hybrid marker,NA
fd776c46-caf2-47ea-9398-a92e42fd64bd,APPLIED_REGEX_RULE,traeart,Tilia europaea,Tilia hybr. europaea,latin_regex,add hybrid marker,NA
615a0c15-7154-4898-b11b-107818661031,APPLIED_REGEX_RULE,traeart,Tilia europaea,Tilia hybr. europaea,latin_regex,add hybrid marker,NA
9cada3b5-0a1b-4c67-9e3e-335e393e6725,APPLIED_REGEX_RULE,traeart,Tilia europaea,Tilia hybr. europaea,latin_regex,add hybrid marker,NA
5fbd4161-1496-40cd-8a09-bfe9a055db7e,APPLIED_REGEX_RULE,traeart,Tilia europaea,Tilia hybr. europaea,latin_regex,add hybrid marker,NA
1bae8276-204f-454b-9d5d-40f1970ed1e5,APPLIED_REGEX_RULE,traeart,Tilia europaea,Tilia hybr. europaea,latin_regex,add hybrid marker,NA
34863861-bf99-4dea-b1f0-145a989c6978,APPLIED_REGEX_RULE,traeart,Tilia europaea,Tilia hybr. europaea,latin_regex,add hybrid marker,NA
1fadd613-2f90-44ea-a9e8-cea01cfc0a88,APPLIED_REGEX_RULE,traeart,Tilia europaea,Tilia hybr. europaea,latin_regex,add hybrid marker,NA
559ff36f-9c81-439f-9aa0-6c6db9dcd6a7,APPLIED_REGEX_RULE,traeart,Tilia europaea,Tilia hybr. europaea,latin_regex,add hybrid marker,NA
f1c0370b-d213-40d7-ba6d-35ae6de6ad8b,APPLIED_REGEX_RULE,traeart,Tilia europaea,Tilia hybr. europaea,latin_regex,add hybrid marker,NA
ff405b9b-c4f4-49b6-bf0a-ba2ec098690b,APPLIED_REGEX_RULE,traeart,Tilia europaea,Tilia hybr. europaea,latin_regex,add hybrid marker,NA
da1d6458-f278-45f0-958d-1bdf0e1f4873,APPLIED_REGEX_RULE,traeart,Tilia europaea,Tilia hybr. europaea,latin_regex,add hybrid marker,NA
243d8bbf-70b8-4450-9de0-b16b49e6ae7e,APPLIED_REGEX_RULE,traeart,Tilia europaea,Tilia hybr. europaea,latin_regex,add hybrid marker,NA
2726a73b-8f15-4d8d-87dc-ef2692821cca,APPLIED_REGEX_RULE,traeart,Tilia europaea,Tilia hybr. europaea,latin_regex,add hybrid marker,NA
edaf5bdb-2f6c-4a84-b7a8-41da65f89a65,APPLIED_REGEX_RULE,traeart,Tilia europaea,Tilia hybr. europaea,latin_regex,add hybrid marker,NA
a76a0807-6b7c-4b61-99f6-ecd229e1194e,APPLIED_REGEX_RULE,traeart,Tilia europaea,Tilia hybr. europaea,latin_regex,add hybrid marker,NA
3e2c1093-d7ee-42de-9c52-28e1f9c3468b,APPLIED_REGEX_RULE,traeart,Tilia europaea,Tilia hybr. europaea,latin_regex,add hybrid marker,NA
ae412af4-1764-4a97-a54b-b70fbedf9f35,APPLIED_REGEX_RULE,traeart,Tilia europaea,Tilia hybr. europaea,latin_regex,add hybrid marker,NA
edf62404-9b43-42e6-8152-e458de816e54,APPLIED_REGEX_RULE,traeart,Tilia europaea,Tilia hybr. europaea,latin_regex,add hybrid marker,NA
233e04e7-22e7-4f08-afe3-140c0a61c14f,APPLIED_REGEX_RULE,traeart,Tilia europaea,Tilia hybr. europaea,latin_regex,add hybrid marker,NA
2ac42667-3f8d-400b-89f0-2bd72dc86dda,APPLIED_REGEX_RULE,traeart,Tilia europaea,Tilia hybr. europaea,latin_regex,add hybrid marker,NA
09973798-56fb-4902-8cb8-b6829ae9ee06,APPLIED_REGEX_RULE,traeart,Tilia europaea,Tilia hybr. europaea,latin_regex,add hybrid marker,NA
c1fde85b-b895-4cf0-8a97-482c6d5fbf84,APPLIED_REGEX_RULE,traeart,Tilia europaea,Tilia hybr. europaea,latin_regex,add hybrid marker,NA
6fe62948-9ec3-4e1c-9c88-01eb970a81a9,APPLIED_REGEX_RULE,traeart,Tilia europaea,Tilia hybr. europaea,latin_regex,add hybrid marker,NA
870fef3b-c7a8-46d3-b6ca-d082c1ffe3d8,APPLIED_REGEX_RULE,traeart,Tilia europaea,Tilia hybr. europaea,latin_regex,add hybrid marker,NA
1180d5f0-07ee-4a63-9b63-3130850ade01,APPLIED_REGEX_RULE,traeart,Tilia europaea,Tilia hybr. europaea,latin_regex,add hybrid marker,NA
e64524e9-121a-4bd5-95d5-919d56ab2376,APPLIED_REGEX_RULE,traeart,Tilia europaea,Tilia hybr. europaea,latin_regex,add hybrid marker,NA
b09ee90d-e709-4a62-83f1-2a778930b2d4,APPLIED_REGEX_RULE,traeart,Tilia europaea,Tilia hybr. europaea,latin_regex,add hybrid marker,NA
de2b7561-924b-476f-894c-21ff165d254a,APPLIED_REGEX_RULE,traeart,Tilia europaea,Tilia hybr. europaea,latin_regex,add hybrid marker,NA
87a79f6e-adad-4839-bc7d-3699a8910f9d,APPLIED_REGEX_RULE,traeart,Tilia europaea,Tilia hybr. europaea,latin_regex,add hybrid marker,NA
0a0f3f15-098e-4bd2-9af4-147470ad2226,APPLIED_REGEX_RULE,traeart,Tilia europaea,Tilia hybr. europaea,latin_regex,add hybrid marker,NA
79409751-49db-439f-9b80-1ebee19c5683,APPLIED_REGEX_RULE,traeart,Tilia europaea,Tilia hybr. europaea,latin_regex,add hybrid marker,NA
b91a7436-7361-4daf-b7e6-abc1b033d0ef,APPLIED_REGEX_RULE,traeart,Tilia europaea,Tilia hybr. europaea,latin_regex,add hybrid marker,NA
d0976168-ee75-4f18-9f77-39fd83fba19f,APPLIED_REGEX_RULE,traeart,Tilia europaea,Tilia hybr. europaea,latin_regex,add hybrid marker,NA
a75914a5-10cc-46b0-9a2f-a5b85ab7f6fb,APPLIED_REGEX_RULE,traeart,Tilia europaea,Tilia hybr. europaea,latin_regex,add hybrid marker,NA
1dda1a26-fe5a-47e2-9654-be0d96e4616a,APPLIED_REGEX_RULE,traeart,Tilia europaea,Tilia hybr. europaea,latin_regex,add hybrid marker,NA
08b00e98-f774-4754-9563-18983b197fe3,APPLIED_REGEX_RULE,traeart,Tilia europaea,Tilia hybr. europaea,latin_regex,add hybrid marker,NA
4282de81-89c0-4736-a4c7-9a4b266024bc,APPLIED_REGEX_RULE,traeart,Tilia europaea,Tilia hybr. europaea,latin_regex,add hybrid marker,NA
f807d420-1d38-4972-bf65-4e56f361c761,APPLIED_REGEX_RULE,traeart,Tilia europaea,Tilia hybr. europaea,latin_regex,add hybrid marker,NA
79f4a22b-e135-4698-ad33-544453ccbda6,APPLIED_REGEX_RULE,traeart,Tilia europaea,Tilia hybr. europaea,latin_regex,add hybrid marker,NA
2c5133d2-6ab9-4933-a1f1-91e9212f8d80,APPLIED_REGEX_RULE,traeart,Tilia europaea,Tilia hybr. europaea,latin_regex,add hybrid marker,NA
bbef6149-fc4b-4f6e-a0be-ad0d8ee9baf0,APPLIED_REGEX_RULE,traeart,Tilia europaea,Tilia hybr. europaea,latin_regex,add hybrid marker,NA
22e4a3d9-4b98-4a5e-8fae-80c4f022a674,APPLIED_REGEX_RULE,traeart,Tilia europaea,Tilia hybr. europaea,latin_regex,add hybrid marker,NA
64a4b572-a805-41dc-a2f1-9b9309af0b0e,APPLIED_REGEX_RULE,traeart,Tilia europaea,Tilia hybr. europaea,latin_regex,add hybrid marker,NA
3fd6d4af-d632-415d-b149-64d6e53d4597,APPLIED_REGEX_RULE,traeart,Tilia europaea,Tilia hybr. europaea,latin_regex,add hybrid marker,NA
a8a50da0-3303-4bff-8eab-e1980dbec43d,APPLIED_REGEX_RULE,traeart,Tilia europaea,Tilia hybr. europaea,latin_regex,add hybrid marker,NA
7cd9f19f-8c40-49b8-a8c1-e3ac49da3bc4,APPLIED_REGEX_RULE,traeart,Tilia europaea,Tilia hybr. europaea,latin_regex,add hybrid marker,NA
776a2b55-a532-4063-af2e-400fd046c99a,APPLIED_REGEX_RULE,traeart,Tilia europaea,Tilia hybr. europaea,latin_regex,add hybrid marker,NA
e63bec0f-94d2-47a9-a6aa-58edb2499aab,APPLIED_REGEX_RULE,traeart,Tilia europaea,Tilia hybr. europaea,latin_regex,add hybrid marker,NA
1126588c-24b3-40e8-96bc-c952054eb71b,APPLIED_REGEX_RULE,traeart,Tilia europaea,Tilia hybr. europaea,latin_regex,add hybrid marker,NA
7217ad65-a928-41c1-973b-17f8dd5de60b,APPLIED_REGEX_RULE,traeart,Tilia europaea,Tilia hybr. europaea,latin_regex,add hybrid marker,NA
880735a5-8971-435a-8b24-d8c57db4ac3d,APPLIED_REGEX_RULE,traeart,Tilia europaea,Tilia hybr. europaea,latin_regex,add hybrid marker,NA
119cb77e-10e3-4330-8946-0a74d43abdce,APPLIED_REGEX_RULE,traeart,Tilia europaea,Tilia hybr. europaea,latin_regex,add hybrid marker,NA
e2e5979e-9844-44c1-bca5-0b0498f0fb7a,APPLIED_REGEX_RULE,traeart,Tilia europaea,Tilia hybr. europaea,latin_regex,add hybrid marker,NA
db85f669-f321-46c9-9cd6-f0ee985dc057,APPLIED_REGEX_RULE,traeart,Tilia europaea,Tilia hybr. europaea,latin_regex,add hybrid marker,NA
8f399d00-51f6-494c-bd8f-d545b5fd79f2,APPLIED_REGEX_RULE,traeart,Tilia europaea,Tilia hybr. europaea,latin_regex,add hybrid marker,NA
0eb2dc91-640b-48e6-b42f-37bb7e54a279,APPLIED_REGEX_RULE,traeart,Tilia europaea,Tilia hybr. europaea,latin_regex,add hybrid marker,NA
7b69b96a-ab7f-4c14-88cf-936f100cd531,APPLIED_REGEX_RULE,traeart,Tilia europaea,Tilia hybr. europaea,latin_regex,add hybrid marker,NA
8cfb3d81-7b76-4ea7-9d69-524c95c28261,APPLIED_REGEX_RULE,traeart,Tilia europaea,Tilia hybr. europaea,latin_regex,add hybrid marker,NA
e92f7a19-24fe-4244-b750-c849138e6481,APPLIED_REGEX_RULE,traeart,Tilia europaea,Tilia hybr. europaea,latin_regex,add hybrid marker,NA
40ad93de-3ad2-4386-87e1-6a6a63e3a5b6,APPLIED_REGEX_RULE,traeart,Tilia europaea,Tilia hybr. europaea,latin_regex,add hybrid marker,NA
06f2cfd4-a6a3-465b-a0b0-4816f93bcc43,APPLIED_REGEX_RULE,traeart,Tilia europaea,Tilia hybr. europaea,latin_regex,add hybrid marker,NA
ee1a0c75-4e36-4052-94a8-99ae4772f3b4,APPLIED_REGEX_RULE,traeart,Tilia europaea,Tilia hybr. europaea,latin_regex,add hybrid marker,NA
63875a0c-9632-40ea-8ce2-c7996761440e,APPLIED_REGEX_RULE,traeart,Tilia europaea,Tilia hybr. europaea,latin_regex,add hybrid marker,NA
37984887-2936-4277-a7b1-18dc7c3605eb,APPLIED_REGEX_RULE,traeart,Tilia europaea,Tilia hybr. europaea,latin_regex,add hybrid marker,NA
7d3f4273-8bbe-4fbf-a028-b23bf49628a5,APPLIED_REGEX_RULE,traeart,Tilia europaea,Tilia hybr. europaea,latin_regex,add hybrid marker,NA
144ef3fb-453c-44e4-90b2-a94112d8b7b1,APPLIED_REGEX_RULE,traeart,Tilia europaea,Tilia hybr. europaea,latin_regex,add hybrid marker,NA
848715de-e70a-4b96-8801-e554414e6000,APPLIED_REGEX_RULE,traeart,Tilia europaea,Tilia hybr. europaea,latin_regex,add hybrid marker,NA
76c004ae-e447-4927-9e47-a16691a54aef,APPLIED_REGEX_RULE,traeart,Tilia europaea,Tilia hybr. europaea,latin_regex,add hybrid marker,NA
09e03183-9347-4aee-916a-4bfe644bf3e9,APPLIED_REGEX_RULE,traeart,Tilia europaea,Tilia hybr. europaea,latin_regex,add hybrid marker,NA
aabce8b7-1546-4334-b164-0e7c53ae90a7,APPLIED_REGEX_RULE,traeart,Tilia europaea,Tilia hybr. europaea,latin_regex,add hybrid marker,NA
f1be3700-8e72-446f-a0c8-625cf1178f30,APPLIED_REGEX_RULE,traeart,Tilia europaea,Tilia hybr. europaea,latin_regex,add hybrid marker,NA
7a45d64c-f445-40c3-be22-f4d9a9d396c6,APPLIED_REGEX_RULE,traeart,Tilia europaea,Tilia hybr. europaea,latin_regex,add hybrid marker,NA
0ee18a65-319e-4582-b428-0bf094fb29a0,APPLIED_REGEX_RULE,traeart,Tilia europaea,Tilia hybr. europaea,latin_regex,add hybrid marker,NA
129a0d30-fcd5-4867-b79d-003b9a928b3a,APPLIED_REGEX_RULE,traeart,Tilia europaea,Tilia hybr. europaea,latin_regex,add hybrid marker,NA
f5b2b7cd-1d9f-486d-8e3a-0807803fd1ff,APPLIED_REGEX_RULE,traeart,Tilia europaea,Tilia hybr. europaea,latin_regex,add hybrid marker,NA
df48bfc4-11d3-42c4-975d-c3d5220468db,APPLIED_REGEX_RULE,traeart,Tilia europaea,Tilia hybr. europaea,latin_regex,add hybrid marker,NA
f18b1fab-b013-4bb3-96f3-c26ae0fcb96e,APPLIED_REGEX_RULE,traeart,Tilia europaea,Tilia hybr. europaea,latin_regex,add hybrid marker,NA
2e6a8621-a8bf-4400-96d8-177f493eb547,APPLIED_REGEX_RULE,traeart,Tilia europaea,Tilia hybr. europaea,latin_regex,add hybrid marker,NA
9d95481e-8e15-478a-9352-30f117dddd1f,APPLIED_REGEX_RULE,traeart,Tilia europaea,Tilia hybr. europaea,latin_regex,add hybrid marker,NA
0dc4b79e-d3c0-4513-9f0d-f0de4f3446b3,APPLIED_REGEX_RULE,traeart,Tilia europaea,Tilia hybr. europaea,latin_regex,add hybrid marker,NA
636d137f-bc5f-42a7-a793-a7d806786777,APPLIED_REGEX_RULE,traeart,Tilia europaea,Tilia hybr. europaea,latin_regex,add hybrid marker,NA
88e5261c-e4e8-46a6-b357-34f33f214475,APPLIED_REGEX_RULE,traeart,Tilia europaea,Tilia hybr. europaea,latin_regex,add hybrid marker,NA
58b25115-ac5b-4238-8118-05583f005e89,APPLIED_REGEX_RULE,traeart,Tilia europaea,Tilia hybr. europaea,latin_regex,add hybrid marker,NA
04e33743-b1f7-433b-bf58-b1496a077787,APPLIED_REGEX_RULE,traeart,Tilia europaea,Tilia hybr. europaea,latin_regex,add hybrid marker,NA
3b15c911-86ef-4a5e-b2f3-d3b985a7fcce,APPLIED_REGEX_RULE,traeart,Tilia europaea,Tilia hybr. europaea,latin_regex,add hybrid marker,NA
01fa6fb4-6c8f-4767-abe2-0f4bf532aa94,APPLIED_REGEX_RULE,traeart,Tilia europaea,Tilia hybr. europaea,latin_regex,add hybrid marker,NA
16e21737-8943-46d4-8598-63aa8bbcaa91,APPLIED_REGEX_RULE,traeart,Tilia europaea,Tilia hybr. europaea,latin_regex,add hybrid marker,NA
c9c38263-c070-4a3d-82c9-8a10627de606,APPLIED_REGEX_RULE,traeart,Tilia europaea,Tilia hybr. europaea,latin_regex,add hybrid marker,NA
9be9c1d6-bfee-48b9-b341-87e50166e113,APPLIED_REGEX_RULE,traeart,Tilia europaea,Tilia hybr. europaea,latin_regex,add hybrid marker,NA
9c431b1a-afa6-4f83-a8f8-5a4f1d4d7b39,APPLIED_REGEX_RULE,traeart,Tilia europaea,Tilia hybr. europaea,latin_regex,add hybrid marker,NA
4b6715a6-b28a-4f9c-b349-e76c53035e82,APPLIED_REGEX_RULE,traeart,Tilia europaea,Tilia hybr. europaea,latin_regex,add hybrid marker,NA
bc301e2c-06bf-4685-b447-25b9f8ddd865,APPLIED_REGEX_RULE,traeart,Tilia europaea,Tilia hybr. europaea,latin_regex,add hybrid marker,NA
3063c76f-d9da-4ec9-ae34-d5686b0afeb5,APPLIED_REGEX_RULE,traeart,Tilia europaea,Tilia hybr. europaea,latin_regex,add hybrid marker,NA
f9bf5065-fc8f-47aa-bbff-5c2a6051ad6d,APPLIED_REGEX_RULE,traeart,Tilia europaea,Tilia hybr. europaea,latin_regex,add hybrid marker,NA
944ea19c-2526-44b3-b51e-ea21fd672b2e,APPLIED_REGEX_RULE,traeart,Tilia europaea,Tilia hybr. europaea,latin_regex,add hybrid marker,NA
58ca6380-2456-46a3-aab7-c6ae0f28dfbd,APPLIED_REGEX_RULE,traeart,Tilia europaea,Tilia hybr. europaea,latin_regex,add hybrid marker,NA
b229b56d-d185-4acd-b5b0-835c2c961ab0,APPLIED_REGEX_RULE,traeart,Tilia europaea,Tilia hybr. europaea,latin_regex,add hybrid marker,NA
adfd77a9-2ee8-4982-bcd6-61d30de228f3,APPLIED_REGEX_RULE,traeart,Tilia europaea,Tilia hybr. europaea,latin_regex,add hybrid marker,NA
938cbe1a-77fb-4093-b20b-cbd9331d4c80,APPLIED_REGEX_RULE,traeart,Tilia europaea,Tilia hybr. europaea,latin_regex,add hybrid marker,NA
847918c6-88f1-4eb4-b08d-4db1539912df,APPLIED_REGEX_RULE,traeart,Tilia europaea,Tilia hybr. europaea,latin_regex,add hybrid marker,NA
bc4397a0-88a4-4f28-9466-62ec589d64b6,APPLIED_REGEX_RULE,traeart,Tilia europaea,Tilia hybr. europaea,latin_regex,add hybrid marker,NA
f3aa5b91-5302-497d-8b00-28d2eee4cb34,APPLIED_REGEX_RULE,traeart,Tilia europaea,Tilia hybr. europaea,latin_regex,add hybrid marker,NA
d1e46407-7896-4ee7-8edc-606c40761a0c,APPLIED_REGEX_RULE,traeart,Tilia europaea,Tilia hybr. europaea,latin_regex,add hybrid marker,NA
29a0fbdb-36b5-4337-a724-896e17fe1874,APPLIED_REGEX_RULE,traeart,Tilia europaea,Tilia hybr. europaea,latin_regex,add hybrid marker,NA
abc0b328-a687-4875-a5e0-eceea79b05de,APPLIED_REGEX_RULE,traeart,Tilia europaea,Tilia hybr. europaea,latin_regex,add hybrid marker,NA
6a3fa68f-c836-4ee8-b505-95210d89d5b3,APPLIED_REGEX_RULE,traeart,Tilia europaea,Tilia hybr. europaea,latin_regex,add hybrid marker,NA
4b60ac4b-8a12-49c6-97e6-83fd7b070dc6,APPLIED_REGEX_RULE,traeart,Tilia europaea,Tilia hybr. europaea,latin_regex,add hybrid marker,NA
33e97092-2e29-464f-86df-b7dff3d618d0,APPLIED_REGEX_RULE,traeart,Tilia europaea,Tilia hybr. europaea,latin_regex,add hybrid marker,NA
58d4f231-91f4-4021-863a-8414547dcf6e,APPLIED_REGEX_RULE,traeart,Tilia europaea,Tilia hybr. europaea,latin_regex,add hybrid marker,NA
806e1a00-0a62-4977-a235-3a0d88afdd4d,APPLIED_REGEX_RULE,traeart,Tilia europaea,Tilia hybr. europaea,latin_regex,add hybrid marker,NA
33e72075-513a-496c-be57-9f7a4188f1ef,APPLIED_REGEX_RULE,traeart,Tilia europaea,Tilia hybr. europaea,latin_regex,add hybrid marker,NA
da9f21d2-58b0-4ddf-90b0-5514a15329ab,APPLIED_REGEX_RULE,traeart,Tilia europaea,Tilia hybr. europaea,latin_regex,add hybrid marker,NA
56701298-989c-4381-9910-ec6c77c8f93d,APPLIED_REGEX_RULE,traeart,Tilia europaea,Tilia hybr. europaea,latin_regex,add hybrid marker,NA
69b583d1-d4c0-4e80-b292-974449c3ad63,APPLIED_REGEX_RULE,traeart,Tilia europaea,Tilia hybr. europaea,latin_regex,add hybrid marker,NA
7b55db8a-41dc-4131-92bc-b82b572bd29e,APPLIED_REGEX_RULE,traeart,Tilia europaea,Tilia hybr. europaea,latin_regex,add hybrid marker,NA
04eef41f-f8bc-444a-b238-a0704d61a085,APPLIED_REGEX_RULE,traeart,Tilia europaea,Tilia hybr. europaea,latin_regex,add hybrid marker,NA
a42099ab-a5c1-4b25-a751-7129cb49f947,APPLIED_REGEX_RULE,traeart,Tilia europaea,Tilia hybr. europaea,latin_regex,add hybrid marker,NA
d95b79a0-2ec7-44d8-a17c-822de25fd6bf,APPLIED_REGEX_RULE,traeart,Tilia europaea,Tilia hybr. europaea,latin_regex,add hybrid marker,NA
9ff36f6b-c1e9-47d2-a94d-92f68ca36811,APPLIED_REGEX_RULE,traeart,Tilia europaea,Tilia hybr. europaea,latin_regex,add hybrid marker,NA
1158f5bd-1687-486b-b932-dfc6d7e4295e,APPLIED_REGEX_RULE,traeart,Tilia europaea,Tilia hybr. europaea,latin_regex,add hybrid marker,NA
28961d9e-8d1b-4a63-bc5f-a209e5f09a16,APPLIED_REGEX_RULE,traeart,Tilia europaea,Tilia hybr. europaea,latin_regex,add hybrid marker,NA
f3506a10-e844-4362-9e4e-4dacd57b72a8,APPLIED_REGEX_RULE,traeart,Tilia europaea,Tilia hybr. europaea,latin_regex,add hybrid marker,NA
0e6d1d64-9941-40be-899e-d289390cc878,APPLIED_REGEX_RULE,traeart,Tilia europaea,Tilia hybr. europaea,latin_regex,add hybrid marker,NA
6598e7d7-f0e0-4897-8cf3-e236462de66e,APPLIED_REGEX_RULE,traeart,Tilia europaea,Tilia hybr. europaea,latin_regex,add hybrid marker,NA
128e3692-4ec7-4f85-9c4b-57c863e9245d,APPLIED_REGEX_RULE,traeart,Tilia europaea,Tilia hybr. europaea,latin_regex,add hybrid marker,NA
f2e8d2a9-0d1e-46e6-b9d6-22e603f4bb7f,APPLIED_REGEX_RULE,traeart,Tilia europaea,Tilia hybr. europaea,latin_regex,add hybrid marker,NA
27ade865-6c21-468e-ab33-476cba53bb06,APPLIED_REGEX_RULE,traeart,Tilia europaea,Tilia hybr. europaea,latin_regex,add hybrid marker,NA
789853c1-922a-4ad1-b212-1bcac9b59244,APPLIED_REGEX_RULE,traeart,Tilia europaea,Tilia hybr. europaea,latin_regex,add hybrid marker,NA
dc289298-8ab1-42b0-b0fa-faa8a89e9d8e,APPLIED_REGEX_RULE,traeart,Tilia europaea,Tilia hybr. europaea,latin_regex,add hybrid marker,NA
ca653beb-0769-433e-92dc-4269a157017a,APPLIED_REGEX_RULE,traeart,Tilia europaea,Tilia hybr. europaea,latin_regex,add hybrid marker,NA
0ead724a-fc1d-4dd4-88f6-50813bb1b6c8,APPLIED_REGEX_RULE,traeart,Tilia europaea,Tilia hybr. europaea,latin_regex,add hybrid marker,NA
98d7d77c-af1c-42f1-8889-04431e6cd16c,APPLIED_REGEX_RULE,traeart,Tilia europaea,Tilia hybr. europaea,latin_regex,add hybrid marker,NA
75591b1c-5781-4406-8be8-c53741451f51,APPLIED_REGEX_RULE,traeart,Tilia europaea,Tilia hybr. europaea,latin_regex,add hybrid marker,NA
a6b35a11-7091-4f57-8245-73dd575e80bc,APPLIED_REGEX_RULE,traeart,Tilia europaea,Tilia hybr. europaea,latin_regex,add hybrid marker,NA
2ad1c4a8-3290-4d1e-bf45-b685c3ebf4e8,APPLIED_REGEX_RULE,traeart,Tilia europaea,Tilia hybr. europaea,latin_regex,add hybrid marker,NA
e4885079-95f7-411f-bc10-7bafe9626008,APPLIED_REGEX_RULE,traeart,Tilia europaea,Tilia hybr. europaea,latin_regex,add hybrid marker,NA
58941d14-f23e-4f9b-94c2-85423470435f,APPLIED_REGEX_RULE,traeart,Tilia europaea,Tilia hybr. europaea,latin_regex,add hybrid marker,NA
f31a3784-fb52-46be-8ea2-c022bf1e60cd,APPLIED_REGEX_RULE,traeart,Tilia europaea,Tilia hybr. europaea,latin_regex,add hybrid marker,NA
609d467f-7c6c-432c-baa3-3f578c0dce0b,APPLIED_REGEX_RULE,traeart,Tilia europaea,Tilia hybr. europaea,latin_regex,add hybrid marker,NA
81705552-fcaf-4157-8aec-e0a1958eeaec,APPLIED_REGEX_RULE,traeart,Tilia europaea,Tilia hybr. europaea,latin_regex,add hybrid marker,NA
6e77a741-7cae-4620-bf12-f417bcead383,APPLIED_REGEX_RULE,traeart,Tilia europaea,Tilia hybr. europaea,latin_regex,add hybrid marker,NA
28220cf0-1390-422d-884e-fc32ad01c47c,APPLIED_REGEX_RULE,traeart,Tilia europaea,Tilia hybr. europaea,latin_regex,add hybrid marker,NA
199504eb-fb63-485c-b38d-c0c620126a53,APPLIED_REGEX_RULE,traeart,Tilia europaea,Tilia hybr. europaea,latin_regex,add hybrid marker,NA
d5417f8e-58d3-403e-84c7-2c1b41765301,APPLIED_REGEX_RULE,traeart,Tilia europaea,Tilia hybr. europaea,latin_regex,add hybrid marker,NA
7a3b214c-7466-4919-82f7-7a489852b09b,APPLIED_REGEX_RULE,traeart,Tilia europaea,Tilia hybr. europaea,latin_regex,add hybrid marker,NA
a8b522b8-3522-4472-b05a-c0b959ce43d0,APPLIED_REGEX_RULE,traeart,Tilia europaea,Tilia hybr. europaea,latin_regex,add hybrid marker,NA
4c2a8b4a-0d72-4791-b308-fd031ffd6dd5,APPLIED_REGEX_RULE,traeart,Tilia europaea,Tilia hybr. europaea,latin_regex,add hybrid marker,NA
655b64b1-ff7d-44b9-accb-365a864370ff,APPLIED_REGEX_RULE,traeart,Tilia europaea,Tilia hybr. europaea,latin_regex,add hybrid marker,NA
112d9147-b045-4a54-92dd-b37be3dce4b8,APPLIED_REGEX_RULE,traeart,Tilia europaea,Tilia hybr. europaea,latin_regex,add hybrid marker,NA
3d8316ba-5cdb-4ff6-bbc3-3be78f9708d2,APPLIED_REGEX_RULE,traeart,Tilia europaea,Tilia hybr. europaea,latin_regex,add hybrid marker,NA
17b45fe3-0199-4cdc-9ac2-9d9f52c94474,APPLIED_REGEX_RULE,traeart,Tilia europaea,Tilia hybr. europaea,latin_regex,add hybrid marker,NA
76ab5130-9505-46ef-9dea-ccb6bb013b72,APPLIED_REGEX_RULE,traeart,Tilia europaea,Tilia hybr. europaea,latin_regex,add hybrid marker,NA
e647038b-a2e7-42c8-87b8-dc01974c2c56,APPLIED_REGEX_RULE,traeart,Tilia europaea,Tilia hybr. europaea,latin_regex,add hybrid marker,NA
6398158a-85d9-466f-a04c-32f288fde768,APPLIED_REGEX_RULE,traeart,Tilia europaea,Tilia hybr. europaea,latin_regex,add hybrid marker,NA
5db7ff97-e1fc-487b-bba4-b1ac11d83b2f,APPLIED_REGEX_RULE,traeart,Tilia europaea,Tilia hybr. europaea,latin_regex,add hybrid marker,NA
8da1ca64-df10-4878-9534-fbdd5f7c30a7,APPLIED_REGEX_RULE,traeart,Tilia europaea,Tilia hybr. europaea,latin_regex,add hybrid marker,NA
89557674-3e07-4af8-aad4-24c648fd0429,APPLIED_REGEX_RULE,traeart,Tilia europaea,Tilia hybr. europaea,latin_regex,add hybrid marker,NA
e5d32c4a-cf74-43a3-8c52-2a3818835d7a,APPLIED_REGEX_RULE,traeart,Tilia europaea,Tilia hybr. europaea,latin_regex,add hybrid marker,NA
a549d69a-c835-4324-bf5a-6a83bfd5610e,APPLIED_REGEX_RULE,traeart,Tilia europaea,Tilia hybr. europaea,latin_regex,add hybrid marker,NA
7720344e-8a03-4af0-a8a2-f7d090d26fab,APPLIED_REGEX_RULE,traeart,Tilia europaea,Tilia hybr. europaea,latin_regex,add hybrid marker,NA
4b0a6c60-91d8-4b83-b401-87c112983c2b,APPLIED_REGEX_RULE,traeart,Tilia europaea,Tilia hybr. europaea,latin_regex,add hybrid marker,NA
5c7af3fe-74c1-45c8-a0fa-ad7ccd40e582,APPLIED_REGEX_RULE,traeart,Tilia europaea,Tilia hybr. europaea,latin_regex,add hybrid marker,NA
62ea1af7-1c6a-486e-b24b-6aab14bb380c,APPLIED_REGEX_RULE,traeart,Tilia europaea,Tilia hybr. europaea,latin_regex,add hybrid marker,NA
f3d6bd38-6674-445c-909f-648af021d082,APPLIED_REGEX_RULE,traeart,Tilia europaea,Tilia hybr. europaea,latin_regex,add hybrid marker,NA
bda51257-faf5-4e6a-ad88-668496014ddf,APPLIED_REGEX_RULE,traeart,Tilia europaea,Tilia hybr. europaea,latin_regex,add hybrid marker,NA
06f99c33-efea-4602-b61b-18143896acba,APPLIED_REGEX_RULE,traeart,Tilia europaea,Tilia hybr. europaea,latin_regex,add hybrid marker,NA
ec5e7018-fe9d-4935-b97d-4e42e7b4408d,APPLIED_REGEX_RULE,traeart,Tilia europaea,Tilia hybr. europaea,latin_regex,add hybrid marker,NA
7316d54d-d6b8-4d48-aca3-d6c35c690c06,APPLIED_REGEX_RULE,traeart,Tilia europaea,Tilia hybr. europaea,latin_regex,add hybrid marker,NA
db33578b-d237-4af5-98a4-e0fe59f17a78,APPLIED_REGEX_RULE,traeart,Tilia europaea,Tilia hybr. europaea,latin_regex,add hybrid marker,NA
83698411-c55d-4fa0-8f20-cf2f15f89dd9,APPLIED_REGEX_RULE,traeart,Tilia europaea,Tilia hybr. europaea,latin_regex,add hybrid marker,NA
d69a5b55-2342-4fb6-ad46-5266fcc4c966,APPLIED_REGEX_RULE,traeart,Tilia europaea,Tilia hybr. europaea,latin_regex,add hybrid marker,NA
df8886d8-fb6d-4c6d-8049-43d4915402c8,APPLIED_REGEX_RULE,traeart,Tilia europaea,Tilia hybr. europaea,latin_regex,add hybrid marker,NA
9586bafa-f8ba-40d6-95c7-f5268313cf08,APPLIED_REGEX_RULE,traeart,Tilia europaea,Tilia hybr. europaea,latin_regex,add hybrid marker,NA
6a3b88b3-b0a2-4db9-a595-26b2f619ca87,APPLIED_REGEX_RULE,traeart,Tilia europaea,Tilia hybr. europaea,latin_regex,add hybrid marker,NA
8f8bf2b0-43bf-4fff-9ccc-db6924b88501,APPLIED_REGEX_RULE,traeart,Tilia europaea,Tilia hybr. europaea,latin_regex,add hybrid marker,NA
217986d0-e0e8-4a72-8e31-40e5ce7d70c4,APPLIED_REGEX_RULE,traeart,Tilia europaea,Tilia hybr. europaea,latin_regex,add hybrid marker,NA
18b9e228-bab0-466b-81f0-d9371136fb8f,APPLIED_REGEX_RULE,traeart,Tilia europaea,Tilia hybr. europaea,latin_regex,add hybrid marker,NA
9c7761d8-a3a6-4f4f-9297-ff3b50d03995,APPLIED_REGEX_RULE,traeart,Tilia europaea,Tilia hybr. europaea,latin_regex,add hybrid marker,NA
27330f6d-e557-40d2-8d45-990cb90bb4a1,APPLIED_REGEX_RULE,traeart,Tilia europaea,Tilia hybr. europaea,latin_regex,add hybrid marker,NA
f32ca557-0cc2-4915-96f5-fc2e2d829137,APPLIED_REGEX_RULE,traeart,Tilia europaea,Tilia hybr. europaea,latin_regex,add hybrid marker,NA
69a8f1cc-bfb5-4234-9aab-7a7aaff40ae2,APPLIED_REGEX_RULE,traeart,Tilia europaea,Tilia hybr. europaea,latin_regex,add hybrid marker,NA
db68ecdc-7eb8-443a-8012-8410286fc237,APPLIED_REGEX_RULE,traeart,Tilia europaea,Tilia hybr. europaea,latin_regex,add hybrid marker,NA
3083c86b-fd18-44b2-b1c1-eab00e37fd2a,APPLIED_REGEX_RULE,traeart,Tilia europaea,Tilia hybr. europaea,latin_regex,add hybrid marker,NA
4ee95d06-66ae-48d4-8810-427f4cd9c069,APPLIED_REGEX_RULE,traeart,Tilia europaea,Tilia hybr. europaea,latin_regex,add hybrid marker,NA
9a828242-7fef-4318-aabe-27aa31ca177f,APPLIED_REGEX_RULE,traeart,Tilia europaea,Tilia hybr. europaea,latin_regex,add hybrid marker,NA
99b566bd-0d8a-4093-8d5e-32bcd0871d0c,APPLIED_REGEX_RULE,traeart,Tilia europaea,Tilia hybr. europaea,latin_regex,add hybrid marker,NA
94ddaac9-ed78-469d-a69d-85bff4d5974d,APPLIED_REGEX_RULE,traeart,Tilia europaea,Tilia hybr. europaea,latin_regex,add hybrid marker,NA
6a0d9b97-13ef-4739-8cff-37eec33a9e3f,APPLIED_REGEX_RULE,traeart,Tilia europaea,Tilia hybr. europaea,latin_regex,add hybrid marker,NA
fb032ad8-ebfa-4046-9f19-9a8de34f8b1b,APPLIED_REGEX_RULE,traeart,Tilia europaea,Tilia hybr. europaea,latin_regex,add hybrid marker,NA
bc2917e6-ebe9-44e7-b23c-03e3efa42ff4,APPLIED_REGEX_RULE,traeart,Tilia europaea,Tilia hybr. europaea,latin_regex,add hybrid marker,NA
6a0045d9-672d-4d1a-bfeb-638f01e2a02f,APPLIED_REGEX_RULE,traeart,Tilia europaea,Tilia hybr. europaea,latin_regex,add hybrid marker,NA
2962f513-aca0-4f8b-a345-f147c517ed88,APPLIED_REGEX_RULE,traeart,Tilia europaea,Tilia hybr. europaea,latin_regex,add hybrid marker,NA
b5496576-905a-477f-9dba-6fab651dd933,APPLIED_REGEX_RULE,traeart,Tilia europaea,Tilia hybr. europaea,latin_regex,add hybrid marker,NA
b35c64b7-34c4-420d-8a2c-5d345173d2f3,APPLIED_REGEX_RULE,traeart,Tilia europaea,Tilia hybr. europaea,latin_regex,add hybrid marker,NA
d56748a8-a0c4-41cc-941b-607ded487378,APPLIED_REGEX_RULE,traeart,Tilia europaea,Tilia hybr. europaea,latin_regex,add hybrid marker,NA
92c4945d-b21e-4b7d-a29d-2b4c1dd79a42,APPLIED_REGEX_RULE,traeart,Tilia europaea,Tilia hybr. europaea,latin_regex,add hybrid marker,NA
c8a71668-ba7f-45c8-a814-f3a73989c488,APPLIED_REGEX_RULE,traeart,Tilia europaea,Tilia hybr. europaea,latin_regex,add hybrid marker,NA
c1d8f262-53f7-41de-836d-c57e1620f2b6,APPLIED_REGEX_RULE,traeart,Tilia europaea,Tilia hybr. europaea,latin_regex,add hybrid marker,NA
b825b616-697b-4d8a-95b1-117195c07fea,APPLIED_REGEX_RULE,traeart,Tilia europaea,Tilia hybr. europaea,latin_regex,add hybrid marker,NA
fc36dfb4-6020-44dc-ba5a-6fe52bc5c553,APPLIED_REGEX_RULE,traeart,Tilia europaea,Tilia hybr. europaea,latin_regex,add hybrid marker,NA
85dd591a-f282-40e2-9f56-ada6d550b42b,APPLIED_REGEX_RULE,traeart,Tilia europaea,Tilia hybr. europaea,latin_regex,add hybrid marker,NA
b33f1191-b2f0-4a59-aa5f-3f33c12ba6e4,APPLIED_REGEX_RULE,traeart,Tilia europaea,Tilia hybr. europaea,latin_regex,add hybrid marker,NA
65437edb-93cd-42fc-a291-2c1970cef627,APPLIED_REGEX_RULE,traeart,Tilia europaea,Tilia hybr. europaea,latin_regex,add hybrid marker,NA
1a4ab7e6-20d3-413c-bf7c-8b093ba6b644,APPLIED_REGEX_RULE,traeart,Tilia europaea,Tilia hybr. europaea,latin_regex,add hybrid marker,NA
2522331f-d335-444e-b373-36e714bbc8a1,APPLIED_REGEX_RULE,traeart,Tilia europaea,Tilia hybr. europaea,latin_regex,add hybrid marker,NA
86423cf5-117e-46e5-96bd-2b65e295a8bf,APPLIED_REGEX_RULE,traeart,Tilia europaea,Tilia hybr. europaea,latin_regex,add hybrid marker,NA
f33682c0-f52b-4110-88d7-952e7e353b87,APPLIED_REGEX_RULE,traeart,Tilia europaea,Tilia hybr. europaea,latin_regex,add hybrid marker,NA
a17c983d-329e-4331-bb6e-9a68f0dd9a9a,APPLIED_REGEX_RULE,traeart,Tilia europaea,Tilia hybr. europaea,latin_regex,add hybrid marker,NA
4d034ada-7ae5-484d-a6cc-0c2f7166efbd,APPLIED_REGEX_RULE,traeart,Tilia europaea,Tilia hybr. europaea,latin_regex,add hybrid marker,NA
8773fdd4-7f9b-45ee-b3fc-635796f5651a,APPLIED_REGEX_RULE,traeart,Tilia europaea,Tilia hybr. europaea,latin_regex,add hybrid marker,NA
ea8b1fb7-6652-4913-b402-531db00b1766,APPLIED_REGEX_RULE,traeart,Tilia europaea,Tilia hybr. europaea,latin_regex,add hybrid marker,NA
175a5430-7b89-47ce-b731-bf07f2a3f4ac,APPLIED_REGEX_RULE,traeart,Tilia europaea,Tilia hybr. europaea,latin_regex,add hybrid marker,NA
b2a561a3-c59a-4073-a5e9-933b57d8aa95,APPLIED_REGEX_RULE,traeart,Tilia europaea,Tilia hybr. europaea,latin_regex,add hybrid marker,NA
45396c81-9750-4e81-9081-4401ceaeb77c,APPLIED_REGEX_RULE,traeart,Tilia europaea,Tilia hybr. europaea,latin_regex,add hybrid marker,NA
1f9917c9-ec96-4d9c-a76f-ffa724dcb8dc,APPLIED_REGEX_RULE,traeart,Tilia europaea,Tilia hybr. europaea,latin_regex,add hybrid marker,NA
61975d38-a49b-4f23-983d-9c55cafa26dc,APPLIED_REGEX_RULE,traeart,Tilia europaea,Tilia hybr. europaea,latin_regex,add hybrid marker,NA
c9e45dab-9d20-4ada-b6a4-3803eda7b43c,APPLIED_REGEX_RULE,traeart,Tilia europaea,Tilia hybr. europaea,latin_regex,add hybrid marker,NA
9c1798f6-e1bd-4ac7-b4d5-35ed2e5c1597,APPLIED_REGEX_RULE,traeart,Tilia europaea,Tilia hybr. europaea,latin_regex,add hybrid marker,NA
ec9e51e6-7530-4b04-8159-bc6bde2bd640,APPLIED_REGEX_RULE,traeart,Tilia europaea,Tilia hybr. europaea,latin_regex,add hybrid marker,NA
ee19a28a-15c3-4300-91c7-07ead9e9b41f,APPLIED_REGEX_RULE,traeart,Tilia europaea,Tilia hybr. europaea,latin_regex,add hybrid marker,NA
7f589a6f-fa09-46ce-bdbd-a98cf09f283b,APPLIED_REGEX_RULE,traeart,Tilia europaea,Tilia hybr. europaea,latin_regex,add hybrid marker,NA
0fbab824-ec52-4eca-907b-14694fcadb90,APPLIED_REGEX_RULE,traeart,Tilia europaea,Tilia hybr. europaea,latin_regex,add hybrid marker,NA
a52ebc98-233a-4b3c-ba8d-64461662d12a,APPLIED_REGEX_RULE,traeart,Tilia europaea,Tilia hybr. europaea,latin_regex,add hybrid marker,NA
e829189e-cb00-4661-83d9-03b6fb91f5e9,APPLIED_REGEX_RULE,traeart,Tilia europaea,Tilia hybr. europaea,latin_regex,add hybrid marker,NA
0a1ed2b8-46dd-4311-ba5d-b0a3c04d3cc3,APPLIED_REGEX_RULE,traeart,Tilia europaea,Tilia hybr. europaea,latin_regex,add hybrid marker,NA
ccd0b232-0bc6-4349-bc73-6f6098f87a66,APPLIED_REGEX_RULE,traeart,Tilia europaea,Tilia hybr. europaea,latin_regex,add hybrid marker,NA
c295b5ec-cd80-4f3c-b009-a06a6f767108,APPLIED_REGEX_RULE,traeart,Tilia europaea,Tilia hybr. europaea,latin_regex,add hybrid marker,NA
d4f9def5-57c8-4ea4-bb16-d864b76f2c9b,APPLIED_REGEX_RULE,traeart,Tilia europaea,Tilia hybr. europaea,latin_regex,add hybrid marker,NA
d00851ae-f7bc-4d50-9d95-ceceb423dccd,APPLIED_REGEX_RULE,traeart,Tilia europaea,Tilia hybr. europaea,latin_regex,add hybrid marker,NA
3e0b41da-ca9d-463a-a97f-9adb9ba83a08,APPLIED_REGEX_RULE,traeart,Tilia europaea,Tilia hybr. europaea,latin_regex,add hybrid marker,NA
ca116442-808c-4929-9b2d-8411bd3b192c,APPLIED_REGEX_RULE,traeart,Tilia europaea,Tilia hybr. europaea,latin_regex,add hybrid marker,NA
f290edab-1154-4459-9361-b2f768fe38fb,APPLIED_REGEX_RULE,traeart,Tilia europaea,Tilia hybr. europaea,latin_regex,add hybrid marker,NA
74a49a13-682f-41b3-9d9d-c3cfbc67eff4,APPLIED_REGEX_RULE,traeart,Tilia europaea,Tilia hybr. europaea,latin_regex,add hybrid marker,NA
22cddaaf-e2cb-4878-a086-11ba5d18e175,APPLIED_REGEX_RULE,traeart,Tilia europaea,Tilia hybr. europaea,latin_regex,add hybrid marker,NA
ff12c54c-8c02-47a1-97d5-605ec0a61c3c,APPLIED_REGEX_RULE,traeart,Tilia europaea,Tilia hybr. europaea,latin_regex,add hybrid marker,NA
102c9739-f603-45c2-9808-07bcb96bd211,APPLIED_REGEX_RULE,traeart,Tilia europaea,Tilia hybr. europaea,latin_regex,add hybrid marker,NA
84d688ad-a466-4868-85e5-3f036731110f,APPLIED_REGEX_RULE,traeart,Tilia europaea,Tilia hybr. europaea,latin_regex,add hybrid marker,NA
85aaf525-2627-42b9-97b8-397eba3053f9,APPLIED_REGEX_RULE,traeart,Tilia europaea,Tilia hybr. europaea,latin_regex,add hybrid marker,NA
d7c01b2d-9d15-4861-b3a8-644c1abc817d,APPLIED_REGEX_RULE,traeart,Tilia europaea,Tilia hybr. europaea,latin_regex,add hybrid marker,NA
0420c7e3-2981-472a-a6d2-f69d26a3c5d3,APPLIED_REGEX_RULE,traeart,Tilia europaea,Tilia hybr. europaea,latin_regex,add hybrid marker,NA
6ec37604-81f0-4633-ae36-20970f8c38e5,APPLIED_REGEX_RULE,traeart,Tilia europaea,Tilia hybr. europaea,latin_regex,add hybrid marker,NA
774241f2-1d5a-4858-a587-5a2fed55f541,APPLIED_REGEX_RULE,traeart,Tilia europaea,Tilia hybr. europaea,latin_regex,add hybrid marker,NA
8eb9f390-2951-4a46-9f3d-7fe8d0b50040,APPLIED_REGEX_RULE,traeart,Tilia europaea,Tilia hybr. europaea,latin_regex,add hybrid marker,NA
149a08e4-feac-4df9-ae1a-2dbba0776adc,APPLIED_REGEX_RULE,traeart,Tilia europaea,Tilia hybr. europaea,latin_regex,add hybrid marker,NA
22199afe-88ea-49e5-8d6f-b721c9243f28,APPLIED_REGEX_RULE,traeart,Tilia europaea,Tilia hybr. europaea,latin_regex,add hybrid marker,NA
35adf6bc-3cee-404b-b95c-0ac0dc2c2a62,APPLIED_REGEX_RULE,traeart,Tilia europaea,Tilia hybr. europaea,latin_regex,add hybrid marker,NA
e05180d0-759b-47bb-8c9f-1dbef3e62eef,APPLIED_REGEX_RULE,traeart,Tilia europaea,Tilia hybr. europaea,latin_regex,add hybrid marker,NA
b0d2bc22-e0b2-4690-a442-8da4b54db2be,APPLIED_REGEX_RULE,traeart,Tilia europaea,Tilia hybr. europaea,latin_regex,add hybrid marker,NA
a214525d-e986-4649-a6f3-b02991ef1471,APPLIED_REGEX_RULE,traeart,Tilia europaea,Tilia hybr. europaea,latin_regex,add hybrid marker,NA
8a97c980-02db-4273-99d7-86289b7d7f2f,APPLIED_REGEX_RULE,traeart,Tilia europaea,Tilia hybr. europaea,latin_regex,add hybrid marker,NA
235fa6c8-5742-4087-b0c6-458d5d0d30b1,APPLIED_REGEX_RULE,traeart,Tilia europaea,Tilia hybr. europaea,latin_regex,add hybrid marker,NA
9f20caeb-38be-4c01-9189-d3f1608077ac,APPLIED_REGEX_RULE,traeart,Tilia europaea,Tilia hybr. europaea,latin_regex,add hybrid marker,NA
a21d503c-75a3-4ec9-a5ff-c873c1aeb75e,APPLIED_REGEX_RULE,traeart,Tilia europaea,Tilia hybr. europaea,latin_regex,add hybrid marker,NA
1713c976-3498-4a9c-9d8f-92f8b5647355,APPLIED_REGEX_RULE,traeart,Tilia europaea,Tilia hybr. europaea,latin_regex,add hybrid marker,NA
bc2078b4-a729-4eb8-9233-e465fab26e4f,APPLIED_REGEX_RULE,traeart,Tilia europaea,Tilia hybr. europaea,latin_regex,add hybrid marker,NA
6ea168b3-18ae-4a88-bb66-592ed70147ac,APPLIED_REGEX_RULE,traeart,Tilia europaea,Tilia hybr. europaea,latin_regex,add hybrid marker,NA
b35c206e-9993-428b-8958-905f1d73da46,APPLIED_REGEX_RULE,traeart,Tilia europaea,Tilia hybr. europaea,latin_regex,add hybrid marker,NA
6f61f679-9be2-4c36-9dee-73e6c3649ee4,APPLIED_REGEX_RULE,traeart,Tilia europaea,Tilia hybr. europaea,latin_regex,add hybrid marker,NA
30d3c53e-4472-42b2-bf92-2858cbd0422e,APPLIED_REGEX_RULE,traeart,Tilia europaea,Tilia hybr. europaea,latin_regex,add hybrid marker,NA
2390a4c3-2be4-4ab2-82c9-fb980b3c1246,APPLIED_REGEX_RULE,traeart,Tilia europaea,Tilia hybr. europaea,latin_regex,add hybrid marker,NA
e87bc88e-3941-4d71-aa89-486f5aff8864,APPLIED_REGEX_RULE,traeart,Tilia europaea,Tilia hybr. europaea,latin_regex,add hybrid marker,NA
756dc674-ab39-45d3-9f86-a7ce1d7a70fd,APPLIED_REGEX_RULE,traeart,Tilia europaea,Tilia hybr. europaea,latin_regex,add hybrid marker,NA
db536564-72c9-41ef-ab86-335d8f45a827,APPLIED_REGEX_RULE,traeart,Tilia europaea,Tilia hybr. europaea,latin_regex,add hybrid marker,NA
43a0197a-94e1-4352-93b7-c435af95f48f,APPLIED_REGEX_RULE,traeart,Tilia europaea,Tilia hybr. europaea,latin_regex,add hybrid marker,NA
369c617f-f07d-4012-8d91-f58155180faa,APPLIED_REGEX_RULE,traeart,Tilia europaea,Tilia hybr. europaea,latin_regex,add hybrid marker,NA
49f33395-a8a5-4338-bfcb-99d7bde8da3b,APPLIED_REGEX_RULE,traeart,Tilia europaea,Tilia hybr. europaea,latin_regex,add hybrid marker,NA
255be29e-3c63-4c25-8626-9823e8045c3b,APPLIED_REGEX_RULE,traeart,Tilia europaea,Tilia hybr. europaea,latin_regex,add hybrid marker,NA
2dc0e578-98a0-4e16-8593-bf0c07a6b083,APPLIED_REGEX_RULE,traeart,Tilia europaea,Tilia hybr. europaea,latin_regex,add hybrid marker,NA
01635917-4e07-409c-ae94-ea4158e19096,APPLIED_REGEX_RULE,traeart,Tilia europaea,Tilia hybr. europaea,latin_regex,add hybrid marker,NA
6950aa2a-82ad-4ffd-8b6e-2f40b375e729,APPLIED_REGEX_RULE,traeart,Tilia europaea,Tilia hybr. europaea,latin_regex,add hybrid marker,NA
2b71529a-17fa-4e2a-9d44-956b0678973e,APPLIED_REGEX_RULE,traeart,Tilia europaea,Tilia hybr. europaea,latin_regex,add hybrid marker,NA
9c48b5ac-b1da-4f18-b887-4cd7827ecd3c,APPLIED_REGEX_RULE,traeart,Tilia europaea,Tilia hybr. europaea,latin_regex,add hybrid marker,NA
d08012fe-af67-483e-9ab6-cf95f0a9797f,APPLIED_REGEX_RULE,traeart,Tilia europaea,Tilia hybr. europaea,latin_regex,add hybrid marker,NA
ba65aad7-de51-4143-904e-5792f29cd1ad,APPLIED_REGEX_RULE,traeart,Tilia europaea,Tilia hybr. europaea,latin_regex,add hybrid marker,NA
fc120991-dbf5-425d-9c54-32eaaf7f9cf0,APPLIED_REGEX_RULE,traeart,Tilia europaea,Tilia hybr. europaea,latin_regex,add hybrid marker,NA
77190c9d-ceb9-473c-9c0d-80a517747c78,APPLIED_REGEX_RULE,traeart,Tilia europaea,Tilia hybr. europaea,latin_regex,add hybrid marker,NA
e26c2e07-26cd-4195-9964-80a1c02af2ad,APPLIED_REGEX_RULE,traeart,Tilia europaea,Tilia hybr. europaea,latin_regex,add hybrid marker,NA
1f19705f-37e7-4b92-9e08-75d8aea471e8,APPLIED_REGEX_RULE,traeart,Tilia europaea,Tilia hybr. europaea,latin_regex,add hybrid marker,NA
fdabb92e-e296-41b8-ba38-7caa23443dc3,APPLIED_REGEX_RULE,traeart,Tilia europaea,Tilia hybr. europaea,latin_regex,add hybrid marker,NA
65d9e56b-6124-4fcd-88cf-4ed5aff801bc,APPLIED_REGEX_RULE,traeart,Tilia europaea,Tilia hybr. europaea,latin_regex,add hybrid marker,NA
132d3116-17a2-43f5-9ede-cbe375aca16a,APPLIED_REGEX_RULE,traeart,Tilia europaea,Tilia hybr. europaea,latin_regex,add hybrid marker,NA
eaa4ce93-3f9f-4f3f-9d8b-4198f4e07aee,APPLIED_REGEX_RULE,traeart,Tilia europaea,Tilia hybr. europaea,latin_regex,add hybrid marker,NA
7b1e6b22-7eb3-4948-b323-8226ae674eda,APPLIED_REGEX_RULE,traeart,Tilia europaea,Tilia hybr. europaea,latin_regex,add hybrid marker,NA
1511553e-d819-43a9-a7f3-c604911c37bb,APPLIED_REGEX_RULE,traeart,Tilia europaea,Tilia hybr. europaea,latin_regex,add hybrid marker,NA
7eb7c9e0-0cfe-4064-a51f-83943aaf9e10,APPLIED_REGEX_RULE,traeart,Tilia europaea,Tilia hybr. europaea,latin_regex,add hybrid marker,NA
6ff1747d-f3b3-489b-97b8-3715112d6caf,APPLIED_REGEX_RULE,traeart,Tilia europaea,Tilia hybr. europaea,latin_regex,add hybrid marker,NA
822f2d09-c509-4f74-8ca7-19a5e9865df6,APPLIED_REGEX_RULE,traeart,Tilia europaea,Tilia hybr. europaea,latin_regex,add hybrid marker,NA
f1d9f9bd-45bf-41f1-a2fe-23fcad737de2,APPLIED_REGEX_RULE,traeart,Tilia europaea,Tilia hybr. europaea,latin_regex,add hybrid marker,NA
2194835d-0b28-41bd-8e44-de994cb4c8e9,APPLIED_REGEX_RULE,traeart,Tilia europaea,Tilia hybr. europaea,latin_regex,add hybrid marker,NA
126235b3-d242-46c3-bd93-f2533e551ffd,APPLIED_REGEX_RULE,traeart,Tilia europaea,Tilia hybr. europaea,latin_regex,add hybrid marker,NA
174f6aef-2a8c-408a-9a38-96bf41b1f65c,APPLIED_REGEX_RULE,traeart,Tilia europaea,Tilia hybr. europaea,latin_regex,add hybrid marker,NA
0209490c-c3a4-4c77-be59-6943dfd276e6,APPLIED_REGEX_RULE,traeart,Tilia europaea,Tilia hybr. europaea,latin_regex,add hybrid marker,NA
502fdf68-50fd-465f-968d-693f3c2078ac,APPLIED_REGEX_RULE,traeart,Tilia europaea,Tilia hybr. europaea,latin_regex,add hybrid marker,NA
21ec47db-5b2c-4575-825d-33359dc2bad3,APPLIED_REGEX_RULE,traeart,Tilia europaea,Tilia hybr. europaea,latin_regex,add hybrid marker,NA
b7071600-1412-47db-9aa8-c078e91f6831,APPLIED_REGEX_RULE,traeart,Tilia europaea,Tilia hybr. europaea,latin_regex,add hybrid marker,NA
44d61ae8-e1d2-4fd9-b76e-7c8736042a37,APPLIED_REGEX_RULE,traeart,Tilia europaea,Tilia hybr. europaea,latin_regex,add hybrid marker,NA
f5658bbb-604a-4665-b52b-6076ec0699f4,APPLIED_REGEX_RULE,traeart,Tilia europaea,Tilia hybr. europaea,latin_regex,add hybrid marker,NA
0b4f9eb4-c4a8-4790-a675-4fe6a5af0d33,APPLIED_REGEX_RULE,traeart,Tilia europaea,Tilia hybr. europaea,latin_regex,add hybrid marker,NA
b3d3989d-ef00-4f99-96b3-247d1d94d6d5,APPLIED_REGEX_RULE,traeart,Tilia europaea,Tilia hybr. europaea,latin_regex,add hybrid marker,NA
ad8d43a7-3f4e-4b53-a9f3-9be6224f532a,APPLIED_REGEX_RULE,traeart,Tilia europaea,Tilia hybr. europaea,latin_regex,add hybrid marker,NA
74cf2743-3d0f-418b-a35b-d4b56568abd9,APPLIED_REGEX_RULE,traeart,Tilia europaea,Tilia hybr. europaea,latin_regex,add hybrid marker,NA
d723fb21-e9e7-42b4-8559-96b2f7698050,APPLIED_REGEX_RULE,traeart,Tilia europaea,Tilia hybr. europaea,latin_regex,add hybrid marker,NA
6258314c-7712-44de-9466-843da4bdad64,APPLIED_REGEX_RULE,traeart,Tilia europaea,Tilia hybr. europaea,latin_regex,add hybrid marker,NA
b0ad1a71-fa13-422f-ba4a-477856956264,APPLIED_REGEX_RULE,traeart,Tilia europaea,Tilia hybr. europaea,latin_regex,add hybrid marker,NA
50526897-5a97-437a-8bb9-29c123b2949e,APPLIED_REGEX_RULE,traeart,Tilia europaea,Tilia hybr. europaea,latin_regex,add hybrid marker,NA
bff860cc-be66-42c0-9daf-84954cdc6831,APPLIED_REGEX_RULE,traeart,Tilia europaea,Tilia hybr. europaea,latin_regex,add hybrid marker,NA
00d257f4-16be-4b09-be57-ee54300f30fe,APPLIED_REGEX_RULE,traeart,Tilia europaea,Tilia hybr. europaea,latin_regex,add hybrid marker,NA
e47e5f8f-44ee-4ef9-9fa0-cc8e7c132822,APPLIED_REGEX_RULE,traeart,Tilia europaea,Tilia hybr. europaea,latin_regex,add hybrid marker,NA
8e643a75-1745-4d4c-9fe4-48814310a55f,APPLIED_REGEX_RULE,traeart,Tilia europaea,Tilia hybr. europaea,latin_regex,add hybrid marker,NA
62a4b8b0-d23f-450c-aa2e-59b074cec995,APPLIED_REGEX_RULE,traeart,Tilia europaea,Tilia hybr. europaea,latin_regex,add hybrid marker,NA
9e124411-03d1-4a4e-a99a-bc41d27d4ca3,APPLIED_REGEX_RULE,traeart,Tilia europaea,Tilia hybr. europaea,latin_regex,add hybrid marker,NA
5b4ab8fb-8969-4a59-b8f5-da5fd38900e2,APPLIED_REGEX_RULE,traeart,Tilia europaea,Tilia hybr. europaea,latin_regex,add hybrid marker,NA
f5339b52-f6b0-42b5-a430-c2ec4ac3331d,APPLIED_REGEX_RULE,traeart,Tilia europaea,Tilia hybr. europaea,latin_regex,add hybrid marker,NA
e6036318-30b8-44a6-aaca-fb505a76ae00,APPLIED_REGEX_RULE,traeart,Tilia europaea,Tilia hybr. europaea,latin_regex,add hybrid marker,NA
59f6bce5-f1d0-4265-be74-7b555ded8ac5,APPLIED_REGEX_RULE,traeart,Tilia europaea,Tilia hybr. europaea,latin_regex,add hybrid marker,NA
d6be651f-7479-4b8e-bc4b-c9a1907dd5cf,APPLIED_REGEX_RULE,traeart,Tilia europaea,Tilia hybr. europaea,latin_regex,add hybrid marker,NA
617a730b-cbd2-45c8-8606-a1cb24e7a366,APPLIED_REGEX_RULE,traeart,Tilia europaea,Tilia hybr. europaea,latin_regex,add hybrid marker,NA
e6e36bf0-e1a2-4513-b709-a02cf7333baf,APPLIED_REGEX_RULE,traeart,Tilia europaea,Tilia hybr. europaea,latin_regex,add hybrid marker,NA
c2542121-b5d2-4bbb-a960-a4bfda127dc2,APPLIED_REGEX_RULE,traeart,Tilia europaea,Tilia hybr. europaea,latin_regex,add hybrid marker,NA
77f5e2cc-f75b-48e2-9fcb-a1972d79b6fb,APPLIED_REGEX_RULE,traeart,Tilia europaea,Tilia hybr. europaea,latin_regex,add hybrid marker,NA
6b80236b-5521-47e1-83d5-43229f58872a,APPLIED_REGEX_RULE,traeart,Tilia europaea,Tilia hybr. europaea,latin_regex,add hybrid marker,NA
2fe4609a-5cc9-4b8c-b855-5776b6b3ae9f,APPLIED_REGEX_RULE,traeart,Tilia europaea,Tilia hybr. europaea,latin_regex,add hybrid marker,NA
a92dd330-499f-45e9-8b95-df4349a4ac2e,APPLIED_REGEX_RULE,traeart,Tilia europaea,Tilia hybr. europaea,latin_regex,add hybrid marker,NA
ffcf03f4-1c88-445d-8a71-db16e898d038,APPLIED_REGEX_RULE,traeart,Tilia europaea,Tilia hybr. europaea,latin_regex,add hybrid marker,NA
6ff7695a-51b7-400a-bb35-d1eba23f375a,APPLIED_REGEX_RULE,traeart,Tilia europaea,Tilia hybr. europaea,latin_regex,add hybrid marker,NA
42039d0d-2a61-4d5c-9220-8da7908d76b5,APPLIED_REGEX_RULE,traeart,Tilia europaea,Tilia hybr. europaea,latin_regex,add hybrid marker,NA
7e1335b1-3cc7-4db3-8da7-843332e16620,APPLIED_REGEX_RULE,traeart,Tilia europaea,Tilia hybr. europaea,latin_regex,add hybrid marker,NA
9cac744f-afb4-45c0-b4fd-b1c90f2ed136,APPLIED_REGEX_RULE,traeart,Tilia europaea,Tilia hybr. europaea,latin_regex,add hybrid marker,NA
6c9d3efc-3573-4d5b-82e0-fca8ef8b6f7e,APPLIED_REGEX_RULE,traeart,Tilia europaea,Tilia hybr. europaea,latin_regex,add hybrid marker,NA
0585730a-db7f-4333-acaa-3caeb27a4b72,APPLIED_REGEX_RULE,traeart,Tilia europaea,Tilia hybr. europaea,latin_regex,add hybrid marker,NA
61182fb1-7364-480b-baa3-6ae068945411,APPLIED_REGEX_RULE,traeart,Tilia europaea,Tilia hybr. europaea,latin_regex,add hybrid marker,NA
50268fbe-728a-4c0b-90a6-9e973f1c60e8,APPLIED_REGEX_RULE,traeart,Tilia europaea,Tilia hybr. europaea,latin_regex,add hybrid marker,NA
50cd9289-a0fe-4aa0-a566-b301e68fa45f,APPLIED_REGEX_RULE,traeart,Tilia europaea,Tilia hybr. europaea,latin_regex,add hybrid marker,NA
3a46577e-6c93-45fa-9245-fce305da56a2,APPLIED_REGEX_RULE,traeart,Tilia europaea,Tilia hybr. europaea,latin_regex,add hybrid marker,NA
49b6331f-4430-4d04-8037-2754c5c68090,APPLIED_REGEX_RULE,traeart,Tilia europaea,Tilia hybr. europaea,latin_regex,add hybrid marker,NA
e79a2358-db32-47ed-bf3c-3d14430f5c78,APPLIED_REGEX_RULE,traeart,Tilia europaea,Tilia hybr. europaea,latin_regex,add hybrid marker,NA
0b174cac-e934-4174-a6c9-e95f46b0090e,APPLIED_REGEX_RULE,traeart,Tilia europaea,Tilia hybr. europaea,latin_regex,add hybrid marker,NA
51471db6-ecb4-4002-be0d-6eaca297eaa5,APPLIED_REGEX_RULE,traeart,Tilia europaea,Tilia hybr. europaea,latin_regex,add hybrid marker,NA
4a8fede9-8914-4b8e-9396-0adc27003e22,APPLIED_REGEX_RULE,traeart,Tilia europaea,Tilia hybr. europaea,latin_regex,add hybrid marker,NA
250d1981-d6b4-4b95-bf39-d92c4aa6c2a6,APPLIED_REGEX_RULE,traeart,Tilia europaea,Tilia hybr. europaea,latin_regex,add hybrid marker,NA
51d9e2f4-2023-4aef-98aa-77d8782067d8,APPLIED_REGEX_RULE,traeart,Tilia europaea,Tilia hybr. europaea,latin_regex,add hybrid marker,NA
0299d7f2-fcd6-460f-b65b-5d3c14044163,APPLIED_REGEX_RULE,traeart,Tilia europaea,Tilia hybr. europaea,latin_regex,add hybrid marker,NA
8c9ed70a-7820-419e-a356-27de9e6311ba,APPLIED_REGEX_RULE,traeart,Tilia europaea,Tilia hybr. europaea,latin_regex,add hybrid marker,NA
4931441e-59f8-43b6-a370-047660741c35,APPLIED_REGEX_RULE,traeart,Tilia europaea,Tilia hybr. europaea,latin_regex,add hybrid marker,NA
dcec9c29-5d1c-4ba2-aa34-050c255c41ce,APPLIED_REGEX_RULE,traeart,Tilia europaea,Tilia hybr. europaea,latin_regex,add hybrid marker,NA
44b111ee-c216-49dc-bf6b-5cb1759ef588,APPLIED_REGEX_RULE,traeart,Tilia europaea,Tilia hybr. europaea,latin_regex,add hybrid marker,NA
be20b9d8-d330-41c0-be18-348e9616b0aa,APPLIED_REGEX_RULE,traeart,Tilia europaea,Tilia hybr. europaea,latin_regex,add hybrid marker,NA
20e0290b-818e-4a81-a721-cfb621b9a19c,APPLIED_REGEX_RULE,traeart,Tilia europaea,Tilia hybr. europaea,latin_regex,add hybrid marker,NA
4f517d3a-243c-4fb3-a060-f6730c5397a3,APPLIED_REGEX_RULE,traeart,Tilia europaea,Tilia hybr. europaea,latin_regex,add hybrid marker,NA
c1939132-34a4-40f1-8537-fc79d224e265,APPLIED_REGEX_RULE,traeart,Tilia europaea,Tilia hybr. europaea,latin_regex,add hybrid marker,NA
d7ed2ca0-54fc-4926-835f-1617eb0548b3,APPLIED_REGEX_RULE,traeart,Tilia europaea,Tilia hybr. europaea,latin_regex,add hybrid marker,NA
0676eb64-bc7d-4238-ae7a-85e0a909e673,APPLIED_REGEX_RULE,traeart,Tilia europaea,Tilia hybr. europaea,latin_regex,add hybrid marker,NA
a31f84ed-6d1a-4353-b671-72fcacbf1b6b,APPLIED_REGEX_RULE,traeart,Tilia europaea,Tilia hybr. europaea,latin_regex,add hybrid marker,NA
829769d0-de6f-4970-beac-677a7e498eef,APPLIED_REGEX_RULE,traeart,Tilia europaea,Tilia hybr. europaea,latin_regex,add hybrid marker,NA
685f9a3b-2cd3-426e-9901-7e776eb2bff7,APPLIED_REGEX_RULE,traeart,Tilia europaea,Tilia hybr. europaea,latin_regex,add hybrid marker,NA
7659db87-acc3-4015-bc52-729685297f93,APPLIED_REGEX_RULE,traeart,Tilia europaea,Tilia hybr. europaea,latin_regex,add hybrid marker,NA
372e1877-5d7d-412f-a62e-5b063637bd8f,APPLIED_REGEX_RULE,traeart,Tilia europaea,Tilia hybr. europaea,latin_regex,add hybrid marker,NA
c0dab9e6-cf01-490a-9216-baff1ed942c5,APPLIED_REGEX_RULE,traeart,Tilia europaea,Tilia hybr. europaea,latin_regex,add hybrid marker,NA
eabab457-dbeb-4b40-9500-6e2572bef880,APPLIED_REGEX_RULE,traeart,Tilia europaea,Tilia hybr. europaea,latin_regex,add hybrid marker,NA
23acf819-f2b6-4bf0-812c-cf9bea601ae5,APPLIED_REGEX_RULE,traeart,Tilia europaea,Tilia hybr. europaea,latin_regex,add hybrid marker,NA
69b6d450-fffb-4e5b-81f8-d6518588aaeb,APPLIED_REGEX_RULE,traeart,Tilia europaea,Tilia hybr. europaea,latin_regex,add hybrid marker,NA
ff873ae8-f967-4453-b417-8b51d587b177,APPLIED_REGEX_RULE,traeart,Tilia europaea,Tilia hybr. europaea,latin_regex,add hybrid marker,NA
753fd320-d90b-4622-bc02-2914dd32b668,APPLIED_REGEX_RULE,traeart,Tilia europaea,Tilia hybr. europaea,latin_regex,add hybrid marker,NA
7702e588-9b5b-47e6-8819-377fd1e064c2,APPLIED_REGEX_RULE,traeart,Tilia europaea,Tilia hybr. europaea,latin_regex,add hybrid marker,NA
d06278da-9d2b-4ddb-b0fd-92964e03c09c,APPLIED_REGEX_RULE,traeart,Tilia europaea,Tilia hybr. europaea,latin_regex,add hybrid marker,NA
ffe6312e-3445-49ad-9251-38a09b650d1f,APPLIED_REGEX_RULE,traeart,Tilia europaea,Tilia hybr. europaea,latin_regex,add hybrid marker,NA
ddd38080-78ed-40cb-90d8-bc20bdd4f72f,APPLIED_REGEX_RULE,traeart,Tilia europaea,Tilia hybr. europaea,latin_regex,add hybrid marker,NA
6e980974-0f8e-442a-b305-f15f2c0531cd,APPLIED_REGEX_RULE,traeart,Tilia europaea,Tilia hybr. europaea,latin_regex,add hybrid marker,NA
72bea679-e3f6-4780-bc4a-806462d91d91,APPLIED_REGEX_RULE,traeart,Tilia europaea,Tilia hybr. europaea,latin_regex,add hybrid marker,NA
dd680d25-1e4e-4d92-892b-8007dbce2b6b,APPLIED_REGEX_RULE,traeart,Tilia europaea,Tilia hybr. europaea,latin_regex,add hybrid marker,NA
8d718d6e-139b-417f-9176-d0ad75ac6d1b,APPLIED_REGEX_RULE,traeart,Tilia europaea,Tilia hybr. europaea,latin_regex,add hybrid marker,NA
edb6162d-514a-4e9b-a9e7-8e8689043a6c,APPLIED_REGEX_RULE,traeart,Tilia europaea,Tilia hybr. europaea,latin_regex,add hybrid marker,NA
19f55d11-37d1-4bbe-ba54-0ff48bd12505,APPLIED_REGEX_RULE,traeart,Tilia europaea,Tilia hybr. europaea,latin_regex,add hybrid marker,NA
3eb37aba-5c2b-4c1a-a307-d5b06103e78e,APPLIED_REGEX_RULE,traeart,Tilia europaea,Tilia hybr. europaea,latin_regex,add hybrid marker,NA
f98a97e5-aff6-447d-884d-d9277a314167,APPLIED_REGEX_RULE,traeart,Tilia europaea,Tilia hybr. europaea,latin_regex,add hybrid marker,NA
764e583c-6c05-44a1-8d11-63fc92be2853,APPLIED_REGEX_RULE,traeart,Tilia europaea,Tilia hybr. europaea,latin_regex,add hybrid marker,NA
02af5a6a-b990-40cc-9f09-72cc6f24bef2,APPLIED_REGEX_RULE,traeart,Tilia europaea,Tilia hybr. europaea,latin_regex,add hybrid marker,NA
57682468-d0b7-43b5-88d8-47051383f0fd,APPLIED_REGEX_RULE,traeart,Tilia europaea,Tilia hybr. europaea,latin_regex,add hybrid marker,NA
908d7a17-23e3-45ed-876e-9f53bd5996d9,APPLIED_REGEX_RULE,traeart,Tilia europaea,Tilia hybr. europaea,latin_regex,add hybrid marker,NA
abd86983-8aac-4f95-a2bb-89300c5dd317,APPLIED_REGEX_RULE,traeart,Tilia europaea,Tilia hybr. europaea,latin_regex,add hybrid marker,NA
5e06ed3a-2ef1-4048-94e2-a8b95b39876b,APPLIED_REGEX_RULE,traeart,Tilia europaea,Tilia hybr. europaea,latin_regex,add hybrid marker,NA
13f04598-dc3a-4ccc-b76c-911bbff5f926,APPLIED_REGEX_RULE,traeart,Tilia europaea,Tilia hybr. europaea,latin_regex,add hybrid marker,NA
f8a77ca1-6b0c-426f-a934-2e3605ec0ddf,APPLIED_REGEX_RULE,traeart,Tilia europaea,Tilia hybr. europaea,latin_regex,add hybrid marker,NA
a18f9c74-b7e7-4e25-9e14-780975d399bb,APPLIED_REGEX_RULE,traeart,Tilia europaea,Tilia hybr. europaea,latin_regex,add hybrid marker,NA
c1a6f0f8-6332-4680-a941-850f55a99d18,APPLIED_REGEX_RULE,traeart,Tilia europaea,Tilia hybr. europaea,latin_regex,add hybrid marker,NA
2a5ae0bb-202f-42c9-8931-3c4151bd6960,APPLIED_REGEX_RULE,traeart,Tilia europaea,Tilia hybr. europaea,latin_regex,add hybrid marker,NA
d52df536-a633-41fb-a9d9-ce928144a66f,APPLIED_REGEX_RULE,traeart,Tilia europaea,Tilia hybr. europaea,latin_regex,add hybrid marker,NA
8cf6833a-bd34-4a32-a53c-8f1057d311b0,APPLIED_REGEX_RULE,traeart,Tilia europaea,Tilia hybr. europaea,latin_regex,add hybrid marker,NA
3a44b57a-dc6d-47ab-a1f6-6b8c3ef3c991,APPLIED_REGEX_RULE,traeart,Tilia europaea,Tilia hybr. europaea,latin_regex,add hybrid marker,NA
ac2453ca-c5fd-4232-88fc-7f85cef6b47f,APPLIED_REGEX_RULE,traeart,Tilia europaea,Tilia hybr. europaea,latin_regex,add hybrid marker,NA
c7a6f2ad-a897-42c7-b837-c9777fee7668,APPLIED_REGEX_RULE,traeart,Tilia europaea,Tilia hybr. europaea,latin_regex,add hybrid marker,NA
13d309df-59a6-4624-a5da-f7ac3dacaf56,APPLIED_REGEX_RULE,traeart,Tilia europaea,Tilia hybr. europaea,latin_regex,add hybrid marker,NA
8c947612-ab14-414c-b93c-aa36fb1ff4d8,APPLIED_REGEX_RULE,traeart,Tilia europaea,Tilia hybr. europaea,latin_regex,add hybrid marker,NA
eaedcf0f-d2bf-4051-834d-dac14905fff6,APPLIED_REGEX_RULE,traeart,Tilia europaea,Tilia hybr. europaea,latin_regex,add hybrid marker,NA
c83ac39f-c9ee-4360-a9c3-3609f6ff4801,APPLIED_REGEX_RULE,traeart,Tilia europaea,Tilia hybr. europaea,latin_regex,add hybrid marker,NA
96de589a-e002-4e1d-863e-0e4706edb648,APPLIED_REGEX_RULE,traeart,Tilia europaea,Tilia hybr. europaea,latin_regex,add hybrid marker,NA
a63722d1-e516-418e-aa59-cf2da0b93e0b,APPLIED_REGEX_RULE,traeart,Tilia europaea,Tilia hybr. europaea,latin_regex,add hybrid marker,NA
7d861841-c821-473b-941d-97d4e890b176,APPLIED_REGEX_RULE,traeart,Tilia europaea,Tilia hybr. europaea,latin_regex,add hybrid marker,NA
2269a0f0-504a-43e7-ae77-09f7d569fc07,APPLIED_REGEX_RULE,traeart,Tilia europaea,Tilia hybr. europaea,latin_regex,add hybrid marker,NA
fcd6543d-f308-4cf5-9cc7-518bb8424c02,APPLIED_REGEX_RULE,traeart,Tilia europaea,Tilia hybr. europaea,latin_regex,add hybrid marker,NA
48f959d4-4f62-4242-a897-ba3446ecfc50,APPLIED_REGEX_RULE,traeart,Tilia europaea,Tilia hybr. europaea,latin_regex,add hybrid marker,NA
31c1ce59-6408-4100-9cec-1a14d24e5379,APPLIED_REGEX_RULE,traeart,Tilia europaea,Tilia hybr. europaea,latin_regex,add hybrid marker,NA
033260f3-be4c-47a4-9d32-68f0d16849b8,APPLIED_REGEX_RULE,traeart,Tilia europaea,Tilia hybr. europaea,latin_regex,add hybrid marker,NA
1b8d52c0-b6ee-48d2-b99c-24d50bcb5a19,APPLIED_REGEX_RULE,traeart,Tilia europaea,Tilia hybr. europaea,latin_regex,add hybrid marker,NA
33b6b8a1-4126-497a-9bfd-48ad3cde1b9d,APPLIED_REGEX_RULE,traeart,Tilia europaea,Tilia hybr. europaea,latin_regex,add hybrid marker,NA
f916f197-f215-4b45-9f32-9c0f0d8a843f,APPLIED_REGEX_RULE,traeart,Tilia europaea,Tilia hybr. europaea,latin_regex,add hybrid marker,NA
b463253c-912e-42bd-a4ed-013cf808f8d0,APPLIED_REGEX_RULE,traeart,Tilia europaea,Tilia hybr. europaea,latin_regex,add hybrid marker,NA
f47b1557-b426-46bf-8efb-2e822c141584,APPLIED_REGEX_RULE,traeart,Tilia europaea,Tilia hybr. europaea,latin_regex,add hybrid marker,NA
b662c2ce-0479-4c0b-8db7-0782720f88ba,APPLIED_REGEX_RULE,traeart,Tilia europaea,Tilia hybr. europaea,latin_regex,add hybrid marker,NA
fe773ed5-6e23-489b-bbba-5669de76d1aa,APPLIED_REGEX_RULE,traeart,Tilia europaea,Tilia hybr. europaea,latin_regex,add hybrid marker,NA
7a139836-fa8f-46fe-89db-4fcedb4c6649,APPLIED_REGEX_RULE,traeart,Tilia europaea,Tilia hybr. europaea,latin_regex,add hybrid marker,NA
e05604ca-458f-4a46-b984-b36a7ce0fa25,APPLIED_REGEX_RULE,traeart,Tilia europaea,Tilia hybr. europaea,latin_regex,add hybrid marker,NA
c052770a-3efe-4144-935c-f61e7f2e1269,APPLIED_REGEX_RULE,traeart,Tilia europaea,Tilia hybr. europaea,latin_regex,add hybrid marker,NA
0fc40bf0-0c8a-4470-bf55-f10ffc08be4a,APPLIED_REGEX_RULE,traeart,Tilia europaea,Tilia hybr. europaea,latin_regex,add hybrid marker,NA
4739ce16-4ac0-43d6-b9f9-d2d032d5a6e0,APPLIED_REGEX_RULE,traeart,Tilia europaea,Tilia hybr. europaea,latin_regex,add hybrid marker,NA
0491649b-c96f-41ae-a889-f36cd9adff8c,APPLIED_REGEX_RULE,traeart,Tilia europaea,Tilia hybr. europaea,latin_regex,add hybrid marker,NA
3884f5a4-bf18-4ac7-9a6f-c2a31d901363,APPLIED_REGEX_RULE,traeart,Tilia europaea,Tilia hybr. europaea,latin_regex,add hybrid marker,NA
137df9c0-cae2-4136-9b29-e187b76e7414,APPLIED_REGEX_RULE,traeart,Tilia europaea,Tilia hybr. europaea,latin_regex,add hybrid marker,NA
7e1a0ebd-5a1f-46d8-9970-1cd06d5c08ee,APPLIED_REGEX_RULE,traeart,Tilia europaea,Tilia hybr. europaea,latin_regex,add hybrid marker,NA
6f2544f5-17e0-4465-ad81-ab490efd60f9,APPLIED_REGEX_RULE,traeart,Tilia europaea,Tilia hybr. europaea,latin_regex,add hybrid marker,NA
172a96b9-109a-40f9-bb11-c914e24183c3,APPLIED_REGEX_RULE,traeart,Tilia europaea,Tilia hybr. europaea,latin_regex,add hybrid marker,NA
fba2fcf9-eb10-4aa6-a52d-b1774dcf4645,APPLIED_REGEX_RULE,traeart,Tilia europaea,Tilia hybr. europaea,latin_regex,add hybrid marker,NA
30242c3d-9fe5-40d7-98d4-d14033fa1712,APPLIED_REGEX_RULE,traeart,Tilia europaea,Tilia hybr. europaea,latin_regex,add hybrid marker,NA
b5955716-af4a-4d44-8c12-d6fbcea2c679,APPLIED_REGEX_RULE,traeart,Tilia europaea,Tilia hybr. europaea,latin_regex,add hybrid marker,NA
7698e2ad-5464-4378-a961-7a848ed30d4b,APPLIED_REGEX_RULE,traeart,Tilia europaea,Tilia hybr. europaea,latin_regex,add hybrid marker,NA
8cf7007f-3ef0-49bc-96d2-f0ea2146a096,APPLIED_REGEX_RULE,traeart,Tilia europaea,Tilia hybr. europaea,latin_regex,add hybrid marker,NA
835ea99d-b535-45b4-b413-1f07261e2d47,APPLIED_REGEX_RULE,traeart,Tilia europaea,Tilia hybr. europaea,latin_regex,add hybrid marker,NA
6bc83b5d-c033-4a17-86d5-8462b6cfd19d,APPLIED_REGEX_RULE,traeart,Tilia europaea,Tilia hybr. europaea,latin_regex,add hybrid marker,NA
1e1b20ac-2aa0-4f86-a088-21ef59392387,APPLIED_REGEX_RULE,traeart,Tilia europaea,Tilia hybr. europaea,latin_regex,add hybrid marker,NA
e3a3b1c1-517b-4b7e-a306-82a5919d5fa7,APPLIED_REGEX_RULE,traeart,Tilia europaea,Tilia hybr. europaea,latin_regex,add hybrid marker,NA
e00013cb-f172-416c-a2b1-a79de31a84ec,APPLIED_REGEX_RULE,traeart,Tilia europaea,Tilia hybr. europaea,latin_regex,add hybrid marker,NA
42d8e566-6b83-41a6-aafa-858db2327cad,APPLIED_REGEX_RULE,traeart,Tilia europaea,Tilia hybr. europaea,latin_regex,add hybrid marker,NA
717bb71b-82d9-4da0-b665-091c7a753cd4,APPLIED_REGEX_RULE,traeart,Tilia europaea,Tilia hybr. europaea,latin_regex,add hybrid marker,NA
aa4dac14-03f9-4cf0-a185-6c871256870a,APPLIED_REGEX_RULE,traeart,Tilia europaea,Tilia hybr. europaea,latin_regex,add hybrid marker,NA
87f0f867-9b79-4294-b374-6b5a7a405880,APPLIED_REGEX_RULE,traeart,Tilia europaea,Tilia hybr. europaea,latin_regex,add hybrid marker,NA
cbbdda16-2b12-4b0c-8ba4-55231c91993e,APPLIED_REGEX_RULE,traeart,Tilia europaea,Tilia hybr. europaea,latin_regex,add hybrid marker,NA
ad82072a-896d-41ab-8cb3-1a208e31058b,APPLIED_REGEX_RULE,traeart,Tilia europaea,Tilia hybr. europaea,latin_regex,add hybrid marker,NA
24f8248b-8f3d-4091-9d63-da6bdc9d4698,APPLIED_REGEX_RULE,traeart,Tilia europaea,Tilia hybr. europaea,latin_regex,add hybrid marker,NA
a7e2bfcc-72cd-423e-b6a6-bf8f2bd2c89e,APPLIED_REGEX_RULE,traeart,Tilia europaea,Tilia hybr. europaea,latin_regex,add hybrid marker,NA
94fa9101-e532-4785-9cdd-e2cafab83b26,APPLIED_REGEX_RULE,traeart,Tilia europaea,Tilia hybr. europaea,latin_regex,add hybrid marker,NA
dcae55ec-30e9-4739-98aa-2c32055f95b2,APPLIED_REGEX_RULE,traeart,Tilia europaea,Tilia hybr. europaea,latin_regex,add hybrid marker,NA
864cd875-33f2-421a-bbc7-4b1e4e5a0a1f,APPLIED_REGEX_RULE,traeart,Tilia europaea,Tilia hybr. europaea,latin_regex,add hybrid marker,NA
0ea981c4-f367-4938-847e-7971fb0542d1,APPLIED_REGEX_RULE,traeart,Tilia europaea,Tilia hybr. europaea,latin_regex,add hybrid marker,NA
30753d49-683f-4e6d-8e22-4f16f7c1137d,APPLIED_REGEX_RULE,traeart,Tilia europaea,Tilia hybr. europaea,latin_regex,add hybrid marker,NA
b0d61b0d-99fd-4c92-b7ac-5a872312c998,APPLIED_REGEX_RULE,traeart,Tilia europaea,Tilia hybr. europaea,latin_regex,add hybrid marker,NA
84123214-ece7-4e3c-b486-d40fc7e711ac,APPLIED_REGEX_RULE,traeart,Tilia europaea,Tilia hybr. europaea,latin_regex,add hybrid marker,NA
775b4d1a-2ad3-4a78-b3bd-458540c65f7c,APPLIED_REGEX_RULE,traeart,Tilia europaea,Tilia hybr. europaea,latin_regex,add hybrid marker,NA
86af4647-f17b-466a-b4d1-83e206e02992,APPLIED_REGEX_RULE,traeart,Tilia europaea,Tilia hybr. europaea,latin_regex,add hybrid marker,NA
ad8260e6-d24b-40c3-be4c-b0d0bedc4d9a,APPLIED_REGEX_RULE,traeart,Tilia europaea,Tilia hybr. europaea,latin_regex,add hybrid marker,NA
5cd21b88-01d1-41cf-9b44-c1c834432bc5,APPLIED_REGEX_RULE,traeart,Tilia europaea,Tilia hybr. europaea,latin_regex,add hybrid marker,NA
d736ca62-4924-4613-844e-620e41310995,APPLIED_REGEX_RULE,traeart,Tilia europaea,Tilia hybr. europaea,latin_regex,add hybrid marker,NA
b6ed3680-0033-4be5-8799-883059fc38c6,APPLIED_REGEX_RULE,traeart,Tilia europaea,Tilia hybr. europaea,latin_regex,add hybrid marker,NA
595b4af1-e378-4426-9a45-ea42074cb36b,APPLIED_REGEX_RULE,traeart,Tilia europaea,Tilia hybr. europaea,latin_regex,add hybrid marker,NA
e0b794d7-515d-4af6-8409-3d0891a9052c,APPLIED_REGEX_RULE,traeart,Tilia europaea,Tilia hybr. europaea,latin_regex,add hybrid marker,NA
7de7e428-dc73-4251-a207-e2afa7719765,APPLIED_REGEX_RULE,traeart,Tilia europaea,Tilia hybr. europaea,latin_regex,add hybrid marker,NA
d87d3ec9-3347-4c16-bae7-73d1e745a694,APPLIED_REGEX_RULE,traeart,Tilia europaea,Tilia hybr. europaea,latin_regex,add hybrid marker,NA
57525919-ec5e-443e-ab3b-1b9419f27225,APPLIED_REGEX_RULE,traeart,Tilia europaea,Tilia hybr. europaea,latin_regex,add hybrid marker,NA
ba36e382-da9b-46cc-af13-a3e9f9b2f714,APPLIED_REGEX_RULE,traeart,Tilia europaea,Tilia hybr. europaea,latin_regex,add hybrid marker,NA
e1ca574d-de66-4c22-8cbe-9c67f11706d1,APPLIED_REGEX_RULE,traeart,Tilia europaea,Tilia hybr. europaea,latin_regex,add hybrid marker,NA
0924d1b5-8583-4b4a-8b54-c3bf63c7e847,APPLIED_REGEX_RULE,traeart,Tilia europaea,Tilia hybr. europaea,latin_regex,add hybrid marker,NA
4a98455e-cbac-4aaa-9d34-42502524f175,APPLIED_REGEX_RULE,traeart,Tilia europaea,Tilia hybr. europaea,latin_regex,add hybrid marker,NA
d9b722eb-3209-435c-8129-2977f50c81dc,APPLIED_REGEX_RULE,traeart,Tilia europaea,Tilia hybr. europaea,latin_regex,add hybrid marker,NA
30415fc7-138f-4180-9df1-fc5983df945a,APPLIED_REGEX_RULE,traeart,Tilia europaea,Tilia hybr. europaea,latin_regex,add hybrid marker,NA
848962b3-01c2-455c-bcb3-f06ec1fd0686,APPLIED_REGEX_RULE,traeart,Tilia europaea,Tilia hybr. europaea,latin_regex,add hybrid marker,NA
9e838dca-a143-4730-a678-bcaa8c868d3e,APPLIED_REGEX_RULE,traeart,Tilia europaea,Tilia hybr. europaea,latin_regex,add hybrid marker,NA
3f0afa2a-ce49-494e-a0c7-16b3989c1e58,APPLIED_REGEX_RULE,traeart,Tilia europaea,Tilia hybr. europaea,latin_regex,add hybrid marker,NA
370190fa-125f-41e8-b49e-b1d17264157a,APPLIED_REGEX_RULE,traeart,Tilia europaea,Tilia hybr. europaea,latin_regex,add hybrid marker,NA
261dd8a6-a551-4887-9dec-ad8e3d380d40,APPLIED_REGEX_RULE,traeart,Tilia europaea,Tilia hybr. europaea,latin_regex,add hybrid marker,NA
1b5763b9-d17e-4356-bbad-2bc6bf22a4e6,APPLIED_REGEX_RULE,traeart,Tilia europaea,Tilia hybr. europaea,latin_regex,add hybrid marker,NA
ff6ceffa-e96f-4694-a210-d97b59bde6d5,APPLIED_REGEX_RULE,traeart,Tilia europaea,Tilia hybr. europaea,latin_regex,add hybrid marker,NA
19beea27-c017-4db3-ab91-cc1a3ae728dc,APPLIED_REGEX_RULE,traeart,Tilia europaea,Tilia hybr. europaea,latin_regex,add hybrid marker,NA
a9f7f9a6-37ef-40c5-b752-a0141278ac07,APPLIED_REGEX_RULE,traeart,Tilia europaea,Tilia hybr. europaea,latin_regex,add hybrid marker,NA
939263e8-bb95-423e-b5eb-25aa4e62d68d,APPLIED_REGEX_RULE,traeart,Tilia europaea,Tilia hybr. europaea,latin_regex,add hybrid marker,NA
47c0a036-e9a1-438c-bac0-fbe1f68b30d4,APPLIED_REGEX_RULE,traeart,Tilia europaea,Tilia hybr. europaea,latin_regex,add hybrid marker,NA
cb35bbd6-b73d-4934-b378-35475c4b7ad1,APPLIED_REGEX_RULE,traeart,Tilia europaea,Tilia hybr. europaea,latin_regex,add hybrid marker,NA
97f1b110-5dd4-4570-a713-715b102e4835,APPLIED_REGEX_RULE,traeart,Tilia europaea,Tilia hybr. europaea,latin_regex,add hybrid marker,NA
9b97329b-d9f9-4264-8d21-4113b19206ea,APPLIED_REGEX_RULE,traeart,Tilia europaea,Tilia hybr. europaea,latin_regex,add hybrid marker,NA
4586a4ff-22fd-414e-b69c-25f945b3329f,APPLIED_REGEX_RULE,traeart,Tilia europaea,Tilia hybr. europaea,latin_regex,add hybrid marker,NA
04fa2c41-119c-44c1-b300-bb4cf72903b7,APPLIED_REGEX_RULE,traeart,Tilia europaea,Tilia hybr. europaea,latin_regex,add hybrid marker,NA
5b44743b-945e-46db-87f7-8d835fe37d4a,APPLIED_REGEX_RULE,traeart,Tilia europaea,Tilia hybr. europaea,latin_regex,add hybrid marker,NA
3ffc8f2c-c6c8-4e33-ae03-76cc615ca45a,APPLIED_REGEX_RULE,traeart,Tilia europaea,Tilia hybr. europaea,latin_regex,add hybrid marker,NA
47b716ee-ff17-43b5-b9ea-0ff4299dbda5,APPLIED_REGEX_RULE,traeart,Tilia europaea,Tilia hybr. europaea,latin_regex,add hybrid marker,NA
8fcc72ac-8b03-4335-a92b-626389ac5261,APPLIED_REGEX_RULE,traeart,Tilia europaea,Tilia hybr. europaea,latin_regex,add hybrid marker,NA
b6d3c52a-84f0-48aa-84b0-fd0e9c7440f6,APPLIED_REGEX_RULE,traeart,Tilia europaea,Tilia hybr. europaea,latin_regex,add hybrid marker,NA
ad84b7b5-d5d9-473c-a9d2-2b1c783b8ff6,APPLIED_REGEX_RULE,traeart,Tilia europaea,Tilia hybr. europaea,latin_regex,add hybrid marker,NA
dcdf3357-ceeb-42ef-b209-7379c74cf9c5,APPLIED_REGEX_RULE,traeart,Tilia europaea,Tilia hybr. europaea,latin_regex,add hybrid marker,NA
94250e4e-a20c-49d6-a6b1-2499c305c538,APPLIED_REGEX_RULE,traeart,Tilia europaea,Tilia hybr. europaea,latin_regex,add hybrid marker,NA
574188be-5b73-4118-9854-7b7846e0a8fa,APPLIED_REGEX_RULE,traeart,Tilia europaea,Tilia hybr. europaea,latin_regex,add hybrid marker,NA
399f9103-fed5-42b3-88bf-b4d69fe868ff,APPLIED_REGEX_RULE,traeart,Tilia europaea,Tilia hybr. europaea,latin_regex,add hybrid marker,NA
2f1ee3cf-2c98-4783-9362-d33271829a88,APPLIED_REGEX_RULE,traeart,Tilia europaea,Tilia hybr. europaea,latin_regex,add hybrid marker,NA
7da61e8f-9eb8-4c7a-89a7-d18ea5102529,APPLIED_REGEX_RULE,traeart,Tilia europaea,Tilia hybr. europaea,latin_regex,add hybrid marker,NA
b0d0bbd9-28aa-4f18-87cc-1afa11ff9a21,APPLIED_REGEX_RULE,traeart,Tilia europaea,Tilia hybr. europaea,latin_regex,add hybrid marker,NA
cadabf14-bf47-433b-b3d9-e51c346d9023,APPLIED_REGEX_RULE,traeart,Tilia europaea,Tilia hybr. europaea,latin_regex,add hybrid marker,NA
b35ec43c-b3d3-40af-ba2b-2cb79f7b0e48,APPLIED_REGEX_RULE,traeart,Tilia europaea,Tilia hybr. europaea,latin_regex,add hybrid marker,NA
a0edcd22-f319-4696-8b84-55d5815d4dcb,APPLIED_REGEX_RULE,traeart,Tilia europaea,Tilia hybr. europaea,latin_regex,add hybrid marker,NA
364f63da-b26b-4fc5-9587-8d09d4ee766d,APPLIED_REGEX_RULE,traeart,Tilia europaea,Tilia hybr. europaea,latin_regex,add hybrid marker,NA
84e05013-7669-4c96-9bf4-05f0c7c1fc4d,APPLIED_REGEX_RULE,traeart,Tilia europaea,Tilia hybr. europaea,latin_regex,add hybrid marker,NA
58d11d11-aaf2-44b4-a6e1-383123ed4672,APPLIED_REGEX_RULE,traeart,Tilia europaea,Tilia hybr. europaea,latin_regex,add hybrid marker,NA
a7943cf3-58cc-4083-9544-42ea215f2daa,APPLIED_REGEX_RULE,traeart,Tilia europaea,Tilia hybr. europaea,latin_regex,add hybrid marker,NA
8b172943-328c-4ab6-911b-639873f4f249,APPLIED_REGEX_RULE,traeart,Tilia europaea,Tilia hybr. europaea,latin_regex,add hybrid marker,NA
6f97ec07-f679-4fc7-adee-7c6d457deea0,APPLIED_REGEX_RULE,traeart,Tilia europaea,Tilia hybr. europaea,latin_regex,add hybrid marker,NA
fd68b273-f9f4-4b1b-8da1-3500263cd7c5,APPLIED_REGEX_RULE,traeart,Tilia europaea,Tilia hybr. europaea,latin_regex,add hybrid marker,NA
fbc85b04-e107-49cf-a307-d8ec2b973c5c,APPLIED_REGEX_RULE,traeart,Tilia europaea,Tilia hybr. europaea,latin_regex,add hybrid marker,NA
8010d973-3827-4976-91e3-9512ed4016e7,APPLIED_REGEX_RULE,traeart,Tilia europaea,Tilia hybr. europaea,latin_regex,add hybrid marker,NA
6ee17935-e1e9-4d33-badf-d489b7c39da0,APPLIED_REGEX_RULE,traeart,Tilia europaea,Tilia hybr. europaea,latin_regex,add hybrid marker,NA
d8a3a49d-40c9-4909-af7e-1967bc50461b,APPLIED_REGEX_RULE,traeart,Tilia europaea,Tilia hybr. europaea,latin_regex,add hybrid marker,NA
c883a6af-477e-4236-b845-39a3614919d6,APPLIED_REGEX_RULE,traeart,Tilia europaea,Tilia hybr. europaea,latin_regex,add hybrid marker,NA
9d657544-0035-4e64-94be-0581ab2246fd,APPLIED_REGEX_RULE,traeart,Tilia europaea,Tilia hybr. europaea,latin_regex,add hybrid marker,NA
f6c999c1-ddd8-4da9-8636-8e4c40585ca6,APPLIED_REGEX_RULE,traeart,Tilia europaea,Tilia hybr. europaea,latin_regex,add hybrid marker,NA
9896bf1d-73e3-490c-816e-abbf626b4edc,APPLIED_REGEX_RULE,traeart,Tilia europaea,Tilia hybr. europaea,latin_regex,add hybrid marker,NA
bd3a6504-c863-4c43-b5e3-bbf63967c381,APPLIED_REGEX_RULE,traeart,Tilia europaea,Tilia hybr. europaea,latin_regex,add hybrid marker,NA
f11a6dd3-a17e-4898-80ca-9c837d9ec859,APPLIED_REGEX_RULE,traeart,Tilia europaea,Tilia hybr. europaea,latin_regex,add hybrid marker,NA
ce08fa7e-3c1b-44a8-a53a-1a655d3b1514,APPLIED_REGEX_RULE,traeart,Tilia europaea,Tilia hybr. europaea,latin_regex,add hybrid marker,NA
4e81ebec-782e-4226-887b-2516a79e0c64,APPLIED_REGEX_RULE,traeart,Tilia europaea,Tilia hybr. europaea,latin_regex,add hybrid marker,NA
2119cb95-9b96-43fb-9a35-201bf838605f,APPLIED_REGEX_RULE,traeart,Tilia europaea,Tilia hybr. europaea,latin_regex,add hybrid marker,NA
7239eafc-2491-49d7-8a90-109af03764d8,APPLIED_REGEX_RULE,traeart,Tilia europaea,Tilia hybr. europaea,latin_regex,add hybrid marker,NA
f3b3efa5-7ec0-4834-996e-bb7767d1aaad,APPLIED_REGEX_RULE,traeart,Tilia europaea,Tilia hybr. europaea,latin_regex,add hybrid marker,NA
63742c8b-b40a-4b20-a223-50f2d8ca6ff9,APPLIED_REGEX_RULE,traeart,Tilia europaea,Tilia hybr. europaea,latin_regex,add hybrid marker,NA
b9f7e537-4350-4cc9-8dc2-afb67a8d0fd3,APPLIED_REGEX_RULE,traeart,Tilia europaea,Tilia hybr. europaea,latin_regex,add hybrid marker,NA
5004bbe3-ce86-403d-8680-9f4239e51066,APPLIED_REGEX_RULE,traeart,Tilia europaea,Tilia hybr. europaea,latin_regex,add hybrid marker,NA
ebba90a0-4164-4287-842c-51c0382f2969,APPLIED_REGEX_RULE,traeart,Tilia europaea,Tilia hybr. europaea,latin_regex,add hybrid marker,NA
704beb7b-5eb6-4fc7-894c-0cdff01ed16c,APPLIED_REGEX_RULE,traeart,Tilia europaea,Tilia hybr. europaea,latin_regex,add hybrid marker,NA
c2ddd5be-38a9-4d93-8e50-a7063fe1f82e,APPLIED_REGEX_RULE,traeart,Tilia europaea,Tilia hybr. europaea,latin_regex,add hybrid marker,NA
488f9a12-ca69-45f5-a1b3-9169cc00b30e,APPLIED_REGEX_RULE,traeart,Tilia europaea,Tilia hybr. europaea,latin_regex,add hybrid marker,NA
b4501462-aa32-4b03-b609-a57a7517f599,APPLIED_REGEX_RULE,traeart,Tilia europaea,Tilia hybr. europaea,latin_regex,add hybrid marker,NA
ececc7a3-dfc6-4b8d-b2aa-3b76034c4da0,APPLIED_REGEX_RULE,traeart,Tilia europaea,Tilia hybr. europaea,latin_regex,add hybrid marker,NA
5f7d9b30-0e37-4a94-85ad-50aabc83d86a,APPLIED_REGEX_RULE,traeart,Tilia europaea,Tilia hybr. europaea,latin_regex,add hybrid marker,NA
baf28326-c367-4231-ade4-e41819a90b16,APPLIED_REGEX_RULE,traeart,Tilia europaea,Tilia hybr. europaea,latin_regex,add hybrid marker,NA
c905ad74-4b3b-4c2b-9c4c-9dd732c48e64,APPLIED_REGEX_RULE,traeart,Tilia europaea,Tilia hybr. europaea,latin_regex,add hybrid marker,NA
f9bb5042-6972-4c55-a39d-c203a6a77141,APPLIED_REGEX_RULE,traeart,Tilia europaea,Tilia hybr. europaea,latin_regex,add hybrid marker,NA
de73a677-2763-481d-93a5-ad0c4ab53d7c,APPLIED_REGEX_RULE,traeart,Tilia europaea,Tilia hybr. europaea,latin_regex,add hybrid marker,NA
9e032783-f299-4c9c-9990-a65a2a8393f1,APPLIED_REGEX_RULE,traeart,Tilia europaea,Tilia hybr. europaea,latin_regex,add hybrid marker,NA
02e4f79a-40e9-422f-b1b6-93cc638d3a20,APPLIED_REGEX_RULE,traeart,Tilia europaea,Tilia hybr. europaea,latin_regex,add hybrid marker,NA
0344c338-1c42-408f-8d26-41d21840e7e0,APPLIED_REGEX_RULE,traeart,Tilia europaea,Tilia hybr. europaea,latin_regex,add hybrid marker,NA
6c1bed3c-2bbd-4476-a615-3faf3306b8b0,APPLIED_REGEX_RULE,traeart,Tilia europaea,Tilia hybr. europaea,latin_regex,add hybrid marker,NA
f68f3b99-37f0-4c37-9848-d762689ed495,APPLIED_REGEX_RULE,traeart,Tilia europaea,Tilia hybr. europaea,latin_regex,add hybrid marker,NA
0f1b5087-5378-47d0-a992-27c8858ca536,APPLIED_REGEX_RULE,traeart,Tilia europaea,Tilia hybr. europaea,latin_regex,add hybrid marker,NA
5da3f3c0-1491-4cd0-8fae-d4a72f351ffc,APPLIED_REGEX_RULE,traeart,Tilia europaea,Tilia hybr. europaea,latin_regex,add hybrid marker,NA
3d206b0b-2ef5-4779-9235-e7d075c0d5a1,APPLIED_REGEX_RULE,traeart,Tilia europaea,Tilia hybr. europaea,latin_regex,add hybrid marker,NA
2800e53d-d993-4f4c-b5e0-b53e96476dc2,APPLIED_REGEX_RULE,traeart,Tilia europaea,Tilia hybr. europaea,latin_regex,add hybrid marker,NA
4c08824e-03a6-45e7-ad05-98d1d01cc088,APPLIED_REGEX_RULE,traeart,Tilia europaea,Tilia hybr. europaea,latin_regex,add hybrid marker,NA
b7ab982f-1eb0-4dae-87ae-bc1ee1c744ef,APPLIED_REGEX_RULE,traeart,Tilia europaea,Tilia hybr. europaea,latin_regex,add hybrid marker,NA
0c89f570-a5e5-43b6-b1b4-8fec5e5a1f56,APPLIED_REGEX_RULE,traeart,Tilia europaea,Tilia hybr. europaea,latin_regex,add hybrid marker,NA
64f4ff27-1497-45e7-bf64-fb81fdc7c205,APPLIED_REGEX_RULE,traeart,Tilia europaea,Tilia hybr. europaea,latin_regex,add hybrid marker,NA
2fe3d677-11db-4910-954f-5bdcd693d72b,APPLIED_REGEX_RULE,traeart,Tilia europaea,Tilia hybr. europaea,latin_regex,add hybrid marker,NA
a4a49ad7-2cfc-4632-86ce-5de88ecb9655,APPLIED_REGEX_RULE,traeart,Tilia europaea,Tilia hybr. europaea,latin_regex,add hybrid marker,NA
6030ff4d-1e0c-4a9a-b732-983c4e055ab1,APPLIED_REGEX_RULE,traeart,Tilia europaea,Tilia hybr. europaea,latin_regex,add hybrid marker,NA
05cbc1b9-2146-44d2-b31c-4c1d669a5e2d,APPLIED_REGEX_RULE,traeart,Tilia europaea,Tilia hybr. europaea,latin_regex,add hybrid marker,NA
d3293906-9a5d-42c2-b231-e78c3371986b,APPLIED_REGEX_RULE,traeart,Tilia europaea,Tilia hybr. europaea,latin_regex,add hybrid marker,NA
913c8fb2-2f4c-4371-8580-0a7198bc9707,APPLIED_REGEX_RULE,traeart,Tilia europaea,Tilia hybr. europaea,latin_regex,add hybrid marker,NA
ee2d6469-8f89-4bf2-9432-e54ccae2ace5,APPLIED_REGEX_RULE,traeart,Tilia europaea,Tilia hybr. europaea,latin_regex,add hybrid marker,NA
45ccb4b9-724e-42ed-af5e-021fe1b5ea70,APPLIED_REGEX_RULE,traeart,Tilia europaea,Tilia hybr. europaea,latin_regex,add hybrid marker,NA
e5d8fb01-cfdc-46b9-87cf-779401964bcb,APPLIED_REGEX_RULE,traeart,Tilia europaea,Tilia hybr. europaea,latin_regex,add hybrid marker,NA
cb0a9dea-f527-4371-a6f0-77db1b734253,APPLIED_REGEX_RULE,traeart,Tilia europaea,Tilia hybr. europaea,latin_regex,add hybrid marker,NA
0bffb2c3-370b-4de5-a0bf-e31d813e8eb8,APPLIED_REGEX_RULE,traeart,Tilia europaea,Tilia hybr. europaea,latin_regex,add hybrid marker,NA
8f52ec78-59fc-4b0c-b98c-5ffb09029b0e,APPLIED_REGEX_RULE,traeart,Tilia europaea,Tilia hybr. europaea,latin_regex,add hybrid marker,NA
1c0a22f9-1538-4a7a-bf66-a8f2acc61bb1,APPLIED_REGEX_RULE,traeart,Tilia europaea,Tilia hybr. europaea,latin_regex,add hybrid marker,NA
73619926-6a5f-4138-a6ef-a87e7f4fba37,APPLIED_REGEX_RULE,traeart,Tilia europaea,Tilia hybr. europaea,latin_regex,add hybrid marker,NA
f1afef81-4dcd-4943-ae80-7c44c5648066,APPLIED_REGEX_RULE,traeart,Tilia europaea,Tilia hybr. europaea,latin_regex,add hybrid marker,NA
c2cd0e3e-47c3-4018-b62d-760f270f5a3f,APPLIED_REGEX_RULE,traeart,Tilia europaea,Tilia hybr. europaea,latin_regex,add hybrid marker,NA
60fe1501-4575-4513-bcdc-06e60fb97bb0,APPLIED_REGEX_RULE,traeart,Tilia europaea,Tilia hybr. europaea,latin_regex,add hybrid marker,NA
08a5c8e7-b2a8-4831-b403-8c078d927879,APPLIED_REGEX_RULE,traeart,Tilia europaea,Tilia hybr. europaea,latin_regex,add hybrid marker,NA
2e2927b2-7347-4302-bd71-b52545745551,APPLIED_REGEX_RULE,traeart,Tilia europaea,Tilia hybr. europaea,latin_regex,add hybrid marker,NA
bf82aaff-a6ef-4731-9f88-48844aaf9e8c,APPLIED_REGEX_RULE,traeart,Tilia europaea,Tilia hybr. europaea,latin_regex,add hybrid marker,NA
d4fdb118-c244-4d4b-870c-a89ea460401b,APPLIED_REGEX_RULE,traeart,Tilia europaea,Tilia hybr. europaea,latin_regex,add hybrid marker,NA
70f13c46-1b03-49c9-b38b-c364ef4855fe,APPLIED_REGEX_RULE,traeart,Tilia europaea,Tilia hybr. europaea,latin_regex,add hybrid marker,NA
2f744206-9644-41f0-bb54-dab307156b3b,APPLIED_REGEX_RULE,traeart,Tilia europaea,Tilia hybr. europaea,latin_regex,add hybrid marker,NA
19204410-a8dc-4e92-aa3d-b5be9cadd466,APPLIED_REGEX_RULE,traeart,Tilia europaea,Tilia hybr. europaea,latin_regex,add hybrid marker,NA
920760b3-4fca-477d-8027-1b5966763809,APPLIED_REGEX_RULE,traeart,Tilia europaea,Tilia hybr. europaea,latin_regex,add hybrid marker,NA
c9fb2559-132c-4bc4-95f2-ac972c8a7554,APPLIED_REGEX_RULE,traeart,Tilia europaea,Tilia hybr. europaea,latin_regex,add hybrid marker,NA
c0a9dda3-1af0-488a-8e4a-16966ab05064,APPLIED_REGEX_RULE,traeart,Tilia europaea,Tilia hybr. europaea,latin_regex,add hybrid marker,NA
ad4815ae-48e9-465c-830b-def5c0563887,APPLIED_REGEX_RULE,traeart,Tilia europaea,Tilia hybr. europaea,latin_regex,add hybrid marker,NA
ea567077-5cfb-4263-a8e3-7e0f30bb0a20,APPLIED_REGEX_RULE,traeart,Tilia europaea,Tilia hybr. europaea,latin_regex,add hybrid marker,NA
97ec830b-6baf-41af-9a74-5b33ca827b71,APPLIED_REGEX_RULE,traeart,Tilia europaea,Tilia hybr. europaea,latin_regex,add hybrid marker,NA
36d0f74d-fb48-4513-83bf-997217e64236,APPLIED_REGEX_RULE,traeart,Tilia europaea,Tilia hybr. europaea,latin_regex,add hybrid marker,NA
699dc590-2e3f-4d5a-8340-b69e47ea179f,APPLIED_REGEX_RULE,traeart,Tilia europaea,Tilia hybr. europaea,latin_regex,add hybrid marker,NA
dd2586b1-3349-4e44-bcdc-a2df816c0ed5,APPLIED_REGEX_RULE,traeart,Tilia europaea,Tilia hybr. europaea,latin_regex,add hybrid marker,NA
77241c7f-08d9-4acc-a2a8-62bd9de05bed,APPLIED_REGEX_RULE,traeart,Tilia europaea,Tilia hybr. europaea,latin_regex,add hybrid marker,NA
258ac4cc-ab5e-4c07-aa5e-8abd0ef30aea,APPLIED_REGEX_RULE,traeart,Tilia europaea,Tilia hybr. europaea,latin_regex,add hybrid marker,NA
306f4a36-32a4-4f0a-a6e5-94dcdd42d16d,APPLIED_REGEX_RULE,traeart,Tilia europaea,Tilia hybr. europaea,latin_regex,add hybrid marker,NA
d43902de-57ee-4a69-8a44-aec6298df024,APPLIED_REGEX_RULE,traeart,Tilia europaea,Tilia hybr. europaea,latin_regex,add hybrid marker,NA
9315a27e-8fec-4364-8e23-e35cb619739c,APPLIED_REGEX_RULE,traeart,Tilia europaea,Tilia hybr. europaea,latin_regex,add hybrid marker,NA
6a7dbb3d-6a46-4ae3-bd58-6747a23fe740,APPLIED_REGEX_RULE,traeart,Tilia europaea,Tilia hybr. europaea,latin_regex,add hybrid marker,NA
af457a4e-fccb-456a-9db9-0a26ca77a38f,APPLIED_REGEX_RULE,traeart,Tilia europaea,Tilia hybr. europaea,latin_regex,add hybrid marker,NA
2c6bc64f-ac98-4994-9ed8-763bbdf0de14,APPLIED_REGEX_RULE,traeart,Tilia europaea,Tilia hybr. europaea,latin_regex,add hybrid marker,NA
35a878ec-0178-41ae-96a0-94e3e979a29c,APPLIED_REGEX_RULE,traeart,Tilia europaea,Tilia hybr. europaea,latin_regex,add hybrid marker,NA
f7601cc1-2614-49b5-8751-10cd86363387,APPLIED_REGEX_RULE,traeart,Tilia europaea,Tilia hybr. europaea,latin_regex,add hybrid marker,NA
358b5cbd-34fa-43dc-a9e8-aa4b335cb874,APPLIED_REGEX_RULE,traeart,Tilia europaea,Tilia hybr. europaea,latin_regex,add hybrid marker,NA
10c45c1e-85c6-418b-9f2d-65d564b45b2f,APPLIED_REGEX_RULE,traeart,Tilia europaea,Tilia hybr. europaea,latin_regex,add hybrid marker,NA
a9e6ca48-52ba-4b91-8b07-85bc862ae5eb,APPLIED_REGEX_RULE,traeart,Tilia europaea,Tilia hybr. europaea,latin_regex,add hybrid marker,NA
a5ba5f2f-c2e1-4795-a7e1-67b2af40607a,APPLIED_REGEX_RULE,traeart,Tilia europaea,Tilia hybr. europaea,latin_regex,add hybrid marker,NA
d3cdb10d-a4a5-4363-adb4-a411c34c36db,APPLIED_REGEX_RULE,traeart,Tilia europaea,Tilia hybr. europaea,latin_regex,add hybrid marker,NA
0d80d184-4959-41ce-999b-89403825ef6f,APPLIED_REGEX_RULE,traeart,Tilia europaea,Tilia hybr. europaea,latin_regex,add hybrid marker,NA
e89e3630-3697-4f0a-aa39-5901b9c187d1,APPLIED_REGEX_RULE,traeart,Tilia europaea,Tilia hybr. europaea,latin_regex,add hybrid marker,NA
59e13779-de76-483b-a4fb-2f4c48ef768d,APPLIED_REGEX_RULE,traeart,Tilia europaea,Tilia hybr. europaea,latin_regex,add hybrid marker,NA
1304b074-fbe2-4c38-92f6-f709fe78ac82,APPLIED_REGEX_RULE,traeart,Tilia europaea,Tilia hybr. europaea,latin_regex,add hybrid marker,NA
c355bec9-b898-47f5-afbc-116e33a6aa0b,APPLIED_REGEX_RULE,traeart,Tilia europaea,Tilia hybr. europaea,latin_regex,add hybrid marker,NA
a933ccea-a3b6-40b0-b6b0-ba054a9e404f,APPLIED_REGEX_RULE,traeart,Tilia europaea,Tilia hybr. europaea,latin_regex,add hybrid marker,NA
cf2b9fce-59e7-452d-a896-c3c6c29ec053,APPLIED_REGEX_RULE,traeart,Tilia europaea,Tilia hybr. europaea,latin_regex,add hybrid marker,NA
d0c361e0-a114-4488-9c38-1ef8f4cf37f9,APPLIED_REGEX_RULE,traeart,Tilia europaea,Tilia hybr. europaea,latin_regex,add hybrid marker,NA
12996ea6-65ed-41ed-8a9a-874b95abf901,APPLIED_REGEX_RULE,traeart,Tilia europaea,Tilia hybr. europaea,latin_regex,add hybrid marker,NA
3c6d288a-10bc-45e3-8773-a3e693db0c12,APPLIED_REGEX_RULE,traeart,Tilia europaea,Tilia hybr. europaea,latin_regex,add hybrid marker,NA
5ed0387a-e666-4b22-9f5c-2d02d40223a6,APPLIED_REGEX_RULE,traeart,Tilia europaea,Tilia hybr. europaea,latin_regex,add hybrid marker,NA
7de1a882-e8fe-4df6-bc7b-d5a0692ff94f,APPLIED_REGEX_RULE,traeart,Tilia europaea,Tilia hybr. europaea,latin_regex,add hybrid marker,NA
e201d199-4159-491e-b748-7a0f2c5ebd90,APPLIED_REGEX_RULE,traeart,Tilia europaea,Tilia hybr. europaea,latin_regex,add hybrid marker,NA
1ce264de-e6b1-4512-aa64-37bc20f278b8,APPLIED_REGEX_RULE,traeart,Tilia europaea,Tilia hybr. europaea,latin_regex,add hybrid marker,NA
2ef4aa36-faf4-49d2-abb5-0181af3ad0d3,APPLIED_REGEX_RULE,traeart,Tilia europaea,Tilia hybr. europaea,latin_regex,add hybrid marker,NA
f0df0c23-bb54-4055-80c8-26498c5e6aba,APPLIED_REGEX_RULE,traeart,Tilia europaea,Tilia hybr. europaea,latin_regex,add hybrid marker,NA
e4c78d50-2ff3-4d99-995e-8389126f9696,APPLIED_REGEX_RULE,traeart,Tilia europaea,Tilia hybr. europaea,latin_regex,add hybrid marker,NA
3933faff-fdd4-4cd5-9509-2fcd52cd1d30,APPLIED_REGEX_RULE,traeart,Tilia europaea,Tilia hybr. europaea,latin_regex,add hybrid marker,NA
c423c72e-b9b7-4a44-83af-ab39556ea1fc,APPLIED_REGEX_RULE,traeart,Tilia europaea,Tilia hybr. europaea,latin_regex,add hybrid marker,NA
a0df44c9-93a1-4942-aac5-b40b2d3b1014,APPLIED_REGEX_RULE,traeart,Tilia europaea,Tilia hybr. europaea,latin_regex,add hybrid marker,NA
99ddb660-5028-4298-b285-cf85f6c737a1,APPLIED_REGEX_RULE,traeart,Tilia europaea,Tilia hybr. europaea,latin_regex,add hybrid marker,NA
ae17998d-580a-472a-b8d6-41fa532cc9fe,APPLIED_REGEX_RULE,traeart,Tilia europaea,Tilia hybr. europaea,latin_regex,add hybrid marker,NA
20e05cfa-c6d8-4af8-991e-315227f2e27b,APPLIED_REGEX_RULE,traeart,Tilia europaea,Tilia hybr. europaea,latin_regex,add hybrid marker,NA
0f4eb1a7-fd1b-40fd-b7e2-9f031c8fc702,APPLIED_REGEX_RULE,traeart,Tilia europaea,Tilia hybr. europaea,latin_regex,add hybrid marker,NA
a141fa93-c6ab-4278-9beb-6a822111fb54,APPLIED_REGEX_RULE,traeart,Tilia europaea,Tilia hybr. europaea,latin_regex,add hybrid marker,NA
837142bf-2a8f-4514-91c4-82e7a3ac2dbd,APPLIED_REGEX_RULE,traeart,Tilia europaea,Tilia hybr. europaea,latin_regex,add hybrid marker,NA
afe1e4f1-98cc-45ff-ba55-f8f5498a8eb6,APPLIED_REGEX_RULE,traeart,Tilia europaea,Tilia hybr. europaea,latin_regex,add hybrid marker,NA
c3c3e1ef-429b-4774-8241-dfe6689fb35d,APPLIED_REGEX_RULE,traeart,Tilia europaea,Tilia hybr. europaea,latin_regex,add hybrid marker,NA
695870fb-4378-4225-b8cc-9fc4779c3e44,APPLIED_REGEX_RULE,traeart,Tilia europaea,Tilia hybr. europaea,latin_regex,add hybrid marker,NA
e42ac500-1072-42e0-9fb7-32a5d3f9fbbd,APPLIED_REGEX_RULE,traeart,Tilia europaea,Tilia hybr. europaea,latin_regex,add hybrid marker,NA
0df4e733-4f7c-4865-a0f6-df28d018ad96,APPLIED_REGEX_RULE,traeart,Tilia europaea,Tilia hybr. europaea,latin_regex,add hybrid marker,NA
1e67e501-a6ec-47ce-b7af-3209084f71cb,APPLIED_REGEX_RULE,traeart,Tilia europaea,Tilia hybr. europaea,latin_regex,add hybrid marker,NA
ca136e60-427d-454a-a90f-8aefaf9468f0,APPLIED_REGEX_RULE,traeart,Tilia europaea,Tilia hybr. europaea,latin_regex,add hybrid marker,NA
7ccde33b-157b-4603-97e1-7818d48d3dcf,APPLIED_REGEX_RULE,traeart,Tilia europaea,Tilia hybr. europaea,latin_regex,add hybrid marker,NA
57228677-4798-4e2d-8ac9-7a6e536d91ed,APPLIED_REGEX_RULE,traeart,Tilia europaea,Tilia hybr. europaea,latin_regex,add hybrid marker,NA
b17ac10f-284f-4f23-b791-49b8ef9edb8b,APPLIED_REGEX_RULE,traeart,Tilia europaea,Tilia hybr. europaea,latin_regex,add hybrid marker,NA
db30efff-cf71-418c-ac12-8da712cd66cd,APPLIED_REGEX_RULE,traeart,Tilia europaea,Tilia hybr. europaea,latin_regex,add hybrid marker,NA
0f441a08-105d-47f8-86b7-4057fca13434,APPLIED_REGEX_RULE,traeart,Tilia europaea,Tilia hybr. europaea,latin_regex,add hybrid marker,NA
38530479-4e73-4271-9b5c-94e7f0526433,APPLIED_REGEX_RULE,traeart,Tilia europaea,Tilia hybr. europaea,latin_regex,add hybrid marker,NA
1a88fbf7-5ccb-4c38-9bc2-cb84df0ee898,APPLIED_REGEX_RULE,traeart,Tilia europaea,Tilia hybr. europaea,latin_regex,add hybrid marker,NA
1bde1f20-23b9-4cdf-9ce2-a03ffdb3146d,APPLIED_REGEX_RULE,traeart,Tilia europaea,Tilia hybr. europaea,latin_regex,add hybrid marker,NA
66d50fec-046b-42ca-8801-41fff1269222,APPLIED_REGEX_RULE,traeart,Tilia europaea,Tilia hybr. europaea,latin_regex,add hybrid marker,NA
6071b09a-cdc6-470f-abcf-f23669aaa70d,APPLIED_REGEX_RULE,traeart,Tilia europaea,Tilia hybr. europaea,latin_regex,add hybrid marker,NA
718d25b1-b23a-4c92-9b51-63a934aa2030,APPLIED_REGEX_RULE,traeart,Tilia europaea,Tilia hybr. europaea,latin_regex,add hybrid marker,NA
9719a9f4-ef14-4ccc-b357-e9e7785dce95,APPLIED_REGEX_RULE,traeart,Tilia europaea,Tilia hybr. europaea,latin_regex,add hybrid marker,NA
15127648-72c0-47f6-8d9a-7849b86c689a,APPLIED_REGEX_RULE,traeart,Tilia europaea,Tilia hybr. europaea,latin_regex,add hybrid marker,NA
8f305881-c6eb-49d2-a51d-85307fa04c20,APPLIED_REGEX_RULE,traeart,Tilia europaea,Tilia hybr. europaea,latin_regex,add hybrid marker,NA
09489eca-284b-4c01-9964-c181bad917f9,APPLIED_REGEX_RULE,traeart,Tilia europaea,Tilia hybr. europaea,latin_regex,add hybrid marker,NA
38c3dc06-ea24-4176-a954-72dfed283a1f,APPLIED_REGEX_RULE,traeart,Tilia europaea,Tilia hybr. europaea,latin_regex,add hybrid marker,NA
498e43a8-b330-4acc-8457-edce6613b420,APPLIED_REGEX_RULE,traeart,Tilia europaea,Tilia hybr. europaea,latin_regex,add hybrid marker,NA
d2ba59e0-cdf4-4c93-a843-c261df3b576b,APPLIED_REGEX_RULE,traeart,Tilia europaea,Tilia hybr. europaea,latin_regex,add hybrid marker,NA
be75fc44-37e7-4db6-bc93-00fb7b60935a,APPLIED_REGEX_RULE,traeart,Tilia europaea,Tilia hybr. europaea,latin_regex,add hybrid marker,NA
92ff17cb-ad73-4401-b8e3-3abb50dee0fd,APPLIED_REGEX_RULE,traeart,Tilia europaea,Tilia hybr. europaea,latin_regex,add hybrid marker,NA
365dacc0-6cf9-4063-b9f7-e1a66f913f44,APPLIED_REGEX_RULE,traeart,Tilia europaea,Tilia hybr. europaea,latin_regex,add hybrid marker,NA
3c007555-399a-473f-a6dd-368e35e44dc3,APPLIED_REGEX_RULE,traeart,Tilia europaea,Tilia hybr. europaea,latin_regex,add hybrid marker,NA
d1ff4be2-72db-458a-8da0-e12cbe31c1ec,APPLIED_REGEX_RULE,traeart,Tilia europaea,Tilia hybr. europaea,latin_regex,add hybrid marker,NA
1e84dc66-cf02-4890-87bc-1b44419bf893,APPLIED_REGEX_RULE,traeart,Tilia europaea,Tilia hybr. europaea,latin_regex,add hybrid marker,NA
72845ff5-de3f-4a07-b293-b44185dc3764,APPLIED_REGEX_RULE,traeart,Tilia europaea,Tilia hybr. europaea,latin_regex,add hybrid marker,NA
6ab48a4a-892f-4f22-a3b3-c7d210dd7b1b,APPLIED_REGEX_RULE,traeart,Tilia europaea,Tilia hybr. europaea,latin_regex,add hybrid marker,NA
b74db429-302d-442a-9238-cff3b0a20326,APPLIED_REGEX_RULE,traeart,Tilia europaea,Tilia hybr. europaea,latin_regex,add hybrid marker,NA
b7dafa4d-fbf8-450a-9c97-ca7e0f182920,APPLIED_REGEX_RULE,traeart,Tilia europaea,Tilia hybr. europaea,latin_regex,add hybrid marker,NA
3a7b3bb8-cff7-43c1-8bb1-53eb20116fb7,APPLIED_REGEX_RULE,traeart,Tilia europaea,Tilia hybr. europaea,latin_regex,add hybrid marker,NA
24f7975d-f885-48b4-88b5-e43a101c9470,APPLIED_REGEX_RULE,traeart,Tilia europaea,Tilia hybr. europaea,latin_regex,add hybrid marker,NA
b744d955-668b-4544-8624-fd3056dda50e,APPLIED_REGEX_RULE,traeart,Tilia europaea,Tilia hybr. europaea,latin_regex,add hybrid marker,NA
fc080a2d-c2e8-4c23-b154-abf67dc80807,APPLIED_REGEX_RULE,traeart,Tilia europaea,Tilia hybr. europaea,latin_regex,add hybrid marker,NA
48823f86-ce6f-41e7-96e0-ad02795b85f8,APPLIED_REGEX_RULE,traeart,Tilia europaea,Tilia hybr. europaea,latin_regex,add hybrid marker,NA
b6826ca1-7179-487c-bb94-7270adbc134e,APPLIED_REGEX_RULE,traeart,Tilia europaea,Tilia hybr. europaea,latin_regex,add hybrid marker,NA
4e6ade41-3a62-4237-a32a-1691218e19ba,APPLIED_REGEX_RULE,traeart,Tilia europaea,Tilia hybr. europaea,latin_regex,add hybrid marker,NA
19933069-1681-40d1-a042-a9f942231f9a,APPLIED_REGEX_RULE,traeart,Tilia europaea,Tilia hybr. europaea,latin_regex,add hybrid marker,NA
b6a26cff-f3e6-4ca1-8e45-3e7e7d883ebe,APPLIED_REGEX_RULE,traeart,Tilia europaea,Tilia hybr. europaea,latin_regex,add hybrid marker,NA
214d6382-fe54-4fa3-96ee-4697ce7d3674,APPLIED_REGEX_RULE,traeart,Tilia europaea,Tilia hybr. europaea,latin_regex,add hybrid marker,NA
8079a769-26a8-43fc-9108-9c6d2fbd780a,APPLIED_REGEX_RULE,traeart,Tilia europaea,Tilia hybr. europaea,latin_regex,add hybrid marker,NA
80afd8e2-8afa-4365-8592-5c59f1249fa2,APPLIED_REGEX_RULE,traeart,Tilia europaea,Tilia hybr. europaea,latin_regex,add hybrid marker,NA
faa63bb4-9107-4290-8f7c-8c66a38ab6f4,APPLIED_REGEX_RULE,traeart,Tilia europaea,Tilia hybr. europaea,latin_regex,add hybrid marker,NA
3cd77a29-e691-4ca3-8791-bfc9f3f18596,APPLIED_REGEX_RULE,traeart,Tilia europaea,Tilia hybr. europaea,latin_regex,add hybrid marker,NA
a6dfeaba-9432-4817-8967-eaa76234d8e9,APPLIED_REGEX_RULE,traeart,Tilia europaea,Tilia hybr. europaea,latin_regex,add hybrid marker,NA
d7b5c9e4-6746-4a69-9fd0-7bff6f98f693,APPLIED_REGEX_RULE,traeart,Tilia europaea,Tilia hybr. europaea,latin_regex,add hybrid marker,NA
a89f7c42-d04a-4381-b84c-a3cd5ba735a9,APPLIED_REGEX_RULE,traeart,Tilia europaea,Tilia hybr. europaea,latin_regex,add hybrid marker,NA
a373da2f-aa3e-417c-b057-0ab8d724d9b4,APPLIED_REGEX_RULE,traeart,Tilia europaea,Tilia hybr. europaea,latin_regex,add hybrid marker,NA
fe7cbeef-a8a8-495b-a5b8-0563cc71d9e0,APPLIED_REGEX_RULE,traeart,Tilia europaea,Tilia hybr. europaea,latin_regex,add hybrid marker,NA
e7721bfb-1d9a-4e1f-9d7d-3948aa574712,APPLIED_REGEX_RULE,traeart,Tilia europaea,Tilia hybr. europaea,latin_regex,add hybrid marker,NA
43f00ba0-3a50-4cd2-ace4-d79f1c7da1c4,APPLIED_REGEX_RULE,traeart,Tilia europaea,Tilia hybr. europaea,latin_regex,add hybrid marker,NA
1500db7b-d741-469f-9857-8dbe082bf862,APPLIED_REGEX_RULE,traeart,Tilia europaea,Tilia hybr. europaea,latin_regex,add hybrid marker,NA
c7fd3254-4ad8-4c16-92ed-c30cbff9f348,APPLIED_REGEX_RULE,traeart,Tilia europaea,Tilia hybr. europaea,latin_regex,add hybrid marker,NA
d048d1c2-24bf-431c-880c-35a1e9ab2579,APPLIED_REGEX_RULE,traeart,Tilia europaea,Tilia hybr. europaea,latin_regex,add hybrid marker,NA
f2a17742-aa94-4198-8d93-0a738ec54405,APPLIED_REGEX_RULE,traeart,Tilia europaea,Tilia hybr. europaea,latin_regex,add hybrid marker,NA
b304de1e-5470-4d46-a7e3-8e0e59234c35,APPLIED_REGEX_RULE,traeart,Tilia europaea,Tilia hybr. europaea,latin_regex,add hybrid marker,NA
fe3c9373-0918-4cc8-b3af-0db48e0fa927,APPLIED_REGEX_RULE,traeart,Tilia europaea,Tilia hybr. europaea,latin_regex,add hybrid marker,NA
2310f8fd-e63d-4757-8d7e-e0bc52d43c6a,APPLIED_REGEX_RULE,traeart,Tilia europaea,Tilia hybr. europaea,latin_regex,add hybrid marker,NA
4be5a2a5-a98d-43bf-b432-62a628325c05,APPLIED_REGEX_RULE,traeart,Tilia europaea,Tilia hybr. europaea,latin_regex,add hybrid marker,NA
84e1d739-833d-460c-b9ac-33e0f5d3f540,APPLIED_REGEX_RULE,traeart,Tilia europaea,Tilia hybr. europaea,latin_regex,add hybrid marker,NA
61c52447-0c0b-49e0-9b09-bfed5351e651,APPLIED_REGEX_RULE,traeart,Tilia europaea,Tilia hybr. europaea,latin_regex,add hybrid marker,NA
92f1b6fe-6fd1-4b20-9ac6-04ecbdcc4058,APPLIED_REGEX_RULE,traeart,Tilia europaea,Tilia hybr. europaea,latin_regex,add hybrid marker,NA
639c012c-7774-4472-b8ed-aec312cdc070,APPLIED_REGEX_RULE,traeart,Tilia europaea,Tilia hybr. europaea,latin_regex,add hybrid marker,NA
a5427209-4cb7-4cbe-889b-1fd8c81b53a2,APPLIED_REGEX_RULE,traeart,Tilia europaea,Tilia hybr. europaea,latin_regex,add hybrid marker,NA
b6365434-5dca-4158-a3b5-26e339946a4d,APPLIED_REGEX_RULE,traeart,Tilia europaea,Tilia hybr. europaea,latin_regex,add hybrid marker,NA
e808c69c-e114-45d5-961c-686721489b73,APPLIED_REGEX_RULE,traeart,Tilia europaea,Tilia hybr. europaea,latin_regex,add hybrid marker,NA
b91f27d1-f45c-453d-bfb7-0be38c0c48f5,APPLIED_REGEX_RULE,traeart,Tilia europaea,Tilia hybr. europaea,latin_regex,add hybrid marker,NA
41bb44ae-a0a2-4ad2-9749-88c94fa72323,APPLIED_REGEX_RULE,traeart,Tilia europaea,Tilia hybr. europaea,latin_regex,add hybrid marker,NA
ac62aa88-b99a-4a7c-a3f8-e151a3ef783a,APPLIED_REGEX_RULE,traeart,Tilia europaea,Tilia hybr. europaea,latin_regex,add hybrid marker,NA
cb1f910a-8128-4737-a728-c067198cc3df,APPLIED_REGEX_RULE,traeart,Tilia europaea,Tilia hybr. europaea,latin_regex,add hybrid marker,NA
83a8f729-b086-4fbb-bce2-5c0f8dbceabc,APPLIED_REGEX_RULE,traeart,Tilia europaea,Tilia hybr. europaea,latin_regex,add hybrid marker,NA
c4e53ce0-68a0-4634-8204-ffbd9285e5b8,APPLIED_REGEX_RULE,traeart,Tilia europaea,Tilia hybr. europaea,latin_regex,add hybrid marker,NA
19a06512-b7f9-4676-a415-66839a1368f6,APPLIED_REGEX_RULE,traeart,Tilia europaea,Tilia hybr. europaea,latin_regex,add hybrid marker,NA
fe804ae5-010f-4a2a-ae71-927fddc2ca83,APPLIED_REGEX_RULE,traeart,Tilia europaea,Tilia hybr. europaea,latin_regex,add hybrid marker,NA
a5c1bd8b-cd6a-412f-9c48-6077a9aae912,APPLIED_REGEX_RULE,traeart,Tilia europaea,Tilia hybr. europaea,latin_regex,add hybrid marker,NA
ae5d9a42-2004-41aa-9826-c7d3b4e6bfe6,APPLIED_REGEX_RULE,traeart,Tilia europaea,Tilia hybr. europaea,latin_regex,add hybrid marker,NA
bb2430c9-59c8-45b7-8f75-4bf8117381c1,APPLIED_REGEX_RULE,traeart,Tilia europaea,Tilia hybr. europaea,latin_regex,add hybrid marker,NA
825835d7-52a2-42f8-9648-4c47e9289bf5,APPLIED_REGEX_RULE,traeart,Tilia europaea,Tilia hybr. europaea,latin_regex,add hybrid marker,NA
2de8e4d1-9fd2-4e66-b647-455f0789ff36,APPLIED_REGEX_RULE,traeart,Tilia europaea,Tilia hybr. europaea,latin_regex,add hybrid marker,NA
a7684287-be81-4407-ae03-e218cb787e8a,APPLIED_REGEX_RULE,traeart,Tilia europaea,Tilia hybr. europaea,latin_regex,add hybrid marker,NA
1fe064d0-4e12-44d6-bcdf-26a5a84c2e0d,APPLIED_REGEX_RULE,traeart,Tilia europaea,Tilia hybr. europaea,latin_regex,add hybrid marker,NA
17a1f5b2-590a-4649-baa3-097070911565,APPLIED_REGEX_RULE,traeart,Tilia europaea,Tilia hybr. europaea,latin_regex,add hybrid marker,NA
81c404dd-9923-4e3c-a19a-8a5e9370021a,APPLIED_REGEX_RULE,traeart,Tilia europaea,Tilia hybr. europaea,latin_regex,add hybrid marker,NA
15910bf0-d325-47df-af75-2c3bc0c22425,APPLIED_REGEX_RULE,traeart,Tilia europaea,Tilia hybr. europaea,latin_regex,add hybrid marker,NA
ccaedf4a-c895-4078-aef2-85d747fd5b6b,APPLIED_REGEX_RULE,traeart,Tilia europaea,Tilia hybr. europaea,latin_regex,add hybrid marker,NA
151b6815-5265-4117-aa35-2693fb96e4d8,APPLIED_REGEX_RULE,traeart,Tilia europaea,Tilia hybr. europaea,latin_regex,add hybrid marker,NA
0386663f-80ac-48aa-848b-4ea74b8c7f76,APPLIED_REGEX_RULE,traeart,Tilia europaea,Tilia hybr. europaea,latin_regex,add hybrid marker,NA
49649601-7a83-4aae-ac71-5d8ec9cb3614,APPLIED_REGEX_RULE,traeart,Tilia europaea,Tilia hybr. europaea,latin_regex,add hybrid marker,NA
68b394ae-ed9c-4adf-8e63-fbb071e7d2ce,APPLIED_REGEX_RULE,traeart,Tilia europaea,Tilia hybr. europaea,latin_regex,add hybrid marker,NA
dee735e5-fb55-4d16-b86a-68d72b1b9ce9,APPLIED_REGEX_RULE,traeart,Tilia europaea,Tilia hybr. europaea,latin_regex,add hybrid marker,NA
e9a34e5b-7965-48f3-9e9b-2df4d79cfc93,APPLIED_REGEX_RULE,traeart,Tilia europaea,Tilia hybr. europaea,latin_regex,add hybrid marker,NA
f4e97546-8155-47d2-8b06-40496307fc91,APPLIED_REGEX_RULE,traeart,Tilia europaea,Tilia hybr. europaea,latin_regex,add hybrid marker,NA
4794f517-e047-4223-929e-f0ff6540a9e4,APPLIED_REGEX_RULE,traeart,Tilia europaea,Tilia hybr. europaea,latin_regex,add hybrid marker,NA
3493b69d-9176-4a97-9b92-f3da902383a6,APPLIED_REGEX_RULE,traeart,Tilia europaea,Tilia hybr. europaea,latin_regex,add hybrid marker,NA
f9ab8410-a332-4d97-ab54-15ff17641473,APPLIED_REGEX_RULE,traeart,Tilia europaea,Tilia hybr. europaea,latin_regex,add hybrid marker,NA
1971c514-186e-462b-adc9-2c52536411bf,APPLIED_REGEX_RULE,traeart,Tilia europaea,Tilia hybr. europaea,latin_regex,add hybrid marker,NA
0852c98d-fd53-4661-acb6-692060bffa6a,APPLIED_REGEX_RULE,traeart,Tilia europaea,Tilia hybr. europaea,latin_regex,add hybrid marker,NA
663c7f07-b19f-4839-8cf4-973c3a0e5368,APPLIED_REGEX_RULE,traeart,Tilia europaea,Tilia hybr. europaea,latin_regex,add hybrid marker,NA
7b835658-fc3f-419e-9097-b121b4f1352d,APPLIED_REGEX_RULE,traeart,Tilia europaea,Tilia hybr. europaea,latin_regex,add hybrid marker,NA
5eae4fba-05ce-42ec-acb4-e8b17b9c28da,APPLIED_REGEX_RULE,traeart,Tilia europaea,Tilia hybr. europaea,latin_regex,add hybrid marker,NA
6ebdc6f4-8ed2-49c5-b691-c8296a4e125b,APPLIED_REGEX_RULE,traeart,Tilia europaea,Tilia hybr. europaea,latin_regex,add hybrid marker,NA
2186e1d8-ff81-425f-8158-cc8f3780820b,APPLIED_REGEX_RULE,traeart,Tilia europaea,Tilia hybr. europaea,latin_regex,add hybrid marker,NA
98b3512f-5fb3-404b-8f3f-fe18b95f8a23,APPLIED_REGEX_RULE,traeart,Tilia europaea,Tilia hybr. europaea,latin_regex,add hybrid marker,NA
93aec044-1b77-4191-a8cf-e82ce9c3dbaf,APPLIED_REGEX_RULE,traeart,Tilia europaea,Tilia hybr. europaea,latin_regex,add hybrid marker,NA
00edb8d9-2ac8-47b9-bd46-5d1ee5c3b096,APPLIED_REGEX_RULE,traeart,Tilia europaea,Tilia hybr. europaea,latin_regex,add hybrid marker,NA
2d29384d-e133-4cc1-925c-9a01aa42c93a,APPLIED_REGEX_RULE,traeart,Tilia europaea,Tilia hybr. europaea,latin_regex,add hybrid marker,NA
a6faf10e-c65d-47e8-b8f9-4b43e867be48,APPLIED_REGEX_RULE,traeart,Tilia europaea,Tilia hybr. europaea,latin_regex,add hybrid marker,NA
24d5e968-7bc9-4cd5-bfc2-36d3bc6d0f0a,APPLIED_REGEX_RULE,traeart,Tilia europaea,Tilia hybr. europaea,latin_regex,add hybrid marker,NA
8934dd02-cff5-43b4-98dd-b894d54e67f4,APPLIED_REGEX_RULE,traeart,Tilia europaea,Tilia hybr. europaea,latin_regex,add hybrid marker,NA
6db73463-6f25-4204-ba28-ae8fee04458e,APPLIED_REGEX_RULE,traeart,Tilia europaea,Tilia hybr. europaea,latin_regex,add hybrid marker,NA
b8056985-22d5-4a63-a9c0-1f28e195bad1,APPLIED_REGEX_RULE,traeart,Tilia europaea,Tilia hybr. europaea,latin_regex,add hybrid marker,NA
11719cef-9cc9-40aa-a3ba-7c1a009591a4,APPLIED_REGEX_RULE,traeart,Tilia europaea,Tilia hybr. europaea,latin_regex,add hybrid marker,NA
ee4b3301-0e1d-45e4-b315-ff5ce98f446a,APPLIED_REGEX_RULE,traeart,Tilia europaea,Tilia hybr. europaea,latin_regex,add hybrid marker,NA
305e2f36-0c59-40ef-a0a2-109cb01d9a70,APPLIED_REGEX_RULE,traeart,Tilia europaea,Tilia hybr. europaea,latin_regex,add hybrid marker,NA
c63a47a6-5630-44ab-bda8-f750336a2bb8,APPLIED_REGEX_RULE,traeart,Tilia europaea,Tilia hybr. europaea,latin_regex,add hybrid marker,NA
241bbb96-906d-4831-96b6-53351ad50d76,APPLIED_REGEX_RULE,traeart,Tilia europaea,Tilia hybr. europaea,latin_regex,add hybrid marker,NA
fa47afe9-1a3b-4b92-b107-c511411d7739,APPLIED_REGEX_RULE,traeart,Tilia europaea,Tilia hybr. europaea,latin_regex,add hybrid marker,NA
0f7590e1-e8cf-4d8f-af12-f78ddf4eb8d0,APPLIED_REGEX_RULE,traeart,Tilia europaea,Tilia hybr. europaea,latin_regex,add hybrid marker,NA
db227122-a021-4398-be0b-1f84f4a81312,APPLIED_REGEX_RULE,traeart,Tilia europaea,Tilia hybr. europaea,latin_regex,add hybrid marker,NA
f43219da-1164-4e79-baca-d6fd95ac7822,APPLIED_REGEX_RULE,traeart,Tilia europaea,Tilia hybr. europaea,latin_regex,add hybrid marker,NA
fe932c86-82cd-45f5-a776-8fb2962e66be,APPLIED_REGEX_RULE,traeart,Tilia europaea,Tilia hybr. europaea,latin_regex,add hybrid marker,NA
c62d3ea2-f948-4b73-9b85-d34932fbd634,APPLIED_REGEX_RULE,traeart,Tilia europaea,Tilia hybr. europaea,latin_regex,add hybrid marker,NA
095b4e5e-6711-4fc7-b0ab-1112ff32c2c0,APPLIED_REGEX_RULE,traeart,Tilia europaea,Tilia hybr. europaea,latin_regex,add hybrid marker,NA
4e53bda1-a0ae-458a-94d6-016780172a03,APPLIED_REGEX_RULE,traeart,Tilia europaea,Tilia hybr. europaea,latin_regex,add hybrid marker,NA
bf399248-1482-4f45-a63d-1ca7fc2afabd,APPLIED_REGEX_RULE,traeart,Tilia europaea,Tilia hybr. europaea,latin_regex,add hybrid marker,NA
036c797f-1ff6-414c-88a1-e9336262408c,APPLIED_REGEX_RULE,traeart,Tilia europaea,Tilia hybr. europaea,latin_regex,add hybrid marker,NA
596237c5-79c8-40a2-8f9f-d85625c06f15,APPLIED_REGEX_RULE,traeart,Tilia europaea,Tilia hybr. europaea,latin_regex,add hybrid marker,NA
a8ada756-d89c-4856-81e7-707095844072,APPLIED_REGEX_RULE,traeart,Tilia europaea,Tilia hybr. europaea,latin_regex,add hybrid marker,NA
878defb1-c898-4ea5-a0a0-1d4c43dca80c,APPLIED_REGEX_RULE,traeart,Tilia europaea,Tilia hybr. europaea,latin_regex,add hybrid marker,NA
076ddee4-36c1-4457-ab9a-b4db1e327587,APPLIED_REGEX_RULE,traeart,Tilia europaea,Tilia hybr. europaea,latin_regex,add hybrid marker,NA
627af5e2-59f6-4443-8d0e-4a5a2606e7da,APPLIED_REGEX_RULE,traeart,Tilia europaea,Tilia hybr. europaea,latin_regex,add hybrid marker,NA
8c8c85eb-6971-4aa9-a9ab-b36d69e986a7,APPLIED_REGEX_RULE,traeart,Tilia europaea,Tilia hybr. europaea,latin_regex,add hybrid marker,NA
5972df69-bdfe-459a-916e-4703833768c6,APPLIED_REGEX_RULE,traeart,Tilia europaea,Tilia hybr. europaea,latin_regex,add hybrid marker,NA
5f375cfc-7725-465d-9266-458bfcc82959,APPLIED_REGEX_RULE,traeart,Tilia europaea,Tilia hybr. europaea,latin_regex,add hybrid marker,NA
fef3ef38-f5d6-4c04-a3ab-024962053848,APPLIED_REGEX_RULE,traeart,Tilia europaea,Tilia hybr. europaea,latin_regex,add hybrid marker,NA
6fb3bf74-3af5-4709-89cc-9b3120da1ab6,APPLIED_REGEX_RULE,traeart,Tilia europaea,Tilia hybr. europaea,latin_regex,add hybrid marker,NA
d0ef2d5d-c8ec-4321-938d-8f6c5bb35c1d,APPLIED_REGEX_RULE,traeart,Tilia europaea,Tilia hybr. europaea,latin_regex,add hybrid marker,NA
21f2c45f-5b2d-451b-be0e-2188c48a7cb5,APPLIED_REGEX_RULE,traeart,Tilia europaea,Tilia hybr. europaea,latin_regex,add hybrid marker,NA
b5c9a69b-bab7-4d5b-8c6e-de1d8dbcbc69,APPLIED_REGEX_RULE,traeart,Tilia europaea,Tilia hybr. europaea,latin_regex,add hybrid marker,NA
5b67ed5b-90f2-456a-b0f4-1adfe5f6c532,APPLIED_REGEX_RULE,traeart,Tilia europaea,Tilia hybr. europaea,latin_regex,add hybrid marker,NA
95a72243-959c-4e86-a3fa-9878452a15b6,APPLIED_REGEX_RULE,traeart,Tilia europaea,Tilia hybr. europaea,latin_regex,add hybrid marker,NA
2a77e2be-eccc-40f3-abce-af0e630b18da,APPLIED_REGEX_RULE,traeart,Tilia europaea,Tilia hybr. europaea,latin_regex,add hybrid marker,NA
937c0032-1175-4427-890e-f40f67945d91,APPLIED_REGEX_RULE,traeart,Tilia europaea,Tilia hybr. europaea,latin_regex,add hybrid marker,NA
39346708-e863-4ca2-adeb-6c3a734028d7,APPLIED_REGEX_RULE,traeart,Tilia europaea,Tilia hybr. europaea,latin_regex,add hybrid marker,NA
2d9af3e0-2659-457a-b5c4-6b2db90a59c4,APPLIED_REGEX_RULE,traeart,Tilia europaea,Tilia hybr. europaea,latin_regex,add hybrid marker,NA
dd2a33e2-7a95-4e66-8ef0-a5b5bd8f1112,APPLIED_REGEX_RULE,traeart,Tilia europaea,Tilia hybr. europaea,latin_regex,add hybrid marker,NA
c5e0a794-960e-4c58-8db6-26dd3f817046,APPLIED_REGEX_RULE,traeart,Tilia europaea,Tilia hybr. europaea,latin_regex,add hybrid marker,NA
9c22662c-b619-41fa-9e55-4acf79aed80c,APPLIED_REGEX_RULE,traeart,Tilia europaea,Tilia hybr. europaea,latin_regex,add hybrid marker,NA
318a525e-41e9-4d35-ab0c-567eb41e4661,APPLIED_REGEX_RULE,traeart,Tilia europaea,Tilia hybr. europaea,latin_regex,add hybrid marker,NA
9981d0c4-b327-4701-961b-df512eebdd7c,APPLIED_REGEX_RULE,traeart,Tilia europaea,Tilia hybr. europaea,latin_regex,add hybrid marker,NA
eaac5fe2-df6e-48b1-bd25-1a9420ea3f73,APPLIED_REGEX_RULE,traeart,Tilia europaea,Tilia hybr. europaea,latin_regex,add hybrid marker,NA
c76f79d6-9d58-4ba6-9ece-3cabadca1487,APPLIED_REGEX_RULE,traeart,Tilia europaea,Tilia hybr. europaea,latin_regex,add hybrid marker,NA
280187eb-0c10-4a2a-bd70-9568d58d904d,APPLIED_REGEX_RULE,traeart,Tilia europaea,Tilia hybr. europaea,latin_regex,add hybrid marker,NA
5a01a5dc-6119-4bd7-beb3-95a0138dd28d,APPLIED_REGEX_RULE,traeart,Tilia europaea,Tilia hybr. europaea,latin_regex,add hybrid marker,NA
ccedfcde-ce59-46da-9120-0d3f91ccaa7d,APPLIED_REGEX_RULE,traeart,Tilia europaea,Tilia hybr. europaea,latin_regex,add hybrid marker,NA
99ea19a6-5853-4dc8-8070-f091937a33ac,APPLIED_REGEX_RULE,traeart,Tilia europaea,Tilia hybr. europaea,latin_regex,add hybrid marker,NA
b9bbf97b-9af7-4f48-a32a-5bd4889140cb,APPLIED_REGEX_RULE,traeart,Tilia europaea,Tilia hybr. europaea,latin_regex,add hybrid marker,NA
1adb1b29-263c-437e-a01f-cadd16f61def,APPLIED_REGEX_RULE,traeart,Tilia europaea,Tilia hybr. europaea,latin_regex,add hybrid marker,NA
75565f2d-a19c-4baf-914c-4494b3f019b8,APPLIED_REGEX_RULE,traeart,Tilia europaea,Tilia hybr. europaea,latin_regex,add hybrid marker,NA
1fa370f8-98f9-4c8b-ab94-992b2c059f9a,APPLIED_REGEX_RULE,traeart,Tilia europaea,Tilia hybr. europaea,latin_regex,add hybrid marker,NA
12799bfe-2a45-48b6-8d42-1005cedf658c,APPLIED_REGEX_RULE,traeart,Tilia europaea,Tilia hybr. europaea,latin_regex,add hybrid marker,NA
717edba2-3aaa-4be0-9855-d310a4672927,APPLIED_REGEX_RULE,traeart,Tilia europaea,Tilia hybr. europaea,latin_regex,add hybrid marker,NA
251a3180-b6a7-4b34-be66-7e3a72d44c72,APPLIED_REGEX_RULE,traeart,Tilia europaea,Tilia hybr. europaea,latin_regex,add hybrid marker,NA
a6e57dd7-9ae8-479f-8c42-a67235614dc3,APPLIED_REGEX_RULE,traeart,Tilia europaea,Tilia hybr. europaea,latin_regex,add hybrid marker,NA
8d52ead2-492a-4f79-bfd4-2d04e7e9ef5f,APPLIED_REGEX_RULE,traeart,Tilia europaea,Tilia hybr. europaea,latin_regex,add hybrid marker,NA
7c75cbd8-5cee-40f8-8ea9-59a172b26de5,APPLIED_REGEX_RULE,traeart,Tilia europaea,Tilia hybr. europaea,latin_regex,add hybrid marker,NA
01e3bb25-50ea-47ad-9aad-5ac45450ba05,APPLIED_REGEX_RULE,traeart,Tilia europaea,Tilia hybr. europaea,latin_regex,add hybrid marker,NA
29d9ebd7-9561-469c-b285-a67b577d7b10,APPLIED_REGEX_RULE,traeart,Tilia europaea,Tilia hybr. europaea,latin_regex,add hybrid marker,NA
90e4cf76-d684-404f-9aa4-f12a9434bdc1,APPLIED_REGEX_RULE,traeart,Tilia europaea,Tilia hybr. europaea,latin_regex,add hybrid marker,NA
47b87e06-b219-49b0-8cc0-0214c6e20ef8,APPLIED_REGEX_RULE,traeart,Tilia europaea,Tilia hybr. europaea,latin_regex,add hybrid marker,NA
3fd745b2-9ebc-4a9f-b2b1-560a08be8b6b,APPLIED_REGEX_RULE,traeart,Tilia europaea,Tilia hybr. europaea,latin_regex,add hybrid marker,NA
d4ee9d74-5b03-413e-95db-df62282fbe5b,APPLIED_REGEX_RULE,traeart,Tilia europaea,Tilia hybr. europaea,latin_regex,add hybrid marker,NA
118ac88d-7b0e-4cd2-803c-8de24f1e1007,APPLIED_REGEX_RULE,traeart,Tilia europaea,Tilia hybr. europaea,latin_regex,add hybrid marker,NA
dc74004b-f58f-4939-9eef-c83ef359dfdf,APPLIED_REGEX_RULE,traeart,Tilia europaea,Tilia hybr. europaea,latin_regex,add hybrid marker,NA
0274180a-6f5b-47eb-a7c5-a37e056fcfee,APPLIED_REGEX_RULE,traeart,Tilia europaea,Tilia hybr. europaea,latin_regex,add hybrid marker,NA
f5462918-c09a-4a1d-b107-7943688355f2,APPLIED_REGEX_RULE,traeart,Tilia europaea,Tilia hybr. europaea,latin_regex,add hybrid marker,NA
b0fc7371-41e5-4a5b-a7f1-f3daaa84c002,APPLIED_REGEX_RULE,traeart,Tilia europaea,Tilia hybr. europaea,latin_regex,add hybrid marker,NA
8870c515-0db8-4930-8dba-a02d81ecd1e4,APPLIED_REGEX_RULE,traeart,Tilia europaea,Tilia hybr. europaea,latin_regex,add hybrid marker,NA
86fc0add-0a7e-452a-b05e-eaab8be109d3,APPLIED_REGEX_RULE,traeart,Tilia europaea,Tilia hybr. europaea,latin_regex,add hybrid marker,NA
e9cf4bbb-755c-4f24-8f38-6d6ef17832f1,APPLIED_REGEX_RULE,traeart,Tilia europaea,Tilia hybr. europaea,latin_regex,add hybrid marker,NA
a407ea8e-3cb2-4e56-8a0f-e81c4db1b541,APPLIED_REGEX_RULE,traeart,Tilia europaea,Tilia hybr. europaea,latin_regex,add hybrid marker,NA
3996b336-5f0c-4110-8dd4-7bc546b0cf17,APPLIED_REGEX_RULE,traeart,Tilia europaea,Tilia hybr. europaea,latin_regex,add hybrid marker,NA
78008d31-1851-474b-b128-17912e64d573,APPLIED_REGEX_RULE,traeart,Tilia europaea,Tilia hybr. europaea,latin_regex,add hybrid marker,NA
27f6ece9-d47f-4ac7-b767-dc3810411710,APPLIED_REGEX_RULE,traeart,Tilia europaea,Tilia hybr. europaea,latin_regex,add hybrid marker,NA
4ea0b927-87f6-4fdc-87f8-420d97662667,APPLIED_REGEX_RULE,traeart,Tilia europaea,Tilia hybr. europaea,latin_regex,add hybrid marker,NA
c10e46fe-9ba9-4be0-af7d-2eeef4593515,APPLIED_REGEX_RULE,traeart,Tilia europaea,Tilia hybr. europaea,latin_regex,add hybrid marker,NA
9ddf49df-80ae-454e-a433-6b6f0cc0b775,APPLIED_REGEX_RULE,traeart,Tilia europaea,Tilia hybr. europaea,latin_regex,add hybrid marker,NA
d73af3da-c5e0-4f91-8510-c00f4e015415,APPLIED_REGEX_RULE,traeart,Tilia europaea,Tilia hybr. europaea,latin_regex,add hybrid marker,NA
85863fbe-7a0a-4dcd-914b-dc5de4abe619,APPLIED_REGEX_RULE,traeart,Tilia europaea,Tilia hybr. europaea,latin_regex,add hybrid marker,NA
5a84bd35-ca08-4e5f-8a0e-05a49e2b7837,APPLIED_REGEX_RULE,traeart,Tilia europaea,Tilia hybr. europaea,latin_regex,add hybrid marker,NA
f34d3267-39da-41be-b272-7e9a5ca161dc,APPLIED_REGEX_RULE,traeart,Tilia europaea,Tilia hybr. europaea,latin_regex,add hybrid marker,NA
7de5883e-bfb1-4ebe-b525-e1121f8d3801,APPLIED_REGEX_RULE,traeart,Tilia europaea,Tilia hybr. europaea,latin_regex,add hybrid marker,NA
4c6156b7-a2b5-466d-a70d-8167fd8f3b39,APPLIED_REGEX_RULE,traeart,Tilia europaea,Tilia hybr. europaea,latin_regex,add hybrid marker,NA
d08b3bad-298b-43ad-8a8b-83cf04c2d89e,APPLIED_REGEX_RULE,traeart,Tilia europaea,Tilia hybr. europaea,latin_regex,add hybrid marker,NA
74243035-9a36-4b14-9c29-624074e8217c,APPLIED_REGEX_RULE,traeart,Tilia europaea,Tilia hybr. europaea,latin_regex,add hybrid marker,NA
3d510b44-1be4-44aa-96f4-797e05b18b45,APPLIED_REGEX_RULE,traeart,Tilia europaea,Tilia hybr. europaea,latin_regex,add hybrid marker,NA
25374707-fe55-45b6-9c9f-546127a8c0df,APPLIED_REGEX_RULE,traeart,Tilia europaea,Tilia hybr. europaea,latin_regex,add hybrid marker,NA
425060c7-df82-43b1-928d-bcccccb82a5d,APPLIED_REGEX_RULE,traeart,Tilia europaea,Tilia hybr. europaea,latin_regex,add hybrid marker,NA
39a1a4fd-74f8-4ff8-9bad-60218a50d0ad,APPLIED_REGEX_RULE,traeart,Tilia europaea,Tilia hybr. europaea,latin_regex,add hybrid marker,NA
4381e266-1fb7-4f45-b8ba-b18c5b1c07e1,APPLIED_REGEX_RULE,traeart,Tilia europaea,Tilia hybr. europaea,latin_regex,add hybrid marker,NA
86d0b29f-16c1-48ab-8072-93c9b47b04bb,APPLIED_REGEX_RULE,traeart,Tilia europaea,Tilia hybr. europaea,latin_regex,add hybrid marker,NA
5de8529a-724c-4465-a0e0-d8f034699bae,APPLIED_REGEX_RULE,traeart,Tilia europaea,Tilia hybr. europaea,latin_regex,add hybrid marker,NA
60de1083-d897-49e8-9998-d7c83bdf38a0,APPLIED_REGEX_RULE,traeart,Tilia europaea,Tilia hybr. europaea,latin_regex,add hybrid marker,NA
54f75856-eb3b-40bd-a664-f2f1fe757511,APPLIED_REGEX_RULE,traeart,Tilia europaea,Tilia hybr. europaea,latin_regex,add hybrid marker,NA
cc19aa76-507a-4c3c-96e7-19a17e0e0661,APPLIED_REGEX_RULE,traeart,Tilia europaea,Tilia hybr. europaea,latin_regex,add hybrid marker,NA
ddeec09f-6ea9-4fc1-a418-a16a0d192409,APPLIED_REGEX_RULE,traeart,Tilia europaea,Tilia hybr. europaea,latin_regex,add hybrid marker,NA
a520039e-b4fd-4038-b734-d7ae1eee93f6,APPLIED_REGEX_RULE,traeart,Tilia europaea,Tilia hybr. europaea,latin_regex,add hybrid marker,NA
31d1d23b-5584-428c-b144-3f03a75a6b40,APPLIED_REGEX_RULE,traeart,Tilia europaea,Tilia hybr. europaea,latin_regex,add hybrid marker,NA
60c23e8e-2b56-4fab-940c-e0d8bbce0d1e,APPLIED_REGEX_RULE,traeart,Tilia europaea,Tilia hybr. europaea,latin_regex,add hybrid marker,NA
eb7d80e0-17f5-4ef3-a05b-156be36f7376,APPLIED_REGEX_RULE,traeart,Tilia europaea,Tilia hybr. europaea,latin_regex,add hybrid marker,NA
308e4097-fef4-495d-a20c-7d355da3719e,APPLIED_REGEX_RULE,traeart,Tilia europaea,Tilia hybr. europaea,latin_regex,add hybrid marker,NA
9411baa8-9e8f-4bee-b229-5e8d1266e781,APPLIED_REGEX_RULE,traeart,Tilia europaea,Tilia hybr. europaea,latin_regex,add hybrid marker,NA
97edd83a-0c8f-4e53-9b49-ab2530d0a467,APPLIED_REGEX_RULE,traeart,Tilia europaea,Tilia hybr. europaea,latin_regex,add hybrid marker,NA
3b9254b9-4a85-432c-ba3b-ca347fa88c96,APPLIED_REGEX_RULE,traeart,Tilia europaea,Tilia hybr. europaea,latin_regex,add hybrid marker,NA
97d471aa-e317-45de-8218-de8a15e78714,APPLIED_REGEX_RULE,traeart,Tilia europaea,Tilia hybr. europaea,latin_regex,add hybrid marker,NA
8cecbf4c-2928-4128-a9c7-d50d41d3e9d1,APPLIED_REGEX_RULE,traeart,Tilia europaea,Tilia hybr. europaea,latin_regex,add hybrid marker,NA
a8a865af-6ef3-4e63-a472-2e6f7bb4feff,APPLIED_REGEX_RULE,traeart,Tilia europaea,Tilia hybr. europaea,latin_regex,add hybrid marker,NA
4da5726d-4236-40f5-8385-2295ea0b7f3e,APPLIED_REGEX_RULE,traeart,Tilia europaea,Tilia hybr. europaea,latin_regex,add hybrid marker,NA
db9ecf9c-d462-48d3-937b-cb74d231c7fc,APPLIED_REGEX_RULE,traeart,Tilia europaea,Tilia hybr. europaea,latin_regex,add hybrid marker,NA
968eb78e-f119-4cfc-911b-86dd3c3bec15,APPLIED_REGEX_RULE,traeart,Tilia europaea,Tilia hybr. europaea,latin_regex,add hybrid marker,NA
4b21ac6d-4a69-4345-8f84-3b2932343b92,APPLIED_REGEX_RULE,traeart,Tilia europaea,Tilia hybr. europaea,latin_regex,add hybrid marker,NA
56bb2cbd-3a68-4669-9310-08692ef6d887,APPLIED_REGEX_RULE,traeart,Tilia europaea,Tilia hybr. europaea,latin_regex,add hybrid marker,NA
8e33abe5-b8b1-452a-8ab8-d78b3a589246,APPLIED_REGEX_RULE,traeart,Tilia europaea,Tilia hybr. europaea,latin_regex,add hybrid marker,NA
4372270a-2285-42d3-9675-f46cea6f62ae,APPLIED_REGEX_RULE,traeart,Tilia europaea,Tilia hybr. europaea,latin_regex,add hybrid marker,NA
5dbf829e-a894-4527-917c-303800b926c3,APPLIED_REGEX_RULE,traeart,Tilia europaea,Tilia hybr. europaea,latin_regex,add hybrid marker,NA
2311a599-4cb2-463b-a671-ee5df09b8a01,APPLIED_REGEX_RULE,traeart,Tilia europaea,Tilia hybr. europaea,latin_regex,add hybrid marker,NA
e37876e6-0567-4b68-a4f7-0ca4e95d0e2d,APPLIED_REGEX_RULE,traeart,Tilia europaea,Tilia hybr. europaea,latin_regex,add hybrid marker,NA
2f06a2da-883f-473f-996c-1221fb1425c3,APPLIED_REGEX_RULE,traeart,Tilia europaea,Tilia hybr. europaea,latin_regex,add hybrid marker,NA
01cad0e1-9788-489b-b4fc-5fb6bd225b17,APPLIED_REGEX_RULE,traeart,Tilia europaea,Tilia hybr. europaea,latin_regex,add hybrid marker,NA
60afacf2-a7c4-4a6a-acc5-6fb79ca7faa0,APPLIED_REGEX_RULE,traeart,Tilia europaea,Tilia hybr. europaea,latin_regex,add hybrid marker,NA
03a2c906-24d4-4f1e-81a0-6f6d6bb36c5e,APPLIED_REGEX_RULE,traeart,Tilia europaea,Tilia hybr. europaea,latin_regex,add hybrid marker,NA
ff44c638-2da1-4d2f-8a0b-a13238860597,APPLIED_REGEX_RULE,traeart,Tilia europaea,Tilia hybr. europaea,latin_regex,add hybrid marker,NA
1e06882d-5b9f-4a39-8b16-cfe6d3944a17,APPLIED_REGEX_RULE,traeart,Tilia europaea,Tilia hybr. europaea,latin_regex,add hybrid marker,NA
84c3b08b-ca0a-4d04-ab5a-75040f06c71b,APPLIED_REGEX_RULE,traeart,Tilia europaea,Tilia hybr. europaea,latin_regex,add hybrid marker,NA
4055f21e-5c75-41ae-8cda-92d6f83296dd,APPLIED_REGEX_RULE,traeart,Tilia europaea,Tilia hybr. europaea,latin_regex,add hybrid marker,NA
2ebf875c-7d52-4489-9d4a-ad19aabe88a4,APPLIED_REGEX_RULE,traeart,Tilia europaea,Tilia hybr. europaea,latin_regex,add hybrid marker,NA
56770e13-fb2c-41d5-bee5-a9fdb149d097,APPLIED_REGEX_RULE,traeart,Tilia europaea,Tilia hybr. europaea,latin_regex,add hybrid marker,NA
37efb004-fe7b-4d75-8fe7-384311ff51ff,APPLIED_REGEX_RULE,traeart,Tilia europaea,Tilia hybr. europaea,latin_regex,add hybrid marker,NA
ef776bf5-8957-4ea1-90df-37cc82ac6456,APPLIED_REGEX_RULE,traeart,Tilia europaea,Tilia hybr. europaea,latin_regex,add hybrid marker,NA
cdc1ae7f-894d-4958-8a6d-2f2828192c4c,APPLIED_REGEX_RULE,traeart,Tilia europaea,Tilia hybr. europaea,latin_regex,add hybrid marker,NA
343104de-2a92-4140-8d94-079955f2cada,APPLIED_REGEX_RULE,traeart,Tilia europaea,Tilia hybr. europaea,latin_regex,add hybrid marker,NA
6bfcb6fc-e493-4e29-ae7b-703924caf4c9,APPLIED_REGEX_RULE,traeart,Tilia europaea,Tilia hybr. europaea,latin_regex,add hybrid marker,NA
2f04e6a1-d61d-4ea2-8f57-9a3acfc3d295,APPLIED_REGEX_RULE,traeart,Tilia europaea,Tilia hybr. europaea,latin_regex,add hybrid marker,NA
513c8579-487e-40c9-ad49-772dcb3c0043,APPLIED_REGEX_RULE,traeart,Tilia europaea,Tilia hybr. europaea,latin_regex,add hybrid marker,NA
82e2d4cd-edca-41b2-8285-e1bbc8230540,APPLIED_REGEX_RULE,traeart,Tilia europaea,Tilia hybr. europaea,latin_regex,add hybrid marker,NA
606275bd-4b82-44fd-8d83-bc10bb1fdb6e,APPLIED_REGEX_RULE,traeart,Tilia europaea,Tilia hybr. europaea,latin_regex,add hybrid marker,NA
1ccb00a1-d656-4c03-a500-d5f27b2a92ff,APPLIED_REGEX_RULE,traeart,Tilia europaea,Tilia hybr. europaea,latin_regex,add hybrid marker,NA
a4bb2057-079a-46f1-8175-744ed3e1c465,APPLIED_REGEX_RULE,traeart,Tilia europaea,Tilia hybr. europaea,latin_regex,add hybrid marker,NA
763ab171-9fbc-4a91-b955-a5f382241a7b,APPLIED_REGEX_RULE,traeart,Tilia europaea,Tilia hybr. europaea,latin_regex,add hybrid marker,NA
59ffe03a-4cea-4847-b493-7cd87a70ed15,APPLIED_REGEX_RULE,traeart,Tilia europaea,Tilia hybr. europaea,latin_regex,add hybrid marker,NA
4da0bb9e-da0f-4ffa-b8cd-6f43403aba15,APPLIED_REGEX_RULE,traeart,Tilia europaea,Tilia hybr. europaea,latin_regex,add hybrid marker,NA
dab6d22e-86e5-414e-b24e-0ec84f158e38,APPLIED_REGEX_RULE,traeart,Tilia europaea,Tilia hybr. europaea,latin_regex,add hybrid marker,NA
1120b9f1-0811-40d6-80a6-00323a59abf3,APPLIED_REGEX_RULE,traeart,Tilia europaea,Tilia hybr. europaea,latin_regex,add hybrid marker,NA
f051b87e-ad13-4cb7-b5f7-5bb633851262,APPLIED_REGEX_RULE,traeart,Tilia europaea,Tilia hybr. europaea,latin_regex,add hybrid marker,NA
99915b18-6455-466c-85b9-d5da29e8838a,APPLIED_REGEX_RULE,traeart,Tilia europaea,Tilia hybr. europaea,latin_regex,add hybrid marker,NA
1344a5a8-d669-46e8-8af0-b81ef169107a,APPLIED_REGEX_RULE,traeart,Tilia europaea,Tilia hybr. europaea,latin_regex,add hybrid marker,NA
da2a2c3a-12f9-4f7a-85fe-aab42286b2a5,APPLIED_REGEX_RULE,traeart,Tilia europaea,Tilia hybr. europaea,latin_regex,add hybrid marker,NA
3328a3cf-655e-4d77-b2b1-6bd3f9cca4a8,APPLIED_REGEX_RULE,traeart,Tilia europaea,Tilia hybr. europaea,latin_regex,add hybrid marker,NA
c8619cfe-e33b-4562-afff-71c253165530,APPLIED_REGEX_RULE,traeart,Tilia europaea,Tilia hybr. europaea,latin_regex,add hybrid marker,NA
a6b663f9-ff53-4629-908f-0a5e156fd1b3,APPLIED_REGEX_RULE,traeart,Tilia europaea,Tilia hybr. europaea,latin_regex,add hybrid marker,NA
9a11c036-4b74-44d8-a71f-1e9eeca3f51d,APPLIED_REGEX_RULE,traeart,Tilia europaea,Tilia hybr. europaea,latin_regex,add hybrid marker,NA
c5d369dd-be44-44a9-ab8a-2dd2c375e8e5,APPLIED_REGEX_RULE,traeart,Tilia europaea,Tilia hybr. europaea,latin_regex,add hybrid marker,NA
4c479649-b10b-4736-b1ab-6f006d6f80d7,APPLIED_REGEX_RULE,traeart,Tilia europaea,Tilia hybr. europaea,latin_regex,add hybrid marker,NA
28cd2296-2c9f-497c-8f78-2193d87f1ef9,APPLIED_REGEX_RULE,traeart,Tilia europaea,Tilia hybr. europaea,latin_regex,add hybrid marker,NA
11362d3f-b4d1-4a3f-990e-d9f06277a1c9,APPLIED_REGEX_RULE,traeart,Tilia europaea,Tilia hybr. europaea,latin_regex,add hybrid marker,NA
710a95c4-0b88-433c-bb42-ce616d8573ac,APPLIED_REGEX_RULE,traeart,Tilia europaea,Tilia hybr. europaea,latin_regex,add hybrid marker,NA
f3dc38ff-444c-41c8-9d71-fb30cea21eda,APPLIED_REGEX_RULE,traeart,Tilia europaea,Tilia hybr. europaea,latin_regex,add hybrid marker,NA
cd1dc060-5fde-4a4f-be45-9411b9b523be,APPLIED_REGEX_RULE,traeart,Tilia europaea,Tilia hybr. europaea,latin_regex,add hybrid marker,NA
9c628a43-e753-4f07-83eb-d5f0481718b7,APPLIED_REGEX_RULE,traeart,Tilia europaea,Tilia hybr. europaea,latin_regex,add hybrid marker,NA
b3f87c42-a83a-4483-a031-b4de40d443d1,APPLIED_REGEX_RULE,traeart,Tilia europaea,Tilia hybr. europaea,latin_regex,add hybrid marker,NA
e000544c-b214-46c5-b701-99bcdfa91400,APPLIED_REGEX_RULE,traeart,Tilia europaea,Tilia hybr. europaea,latin_regex,add hybrid marker,NA
0b353d30-638d-4aca-a412-eeedee662b8e,APPLIED_REGEX_RULE,traeart,Tilia europaea,Tilia hybr. europaea,latin_regex,add hybrid marker,NA
3a01c359-a335-454e-9319-67c89b738c15,APPLIED_REGEX_RULE,traeart,Tilia europaea,Tilia hybr. europaea,latin_regex,add hybrid marker,NA
7b38a616-d41e-4e47-8f8a-bc5b58ebe399,APPLIED_REGEX_RULE,traeart,Tilia europaea,Tilia hybr. europaea,latin_regex,add hybrid marker,NA
d2beb15b-7318-44f4-b1db-b1599979cebc,APPLIED_REGEX_RULE,traeart,Tilia europaea,Tilia hybr. europaea,latin_regex,add hybrid marker,NA
b03e3792-7a08-4482-923a-7782fe401c4f,APPLIED_REGEX_RULE,traeart,Tilia europaea,Tilia hybr. europaea,latin_regex,add hybrid marker,NA
63222f25-73d5-460b-8d8c-2b38f2208e03,APPLIED_REGEX_RULE,traeart,Tilia europaea,Tilia hybr. europaea,latin_regex,add hybrid marker,NA
9d81592d-ace8-42ac-8113-56b8cddf02b4,APPLIED_REGEX_RULE,traeart,Tilia europaea,Tilia hybr. europaea,latin_regex,add hybrid marker,NA
e785f52a-62cb-49ae-b755-ca6744be04f9,APPLIED_REGEX_RULE,traeart,Tilia europaea,Tilia hybr. europaea,latin_regex,add hybrid marker,NA
659ba4dc-7d7f-4143-a5c3-74ed82a1130b,APPLIED_REGEX_RULE,traeart,Tilia europaea,Tilia hybr. europaea,latin_regex,add hybrid marker,NA
b000c35f-49f6-4376-956c-ea501be96fa5,APPLIED_REGEX_RULE,traeart,Tilia europaea,Tilia hybr. europaea,latin_regex,add hybrid marker,NA
75d36cf5-f88a-4e3d-b2f1-6f5589d3bf12,APPLIED_REGEX_RULE,traeart,Tilia europaea,Tilia hybr. europaea,latin_regex,add hybrid marker,NA
6382821c-3bfe-49cb-843d-2c801ee74c72,APPLIED_REGEX_RULE,traeart,Tilia europaea,Tilia hybr. europaea,latin_regex,add hybrid marker,NA
bd289a8a-be72-4160-8275-8e62615192f3,APPLIED_REGEX_RULE,traeart,Tilia europaea,Tilia hybr. europaea,latin_regex,add hybrid marker,NA
99e644e7-71ca-4a6a-bbd0-06f2c8c23b72,APPLIED_REGEX_RULE,traeart,Tilia europaea,Tilia hybr. europaea,latin_regex,add hybrid marker,NA
c418f412-f3bc-4a49-bd76-7cd0bcef4012,APPLIED_REGEX_RULE,traeart,Tilia europaea,Tilia hybr. europaea,latin_regex,add hybrid marker,NA
15940372-7db7-4e54-9b0f-40cca9d6e626,APPLIED_REGEX_RULE,traeart,Tilia europaea,Tilia hybr. europaea,latin_regex,add hybrid marker,NA
8402bd8d-241a-456a-8058-b192c921155d,APPLIED_REGEX_RULE,traeart,Tilia europaea,Tilia hybr. europaea,latin_regex,add hybrid marker,NA
19fc2591-c2e5-459b-8723-3b9ecd021b60,APPLIED_REGEX_RULE,traeart,Tilia europaea,Tilia hybr. europaea,latin_regex,add hybrid marker,NA
ab5ff024-998b-499e-a5bf-561f6b80b95d,APPLIED_REGEX_RULE,traeart,Tilia europaea,Tilia hybr. europaea,latin_regex,add hybrid marker,NA
f192195e-f1d5-492b-9b12-1024647a7535,APPLIED_REGEX_RULE,traeart,Tilia europaea,Tilia hybr. europaea,latin_regex,add hybrid marker,NA
7440b7ad-6b36-4176-964a-0f6d8dd10493,APPLIED_REGEX_RULE,traeart,Tilia europaea,Tilia hybr. europaea,latin_regex,add hybrid marker,NA
1f5b142c-1567-4673-9083-192e7c97bb9c,APPLIED_REGEX_RULE,traeart,Tilia europaea,Tilia hybr. europaea,latin_regex,add hybrid marker,NA
ea373e65-83ec-4d6b-844f-a9b3e934ffe3,APPLIED_REGEX_RULE,traeart,Tilia europaea,Tilia hybr. europaea,latin_regex,add hybrid marker,NA
b0fc4e9d-36ca-4242-8754-1eaeee777e91,APPLIED_REGEX_RULE,traeart,Tilia europaea,Tilia hybr. europaea,latin_regex,add hybrid marker,NA
f3aa875d-eb74-4361-a34d-5cd3fbd301e7,APPLIED_REGEX_RULE,traeart,Tilia europaea,Tilia hybr. europaea,latin_regex,add hybrid marker,NA
db634fb2-ced7-4b75-bcca-06ca9f768739,APPLIED_REGEX_RULE,traeart,Tilia europaea,Tilia hybr. europaea,latin_regex,add hybrid marker,NA
aa4cda40-eec5-476d-9e2b-d4b488727067,APPLIED_REGEX_RULE,traeart,Tilia europaea,Tilia hybr. europaea,latin_regex,add hybrid marker,NA
420f84de-0138-4176-93e5-94f805ff3728,APPLIED_REGEX_RULE,traeart,Tilia europaea,Tilia hybr. europaea,latin_regex,add hybrid marker,NA
1a3ac359-bab8-469c-91cd-403927f43de3,APPLIED_REGEX_RULE,traeart,Tilia europaea,Tilia hybr. europaea,latin_regex,add hybrid marker,NA
c089ae8d-950f-4d42-b4ab-58e434851e3b,APPLIED_REGEX_RULE,traeart,Tilia europaea,Tilia hybr. europaea,latin_regex,add hybrid marker,NA
0d1c872b-14ee-41d1-9812-46425fd22773,APPLIED_REGEX_RULE,traeart,Tilia europaea,Tilia hybr. europaea,latin_regex,add hybrid marker,NA
7c5bd8dc-eff9-46c4-b867-d8541416284a,APPLIED_REGEX_RULE,traeart,Tilia europaea,Tilia hybr. europaea,latin_regex,add hybrid marker,NA
154c2ff7-676b-4533-af64-f98fdf762edc,APPLIED_REGEX_RULE,traeart,Tilia europaea,Tilia hybr. europaea,latin_regex,add hybrid marker,NA
c2de89a2-8638-4cbe-8a77-7860ab1780c3,APPLIED_REGEX_RULE,traeart,Tilia europaea,Tilia hybr. europaea,latin_regex,add hybrid marker,NA
a2a90056-3264-41fe-8c1d-e8766431f5c0,APPLIED_REGEX_RULE,traeart,Tilia europaea,Tilia hybr. europaea,latin_regex,add hybrid marker,NA
b874b7f5-1892-4989-ad83-2d9ebc9338f1,APPLIED_REGEX_RULE,traeart,Tilia europaea,Tilia hybr. europaea,latin_regex,add hybrid marker,NA
e4ee93f7-24d8-4cb7-9a1f-7cf1af505e40,APPLIED_REGEX_RULE,traeart,Tilia europaea,Tilia hybr. europaea,latin_regex,add hybrid marker,NA
4033972f-ae45-4c48-a059-db4d8d6496e4,APPLIED_REGEX_RULE,traeart,Tilia europaea,Tilia hybr. europaea,latin_regex,add hybrid marker,NA
f2941ab9-1f65-43c3-9ae0-b9b09902822a,APPLIED_REGEX_RULE,traeart,Tilia europaea,Tilia hybr. europaea,latin_regex,add hybrid marker,NA
b87fe028-e852-450c-b33c-8b3e1682a63e,APPLIED_REGEX_RULE,traeart,Tilia europaea,Tilia hybr. europaea,latin_regex,add hybrid marker,NA
9194a3e3-badf-44e4-b491-80130de84752,APPLIED_REGEX_RULE,traeart,Tilia europaea,Tilia hybr. europaea,latin_regex,add hybrid marker,NA
ac66b23f-8ad7-4e34-ac79-5b699c4c3101,APPLIED_REGEX_RULE,traeart,Tilia europaea,Tilia hybr. europaea,latin_regex,add hybrid marker,NA
73cfb1d4-ee00-4611-9446-40af72d19d78,APPLIED_REGEX_RULE,traeart,Tilia europaea,Tilia hybr. europaea,latin_regex,add hybrid marker,NA
6c773686-fd35-41de-ace5-a2fe09b19dcf,APPLIED_REGEX_RULE,traeart,Tilia europaea,Tilia hybr. europaea,latin_regex,add hybrid marker,NA
3f596c01-92f9-43c0-916c-616f0021d88f,APPLIED_REGEX_RULE,traeart,Tilia europaea,Tilia hybr. europaea,latin_regex,add hybrid marker,NA
7432114a-c649-4f5b-aad0-0ea20b55ee3a,APPLIED_REGEX_RULE,traeart,Tilia europaea,Tilia hybr. europaea,latin_regex,add hybrid marker,NA
d5b344e3-9d9d-4ac4-9c13-3d96fce6c326,APPLIED_REGEX_RULE,traeart,Tilia europaea,Tilia hybr. europaea,latin_regex,add hybrid marker,NA
ca664e42-5774-4649-842f-6ff9a4887aa0,APPLIED_REGEX_RULE,traeart,Tilia europaea,Tilia hybr. europaea,latin_regex,add hybrid marker,NA
aeb984f2-d442-4afc-a813-29fc0421db24,APPLIED_REGEX_RULE,traeart,Tilia europaea,Tilia hybr. europaea,latin_regex,add hybrid marker,NA
4a6bd8ba-3f68-49db-9a17-8d4e74c9b2b1,APPLIED_REGEX_RULE,traeart,Tilia europaea,Tilia hybr. europaea,latin_regex,add hybrid marker,NA
d8701a91-943c-4eb3-b081-879edf70402f,APPLIED_REGEX_RULE,traeart,Tilia europaea,Tilia hybr. europaea,latin_regex,add hybrid marker,NA
27f7a7a6-9316-452a-b9c9-454b2496e877,APPLIED_REGEX_RULE,traeart,Tilia europaea,Tilia hybr. europaea,latin_regex,add hybrid marker,NA
faa91446-e2d4-464d-a7cd-95f6ce0d8142,APPLIED_REGEX_RULE,traeart,Tilia europaea,Tilia hybr. europaea,latin_regex,add hybrid marker,NA
7be1c9ee-60fd-41ee-9a7e-7552d4e0872f,APPLIED_REGEX_RULE,traeart,Tilia europaea,Tilia hybr. europaea,latin_regex,add hybrid marker,NA
45444908-72ea-4dec-b707-11883e1353d9,APPLIED_REGEX_RULE,traeart,Tilia europaea,Tilia hybr. europaea,latin_regex,add hybrid marker,NA
2b28fde0-f8ed-461c-9061-4419a18441c5,APPLIED_REGEX_RULE,traeart,Tilia europaea,Tilia hybr. europaea,latin_regex,add hybrid marker,NA
27817cc1-9097-401c-99b8-9d4be8c9947a,APPLIED_REGEX_RULE,traeart,Tilia europaea,Tilia hybr. europaea,latin_regex,add hybrid marker,NA
4fd8938c-2405-48bf-bea4-ed959fa3883e,APPLIED_REGEX_RULE,traeart,Tilia europaea,Tilia hybr. europaea,latin_regex,add hybrid marker,NA
66929a1a-0ce3-4491-b7b0-ada3268cbdb4,APPLIED_REGEX_RULE,traeart,Tilia europaea,Tilia hybr. europaea,latin_regex,add hybrid marker,NA
8d2671d9-f814-406b-9879-c592bac5d686,APPLIED_REGEX_RULE,traeart,Tilia europaea,Tilia hybr. europaea,latin_regex,add hybrid marker,NA
b87d936c-7eb8-4b16-a472-f4820430a5ae,APPLIED_REGEX_RULE,traeart,Tilia europaea,Tilia hybr. europaea,latin_regex,add hybrid marker,NA
10ae3a2c-03ce-4c7a-9ff9-ea6e3ebbb9fe,APPLIED_REGEX_RULE,traeart,Tilia europaea,Tilia hybr. europaea,latin_regex,add hybrid marker,NA
c20aa525-3cde-4044-867e-9ad61f64190e,APPLIED_REGEX_RULE,traeart,Tilia europaea,Tilia hybr. europaea,latin_regex,add hybrid marker,NA
711ffbab-975f-4442-8ee1-0e7ef1761b77,APPLIED_REGEX_RULE,traeart,Tilia europaea,Tilia hybr. europaea,latin_regex,add hybrid marker,NA
717ee2ba-51f0-478f-9a53-f5001e9bda60,APPLIED_REGEX_RULE,traeart,Tilia europaea,Tilia hybr. europaea,latin_regex,add hybrid marker,NA
26b24e85-7705-41fd-b790-7945260c99f1,APPLIED_REGEX_RULE,traeart,Tilia europaea,Tilia hybr. europaea,latin_regex,add hybrid marker,NA
37a2c4ce-ebff-4a45-9403-df6dc0be1c12,APPLIED_REGEX_RULE,traeart,Tilia europaea,Tilia hybr. europaea,latin_regex,add hybrid marker,NA
f91de59a-af8c-469a-afd5-28df4b16cad6,APPLIED_REGEX_RULE,traeart,Tilia europaea,Tilia hybr. europaea,latin_regex,add hybrid marker,NA
e2350442-e15d-4481-9e58-c17e23c1c9c4,APPLIED_REGEX_RULE,traeart,Tilia europaea,Tilia hybr. europaea,latin_regex,add hybrid marker,NA
a8217466-2d5e-491f-ba2d-07723180946e,APPLIED_REGEX_RULE,traeart,Tilia europaea,Tilia hybr. europaea,latin_regex,add hybrid marker,NA
4192fd2a-748c-4731-a8e7-b7d49ce0ae74,APPLIED_REGEX_RULE,traeart,Tilia europaea,Tilia hybr. europaea,latin_regex,add hybrid marker,NA
5d676c4d-1f0b-4331-ab74-c2fa4718df8a,APPLIED_REGEX_RULE,traeart,Tilia europaea,Tilia hybr. europaea,latin_regex,add hybrid marker,NA
07ea28f0-0bca-434e-8d21-efe890710cc9,APPLIED_REGEX_RULE,traeart,Tilia europaea,Tilia hybr. europaea,latin_regex,add hybrid marker,NA
c945c5a3-c172-46cc-a28d-398a6b53d028,APPLIED_REGEX_RULE,traeart,Tilia europaea,Tilia hybr. europaea,latin_regex,add hybrid marker,NA
1f4bed01-f516-45fa-9225-242fa73c1f10,APPLIED_REGEX_RULE,traeart,Tilia europaea,Tilia hybr. europaea,latin_regex,add hybrid marker,NA
a0d61c29-0fea-4b66-a589-ad9dd7f4ee93,APPLIED_REGEX_RULE,traeart,Tilia europaea,Tilia hybr. europaea,latin_regex,add hybrid marker,NA
3886c429-78dc-4816-89e8-207cf2cd1ffe,APPLIED_REGEX_RULE,traeart,Tilia europaea,Tilia hybr. europaea,latin_regex,add hybrid marker,NA
9c54e6ec-4bcf-41d4-b4c0-dd9c59c211ad,APPLIED_REGEX_RULE,traeart,Tilia europaea,Tilia hybr. europaea,latin_regex,add hybrid marker,NA
faa7c07a-7ae7-4c0a-9e64-bc79b2ab3bf1,APPLIED_REGEX_RULE,traeart,Tilia europaea,Tilia hybr. europaea,latin_regex,add hybrid marker,NA
ab9893f8-fc71-4758-a836-cebd59995e3f,APPLIED_REGEX_RULE,traeart,Tilia europaea,Tilia hybr. europaea,latin_regex,add hybrid marker,NA
b0bac2e7-6863-416f-b986-2e417b818d45,APPLIED_REGEX_RULE,traeart,Tilia europaea,Tilia hybr. europaea,latin_regex,add hybrid marker,NA
aaf95be1-907b-4b22-a805-b409385d310a,APPLIED_REGEX_RULE,traeart,Tilia europaea,Tilia hybr. europaea,latin_regex,add hybrid marker,NA
08b9e2dc-20b1-41c2-b6c9-3836e78d5b17,APPLIED_REGEX_RULE,traeart,Tilia europaea,Tilia hybr. europaea,latin_regex,add hybrid marker,NA
076ceb8c-d676-42ce-b1c2-488d95840759,APPLIED_REGEX_RULE,traeart,Tilia europaea,Tilia hybr. europaea,latin_regex,add hybrid marker,NA
75762e31-0a5c-4443-a322-0025e7a825b2,APPLIED_REGEX_RULE,traeart,Tilia europaea,Tilia hybr. europaea,latin_regex,add hybrid marker,NA
2c75b004-9ace-4a34-b805-f0e9dee635d5,APPLIED_REGEX_RULE,traeart,Tilia europaea,Tilia hybr. europaea,latin_regex,add hybrid marker,NA
cca6d6c1-9700-4493-9f0b-f80c9ffed8ed,APPLIED_REGEX_RULE,traeart,Tilia europaea,Tilia hybr. europaea,latin_regex,add hybrid marker,NA
44ece656-1983-4c7c-9800-0ef6650bc5a7,APPLIED_REGEX_RULE,traeart,Tilia europaea,Tilia hybr. europaea,latin_regex,add hybrid marker,NA
35af8b67-b141-4ef5-9191-b86fc19ac552,APPLIED_REGEX_RULE,traeart,Tilia europaea,Tilia hybr. europaea,latin_regex,add hybrid marker,NA
4d010438-0793-4b3f-960b-fab6b6a17416,APPLIED_REGEX_RULE,traeart,Tilia europaea,Tilia hybr. europaea,latin_regex,add hybrid marker,NA
8bd7b65c-b15c-41be-ad29-48564756e2fd,APPLIED_REGEX_RULE,traeart,Tilia europaea,Tilia hybr. europaea,latin_regex,add hybrid marker,NA
9ea82d7d-7b47-4cef-8c3e-9a7c38c572fa,APPLIED_REGEX_RULE,traeart,Tilia europaea,Tilia hybr. europaea,latin_regex,add hybrid marker,NA
335000c7-52a2-4b87-b7cd-8b41ef2b6728,APPLIED_REGEX_RULE,traeart,Tilia europaea,Tilia hybr. europaea,latin_regex,add hybrid marker,NA
371776f8-5a10-4168-b740-138acb0c9e98,APPLIED_REGEX_RULE,traeart,Tilia europaea,Tilia hybr. europaea,latin_regex,add hybrid marker,NA
71dad237-7bc2-459f-b4c8-eb5ba8e635b0,APPLIED_REGEX_RULE,traeart,Tilia europaea,Tilia hybr. europaea,latin_regex,add hybrid marker,NA
c4f80577-133a-4319-a184-f1b9508e5a24,APPLIED_REGEX_RULE,traeart,Tilia europaea,Tilia hybr. europaea,latin_regex,add hybrid marker,NA
894dba83-3838-43fc-97a2-893359e0f322,APPLIED_REGEX_RULE,traeart,Tilia europaea,Tilia hybr. europaea,latin_regex,add hybrid marker,NA
86fb5359-89b4-41a5-9ba0-b523a341c385,APPLIED_REGEX_RULE,traeart,Tilia europaea,Tilia hybr. europaea,latin_regex,add hybrid marker,NA
c456aea7-909b-4b98-ab88-e9743680d32f,APPLIED_REGEX_RULE,traeart,Tilia europaea,Tilia hybr. europaea,latin_regex,add hybrid marker,NA
f1b8bdf5-2156-48d6-9224-ada48b2f32b2,APPLIED_REGEX_RULE,traeart,Tilia europaea,Tilia hybr. europaea,latin_regex,add hybrid marker,NA
a31bfe81-b37a-4a8b-9ef5-c89ccbad58ec,APPLIED_REGEX_RULE,traeart,Tilia europaea,Tilia hybr. europaea,latin_regex,add hybrid marker,NA
2f1db56a-7959-4a8f-a3b8-d148b8406aae,APPLIED_REGEX_RULE,traeart,Tilia europaea,Tilia hybr. europaea,latin_regex,add hybrid marker,NA
b00baa35-4e5f-4bf8-9da0-a0d08b611fe5,APPLIED_REGEX_RULE,traeart,Tilia europaea,Tilia hybr. europaea,latin_regex,add hybrid marker,NA
9ddf6b75-a30c-44f9-a084-e64814b13f20,APPLIED_REGEX_RULE,traeart,Tilia europaea,Tilia hybr. europaea,latin_regex,add hybrid marker,NA
03bdd102-1e94-4061-b598-8aafaf09a11f,APPLIED_REGEX_RULE,traeart,Tilia europaea,Tilia hybr. europaea,latin_regex,add hybrid marker,NA
9ea8553f-b128-465e-81b4-2dab000610a9,APPLIED_REGEX_RULE,traeart,Tilia europaea,Tilia hybr. europaea,latin_regex,add hybrid marker,NA
a447ed6b-803c-4db6-be76-f1d0b7008ee2,APPLIED_REGEX_RULE,traeart,Tilia europaea,Tilia hybr. europaea,latin_regex,add hybrid marker,NA
68c0b433-6fe3-4ec7-9d7f-830a106f1ac5,APPLIED_REGEX_RULE,traeart,Tilia europaea,Tilia hybr. europaea,latin_regex,add hybrid marker,NA
d8cdbac6-e22f-4ee9-8e9b-c479a852bd82,APPLIED_REGEX_RULE,traeart,Tilia europaea,Tilia hybr. europaea,latin_regex,add hybrid marker,NA
51d01b84-e81c-4ccf-bcbe-bb3caead7821,APPLIED_REGEX_RULE,traeart,Tilia europaea,Tilia hybr. europaea,latin_regex,add hybrid marker,NA
dc6f6028-9154-4be3-b5d8-15597e30cad1,APPLIED_REGEX_RULE,traeart,Tilia europaea,Tilia hybr. europaea,latin_regex,add hybrid marker,NA
d4434a2e-504a-4f2a-9080-9ca3a6ae3642,APPLIED_REGEX_RULE,traeart,Tilia europaea,Tilia hybr. europaea,latin_regex,add hybrid marker,NA
ca06d19d-0570-444a-bd01-0fd7b8a375fd,APPLIED_REGEX_RULE,traeart,Tilia europaea,Tilia hybr. europaea,latin_regex,add hybrid marker,NA
b48d840e-1ec7-4cae-9fca-6dbd2e99f5c4,APPLIED_REGEX_RULE,traeart,Tilia europaea,Tilia hybr. europaea,latin_regex,add hybrid marker,NA
d850c6d9-bcc9-406c-85e7-331386c11f98,APPLIED_REGEX_RULE,traeart,Tilia europaea,Tilia hybr. europaea,latin_regex,add hybrid marker,NA
3195028b-2d14-44a3-9c15-1662e989c568,APPLIED_REGEX_RULE,traeart,Tilia europaea,Tilia hybr. europaea,latin_regex,add hybrid marker,NA
5cbeb798-4bec-41ef-a9c7-1cca7cdbbdcd,APPLIED_REGEX_RULE,traeart,Tilia europaea,Tilia hybr. europaea,latin_regex,add hybrid marker,NA
1096a9a1-3f07-4064-8ba6-dd4015ad0cdc,APPLIED_REGEX_RULE,traeart,Tilia europaea,Tilia hybr. europaea,latin_regex,add hybrid marker,NA
d52f000f-e322-415a-9ec5-1a50ece2ef95,APPLIED_REGEX_RULE,traeart,Tilia europaea,Tilia hybr. europaea,latin_regex,add hybrid marker,NA
e42162e3-dc0f-40e9-8f99-ae17e90b0bec,APPLIED_REGEX_RULE,traeart,Tilia europaea,Tilia hybr. europaea,latin_regex,add hybrid marker,NA
01c28f52-6b95-4920-9d89-ca0090e12491,APPLIED_REGEX_RULE,traeart,Tilia europaea,Tilia hybr. europaea,latin_regex,add hybrid marker,NA
3f217ad1-054c-425f-9912-3697c1ad5d31,APPLIED_REGEX_RULE,traeart,Tilia europaea,Tilia hybr. europaea,latin_regex,add hybrid marker,NA
299fb9f3-6f93-4be0-8e26-fdd010bfb2b5,APPLIED_REGEX_RULE,traeart,Tilia europaea,Tilia hybr. europaea,latin_regex,add hybrid marker,NA
d7f66db3-5060-4ea1-8bba-fe086f22cde7,APPLIED_REGEX_RULE,traeart,Tilia europaea,Tilia hybr. europaea,latin_regex,add hybrid marker,NA
a9469a93-7d3b-4475-aa0a-aa3eb54eb7ce,APPLIED_REGEX_RULE,traeart,Tilia europaea,Tilia hybr. europaea,latin_regex,add hybrid marker,NA
2f1ad185-7363-4417-9c32-755d831c99f3,APPLIED_REGEX_RULE,traeart,Tilia europaea,Tilia hybr. europaea,latin_regex,add hybrid marker,NA
86ada5f3-40b2-4997-98d5-228b48f7f57e,APPLIED_REGEX_RULE,traeart,Tilia europaea,Tilia hybr. europaea,latin_regex,add hybrid marker,NA
23efbfae-9a08-4557-a2af-15d6c82f3f62,APPLIED_REGEX_RULE,traeart,Tilia europaea,Tilia hybr. europaea,latin_regex,add hybrid marker,NA
aedae5d6-6ca1-474e-8c31-1a4f1a9e332b,APPLIED_REGEX_RULE,traeart,Tilia europaea,Tilia hybr. europaea,latin_regex,add hybrid marker,NA
b82ea05e-b183-4f38-8822-f2225f481af1,APPLIED_REGEX_RULE,traeart,Tilia europaea,Tilia hybr. europaea,latin_regex,add hybrid marker,NA
da8ffbe9-bf1c-4e1c-864a-507ae7294e59,APPLIED_REGEX_RULE,traeart,Tilia europaea,Tilia hybr. europaea,latin_regex,add hybrid marker,NA
c778ffec-73f4-48cf-b378-f4edb653eede,APPLIED_REGEX_RULE,traeart,Tilia europaea,Tilia hybr. europaea,latin_regex,add hybrid marker,NA
806bfeb2-0d2f-402f-8df6-cf4330e922d1,APPLIED_REGEX_RULE,traeart,Tilia europaea,Tilia hybr. europaea,latin_regex,add hybrid marker,NA
c7616f3a-c131-4085-909d-9bc3a2526fc9,APPLIED_REGEX_RULE,traeart,Tilia europaea,Tilia hybr. europaea,latin_regex,add hybrid marker,NA
e6e38838-6732-415d-accf-c0ef4b0e57b4,APPLIED_REGEX_RULE,traeart,Tilia europaea,Tilia hybr. europaea,latin_regex,add hybrid marker,NA
8f1b2536-1728-471c-8214-7df15adadf2c,APPLIED_REGEX_RULE,traeart,Tilia europaea,Tilia hybr. europaea,latin_regex,add hybrid marker,NA
73fb0f16-7a18-46c8-95d9-59d592b90e81,APPLIED_REGEX_RULE,traeart,Tilia europaea,Tilia hybr. europaea,latin_regex,add hybrid marker,NA
7a293cd6-bb29-4c2d-baaf-5c23ffe137dc,APPLIED_REGEX_RULE,traeart,Tilia europaea,Tilia hybr. europaea,latin_regex,add hybrid marker,NA
b125c5af-8502-471c-a60c-c2c04936170a,APPLIED_REGEX_RULE,traeart,Tilia europaea,Tilia hybr. europaea,latin_regex,add hybrid marker,NA
85d237e2-5734-4e6e-985f-119106712e9d,APPLIED_REGEX_RULE,traeart,Tilia europaea,Tilia hybr. europaea,latin_regex,add hybrid marker,NA
7f0384d5-fbc0-4298-bb0f-6106d370586b,APPLIED_REGEX_RULE,traeart,Tilia europaea,Tilia hybr. europaea,latin_regex,add hybrid marker,NA
0923cfff-e085-45f8-937a-00059ce24d71,APPLIED_REGEX_RULE,traeart,Tilia europaea,Tilia hybr. europaea,latin_regex,add hybrid marker,NA
0675eb63-8f8e-46c4-99a2-e50d7ae79118,APPLIED_REGEX_RULE,traeart,Tilia europaea,Tilia hybr. europaea,latin_regex,add hybrid marker,NA
ca5a91da-ee8b-45ea-89b2-db4676e5d0fb,APPLIED_REGEX_RULE,traeart,Tilia europaea,Tilia hybr. europaea,latin_regex,add hybrid marker,NA
d9ef065f-aff4-4e3e-89a6-91252272aab9,APPLIED_REGEX_RULE,traeart,Tilia europaea,Tilia hybr. europaea,latin_regex,add hybrid marker,NA
d8174d6f-74be-45e9-907e-933d267482c2,APPLIED_REGEX_RULE,traeart,Tilia europaea,Tilia hybr. europaea,latin_regex,add hybrid marker,NA
96a54fc7-53e5-491a-b859-d49bd4e8f156,APPLIED_REGEX_RULE,traeart,Tilia europaea,Tilia hybr. europaea,latin_regex,add hybrid marker,NA
0e5bee51-28fb-4ed4-b6df-b9c41c441171,APPLIED_REGEX_RULE,traeart,Tilia europaea,Tilia hybr. europaea,latin_regex,add hybrid marker,NA
04d69617-a58d-4df8-b024-fc1123dffb59,APPLIED_REGEX_RULE,traeart,Tilia europaea,Tilia hybr. europaea,latin_regex,add hybrid marker,NA
35464c40-ba88-470c-94ba-d6e17308244b,APPLIED_REGEX_RULE,traeart,Tilia europaea,Tilia hybr. europaea,latin_regex,add hybrid marker,NA
1be4ae2f-38c1-49bf-9307-2319b9475ab1,APPLIED_REGEX_RULE,traeart,Tilia europaea,Tilia hybr. europaea,latin_regex,add hybrid marker,NA
ee397f99-214d-4060-82fa-2d9d99b09b3c,APPLIED_REGEX_RULE,traeart,Tilia europaea,Tilia hybr. europaea,latin_regex,add hybrid marker,NA
cc6df1de-579c-46a6-974b-6eeeb84e940f,APPLIED_REGEX_RULE,traeart,Tilia europaea,Tilia hybr. europaea,latin_regex,add hybrid marker,NA
84db659d-83d5-4255-90c2-c28a3d7a2f5d,APPLIED_REGEX_RULE,traeart,Tilia europaea,Tilia hybr. europaea,latin_regex,add hybrid marker,NA
b88e8cb8-fee6-475b-8843-a488f51c52dc,APPLIED_REGEX_RULE,traeart,Tilia europaea,Tilia hybr. europaea,latin_regex,add hybrid marker,NA
1b4a7941-7719-4456-b3a3-d6f1428442c0,APPLIED_REGEX_RULE,traeart,Tilia europaea,Tilia hybr. europaea,latin_regex,add hybrid marker,NA
e866ce54-34a9-4724-b92c-29bf0c6fa145,APPLIED_REGEX_RULE,traeart,Tilia europaea,Tilia hybr. europaea,latin_regex,add hybrid marker,NA
faca3e15-56cc-4458-827a-c1f2ee71bbcb,APPLIED_REGEX_RULE,traeart,Tilia europaea,Tilia hybr. europaea,latin_regex,add hybrid marker,NA
aa74b85e-0b83-4e5b-bfd3-ac6785a1d62a,APPLIED_REGEX_RULE,traeart,Tilia europaea,Tilia hybr. europaea,latin_regex,add hybrid marker,NA
f7c175c6-e44d-4604-8706-ec95ff3edd88,APPLIED_REGEX_RULE,traeart,Tilia europaea,Tilia hybr. europaea,latin_regex,add hybrid marker,NA
0fbd9f87-dac6-4dcd-8e18-c06adb00e87c,APPLIED_REGEX_RULE,traeart,Tilia europaea,Tilia hybr. europaea,latin_regex,add hybrid marker,NA
b83c47cd-ff8d-4a77-ab80-539e7d670510,APPLIED_REGEX_RULE,traeart,Tilia europaea,Tilia hybr. europaea,latin_regex,add hybrid marker,NA
7ccddb67-0d96-41a9-bc39-ae3f14e73190,APPLIED_REGEX_RULE,traeart,Tilia europaea,Tilia hybr. europaea,latin_regex,add hybrid marker,NA
36c0c5ab-8a16-46e9-9e28-9261c61f5422,APPLIED_REGEX_RULE,traeart,Tilia europaea,Tilia hybr. europaea,latin_regex,add hybrid marker,NA
babe11d9-7d0c-445d-bf48-2a2ca45bc152,APPLIED_REGEX_RULE,traeart,Tilia europaea,Tilia hybr. europaea,latin_regex,add hybrid marker,NA
fc6ff599-c0bb-4941-85b9-9222df949d08,APPLIED_REGEX_RULE,traeart,Tilia europaea,Tilia hybr. europaea,latin_regex,add hybrid marker,NA
30170396-df87-4ec7-90ab-be529c653d89,APPLIED_REGEX_RULE,traeart,Tilia europaea,Tilia hybr. europaea,latin_regex,add hybrid marker,NA
37d1ed8f-79f1-4826-9188-d9a0e47aec3a,APPLIED_REGEX_RULE,traeart,Tilia europaea,Tilia hybr. europaea,latin_regex,add hybrid marker,NA
c8767b21-3c3e-41dc-8988-3902417eda24,APPLIED_REGEX_RULE,traeart,Tilia europaea,Tilia hybr. europaea,latin_regex,add hybrid marker,NA
7944fc18-6b3d-43c3-9b89-8de7885fad22,APPLIED_REGEX_RULE,traeart,Tilia europaea,Tilia hybr. europaea,latin_regex,add hybrid marker,NA
eb3c3916-642a-41c9-a39b-4f756d070092,APPLIED_REGEX_RULE,traeart,Tilia europaea,Tilia hybr. europaea,latin_regex,add hybrid marker,NA
b73290af-28c4-4484-81fb-e79288006ae5,APPLIED_REGEX_RULE,traeart,Tilia europaea,Tilia hybr. europaea,latin_regex,add hybrid marker,NA
f16fe9f3-796e-4c4a-affd-1b8c7fd35dae,APPLIED_REGEX_RULE,traeart,Tilia europaea,Tilia hybr. europaea,latin_regex,add hybrid marker,NA
72cb4a8d-6a14-4815-b254-9c52c4ad6d5b,APPLIED_REGEX_RULE,traeart,Tilia europaea,Tilia hybr. europaea,latin_regex,add hybrid marker,NA
162f9363-5858-45dc-87b8-f3048cc3a6c7,APPLIED_REGEX_RULE,traeart,Tilia europaea,Tilia hybr. europaea,latin_regex,add hybrid marker,NA
4aeb8c9c-5b36-4da8-ad5f-65da37bedad3,APPLIED_REGEX_RULE,traeart,Tilia europaea,Tilia hybr. europaea,latin_regex,add hybrid marker,NA
f38d034a-f13d-41ee-96c7-f68220dba5f0,APPLIED_REGEX_RULE,traeart,Tilia europaea,Tilia hybr. europaea,latin_regex,add hybrid marker,NA
382f8a11-76a8-48a1-9d6f-a95d452a3b39,APPLIED_REGEX_RULE,traeart,Tilia europaea,Tilia hybr. europaea,latin_regex,add hybrid marker,NA
1cceda71-c2a2-47b3-91bf-402acdb5c2aa,APPLIED_REGEX_RULE,traeart,Tilia europaea,Tilia hybr. europaea,latin_regex,add hybrid marker,NA
e8a9b382-6e2f-4a0c-b881-80d15598f82c,APPLIED_REGEX_RULE,traeart,Tilia europaea,Tilia hybr. europaea,latin_regex,add hybrid marker,NA
65ef048c-249b-4ea1-8f45-8a6eaa52994a,APPLIED_REGEX_RULE,traeart,Tilia europaea,Tilia hybr. europaea,latin_regex,add hybrid marker,NA
65fa69e7-a68b-4bef-957f-7ec51455d439,APPLIED_REGEX_RULE,traeart,Tilia europaea,Tilia hybr. europaea,latin_regex,add hybrid marker,NA
6f7084ce-3f36-4b02-9100-2b3daca45c7f,APPLIED_REGEX_RULE,traeart,Tilia europaea,Tilia hybr. europaea,latin_regex,add hybrid marker,NA
bbd9aedf-acd8-4cbe-a5a0-01a99ca7b88c,APPLIED_REGEX_RULE,traeart,Tilia europaea,Tilia hybr. europaea,latin_regex,add hybrid marker,NA
76fbfe09-130e-4813-8938-3a038a4e0943,APPLIED_REGEX_RULE,traeart,Tilia europaea,Tilia hybr. europaea,latin_regex,add hybrid marker,NA
99896202-f849-4bbf-8fa2-c7483d02efec,APPLIED_REGEX_RULE,traeart,Tilia europaea,Tilia hybr. europaea,latin_regex,add hybrid marker,NA
3646dd18-d39a-493b-a2d8-7fb3fba266e3,APPLIED_REGEX_RULE,traeart,Tilia europaea,Tilia hybr. europaea,latin_regex,add hybrid marker,NA
d7cda6ac-c96a-40be-8d8a-6ac01b1aa349,APPLIED_REGEX_RULE,traeart,Tilia europaea,Tilia hybr. europaea,latin_regex,add hybrid marker,NA
93711860-67f8-4a19-bff1-b7c73e16b37a,APPLIED_REGEX_RULE,traeart,Tilia europaea,Tilia hybr. europaea,latin_regex,add hybrid marker,NA
8403cf56-0595-4e62-b39d-c8bdc1bc74ca,APPLIED_REGEX_RULE,traeart,Tilia europaea,Tilia hybr. europaea,latin_regex,add hybrid marker,NA
e9c2ed29-8ab2-4808-b063-1ae2ca0b9812,APPLIED_REGEX_RULE,traeart,Tilia europaea,Tilia hybr. europaea,latin_regex,add hybrid marker,NA
c15e6eb5-52a1-4df1-8c96-5cbb4e6d6efd,APPLIED_REGEX_RULE,traeart,Tilia europaea,Tilia hybr. europaea,latin_regex,add hybrid marker,NA
b10c76f0-8aa9-49fe-8d87-ba936b143e04,APPLIED_REGEX_RULE,traeart,Tilia europaea,Tilia hybr. europaea,latin_regex,add hybrid marker,NA
3b37ebd3-3cc4-4fb2-8c69-fca6b61f36eb,APPLIED_REGEX_RULE,traeart,Tilia europaea,Tilia hybr. europaea,latin_regex,add hybrid marker,NA
2f921caf-2830-4fde-993d-3528ac60a3e1,APPLIED_REGEX_RULE,traeart,Tilia europaea,Tilia hybr. europaea,latin_regex,add hybrid marker,NA
286fb28f-4bca-4cee-a950-527469073019,APPLIED_REGEX_RULE,traeart,Tilia europaea,Tilia hybr. europaea,latin_regex,add hybrid marker,NA
c6ac9a69-2fdd-4e5a-a219-2fb61477fb22,APPLIED_REGEX_RULE,traeart,Tilia europaea,Tilia hybr. europaea,latin_regex,add hybrid marker,NA
5fb1395b-ec0a-4acd-9ac2-faa4f37a2154,APPLIED_REGEX_RULE,traeart,Tilia europaea,Tilia hybr. europaea,latin_regex,add hybrid marker,NA
25b5b8d8-5b0a-427c-b38e-32fc002b4393,APPLIED_REGEX_RULE,traeart,Tilia europaea,Tilia hybr. europaea,latin_regex,add hybrid marker,NA
446989f5-dac9-4173-a43a-e343b16f26e3,APPLIED_REGEX_RULE,traeart,Tilia europaea,Tilia hybr. europaea,latin_regex,add hybrid marker,NA
fbc5ec21-857a-450b-854e-1660af811a43,APPLIED_REGEX_RULE,traeart,Tilia europaea,Tilia hybr. europaea,latin_regex,add hybrid marker,NA
b6146aea-98a5-4e15-a5e6-21581c02440d,APPLIED_REGEX_RULE,traeart,Tilia europaea,Tilia hybr. europaea,latin_regex,add hybrid marker,NA
bf03b33e-5e66-4b66-ab1c-175227f0c6e1,APPLIED_REGEX_RULE,traeart,Tilia europaea,Tilia hybr. europaea,latin_regex,add hybrid marker,NA
aed1e315-af25-41ac-9323-662eea6e6451,APPLIED_REGEX_RULE,traeart,Tilia europaea,Tilia hybr. europaea,latin_regex,add hybrid marker,NA
3d49d63e-e781-478b-ae93-80b1d836ed69,APPLIED_REGEX_RULE,traeart,Tilia europaea,Tilia hybr. europaea,latin_regex,add hybrid marker,NA
30f21969-b285-412f-9fb2-91fc9cb8f29b,APPLIED_REGEX_RULE,traeart,Tilia europaea,Tilia hybr. europaea,latin_regex,add hybrid marker,NA
8001407a-be24-407a-b399-971bfe333589,APPLIED_REGEX_RULE,traeart,Tilia europaea,Tilia hybr. europaea,latin_regex,add hybrid marker,NA
f704a845-750b-45d8-a9ce-aa098d08f3dc,APPLIED_REGEX_RULE,traeart,Tilia europaea,Tilia hybr. europaea,latin_regex,add hybrid marker,NA
75caf6f4-7ad4-43f9-8a04-596a114380a5,APPLIED_REGEX_RULE,traeart,Tilia europaea,Tilia hybr. europaea,latin_regex,add hybrid marker,NA
73b414ed-c825-4713-b05b-aea7fb980ae9,APPLIED_REGEX_RULE,traeart,Tilia europaea,Tilia hybr. europaea,latin_regex,add hybrid marker,NA
002d29bc-0c07-40af-9950-91da1066e003,APPLIED_REGEX_RULE,traeart,Tilia europaea,Tilia hybr. europaea,latin_regex,add hybrid marker,NA
e456486e-b40e-4652-b221-c447d4fce387,APPLIED_REGEX_RULE,traeart,Tilia europaea,Tilia hybr. europaea,latin_regex,add hybrid marker,NA
c603ceaf-8152-4f01-b207-63b6da893b72,APPLIED_REGEX_RULE,traeart,Tilia europaea,Tilia hybr. europaea,latin_regex,add hybrid marker,NA
0312263b-142c-4e41-a1cc-b46b99f3bb43,APPLIED_REGEX_RULE,traeart,Tilia europaea,Tilia hybr. europaea,latin_regex,add hybrid marker,NA
54ee80f4-379b-4bac-bcba-ef53b73702d4,APPLIED_REGEX_RULE,traeart,Tilia europaea,Tilia hybr. europaea,latin_regex,add hybrid marker,NA
393ceb47-0720-4066-bef2-57fb2fcafe3f,APPLIED_REGEX_RULE,traeart,Tilia europaea,Tilia hybr. europaea,latin_regex,add hybrid marker,NA
43c22d34-5991-4359-add2-ea905c5eaf5e,APPLIED_REGEX_RULE,traeart,Tilia europaea,Tilia hybr. europaea,latin_regex,add hybrid marker,NA
18dcf2a5-9251-4a23-aad5-b76b0d3ad198,APPLIED_REGEX_RULE,traeart,Tilia europaea,Tilia hybr. europaea,latin_regex,add hybrid marker,NA
940b8ea7-3015-4e53-a2bf-d5e5a875ef45,APPLIED_REGEX_RULE,traeart,Tilia europaea,Tilia hybr. europaea,latin_regex,add hybrid marker,NA
77a526c2-2cd7-4cfe-aa15-a39933d34fc4,APPLIED_REGEX_RULE,traeart,Tilia europaea,Tilia hybr. europaea,latin_regex,add hybrid marker,NA
ac4ce9d9-f7ae-42db-95aa-2d130dabf709,APPLIED_REGEX_RULE,traeart,Tilia europaea,Tilia hybr. europaea,latin_regex,add hybrid marker,NA
e1220327-f12e-417b-8ba2-59fcc5ef5929,APPLIED_REGEX_RULE,traeart,Tilia europaea,Tilia hybr. europaea,latin_regex,add hybrid marker,NA
1803c374-0469-4e36-b22a-4a1d2b298633,APPLIED_REGEX_RULE,traeart,Tilia europaea,Tilia hybr. europaea,latin_regex,add hybrid marker,NA
4618f6e6-2669-4ea2-ba7d-e07fb60156aa,APPLIED_REGEX_RULE,traeart,Tilia europaea,Tilia hybr. europaea,latin_regex,add hybrid marker,NA
5dbf20a6-e3ac-4319-8a17-c346a6a2043c,APPLIED_REGEX_RULE,traeart,Tilia europaea,Tilia hybr. europaea,latin_regex,add hybrid marker,NA
18cf0d6a-38ef-4bc3-8118-97456d9dba18,APPLIED_REGEX_RULE,traeart,Tilia europaea,Tilia hybr. europaea,latin_regex,add hybrid marker,NA
28c75b1a-b722-4f3e-80b5-9e709313a28d,APPLIED_REGEX_RULE,traeart,Tilia europaea,Tilia hybr. europaea,latin_regex,add hybrid marker,NA
935eaa02-faf9-4388-83c1-999ca496ece3,APPLIED_REGEX_RULE,traeart,Tilia europaea,Tilia hybr. europaea,latin_regex,add hybrid marker,NA
538b9b70-270b-4d26-95de-a3a3927ba09d,APPLIED_REGEX_RULE,traeart,Tilia europaea,Tilia hybr. europaea,latin_regex,add hybrid marker,NA
b7963199-d421-4fb0-9bec-efd87a23bb37,APPLIED_REGEX_RULE,traeart,Tilia europaea,Tilia hybr. europaea,latin_regex,add hybrid marker,NA
9699f4e2-7af6-4ec6-90d6-2610c8670732,APPLIED_REGEX_RULE,traeart,Tilia europaea,Tilia hybr. europaea,latin_regex,add hybrid marker,NA
b916e4fa-b998-498e-8c60-6dfa03235043,APPLIED_REGEX_RULE,traeart,Tilia europaea,Tilia hybr. europaea,latin_regex,add hybrid marker,NA
dd2199af-d2cc-43f3-9cbc-a947a68dd74a,APPLIED_REGEX_RULE,traeart,Tilia europaea,Tilia hybr. europaea,latin_regex,add hybrid marker,NA
ea46d1c5-f3a9-4e2f-91d0-a9b8488b923a,APPLIED_REGEX_RULE,traeart,Tilia europaea,Tilia hybr. europaea,latin_regex,add hybrid marker,NA
198bae63-2d94-430e-9418-ac534e28b5f5,APPLIED_REGEX_RULE,traeart,Tilia europaea,Tilia hybr. europaea,latin_regex,add hybrid marker,NA
fc79d5e8-37f8-4ff0-9fee-2b2d83a671fe,APPLIED_REGEX_RULE,traeart,Tilia europaea,Tilia hybr. europaea,latin_regex,add hybrid marker,NA
d70bb265-3d0f-4f3b-a730-1b9144f4cfcf,APPLIED_REGEX_RULE,traeart,Tilia europaea,Tilia hybr. europaea,latin_regex,add hybrid marker,NA
ea0c9136-7564-4dac-b67c-8fc4fe42974d,APPLIED_REGEX_RULE,traeart,Tilia europaea,Tilia hybr. europaea,latin_regex,add hybrid marker,NA
e45ac2b9-3d34-42ae-be28-423ddcf008b2,APPLIED_REGEX_RULE,traeart,Tilia europaea,Tilia hybr. europaea,latin_regex,add hybrid marker,NA
acdcce54-2d12-4587-8c79-d1649d0f86d8,APPLIED_REGEX_RULE,traeart,Tilia europaea,Tilia hybr. europaea,latin_regex,add hybrid marker,NA
ae20e419-3a3f-4230-ad27-602907f3c350,APPLIED_REGEX_RULE,traeart,Tilia europaea,Tilia hybr. europaea,latin_regex,add hybrid marker,NA
db5271ed-8b76-475d-a9e2-af56fddea867,APPLIED_REGEX_RULE,traeart,Tilia europaea,Tilia hybr. europaea,latin_regex,add hybrid marker,NA
0759f088-41e0-4111-9043-baaaaf0e682e,APPLIED_REGEX_RULE,traeart,Tilia europaea,Tilia hybr. europaea,latin_regex,add hybrid marker,NA
1dd51f85-877e-42a0-8173-57ce48ac645f,APPLIED_REGEX_RULE,traeart,Tilia europaea,Tilia hybr. europaea,latin_regex,add hybrid marker,NA
5001fa29-0380-4401-b1eb-bd81e9fbf7e1,APPLIED_REGEX_RULE,traeart,Tilia europaea,Tilia hybr. europaea,latin_regex,add hybrid marker,NA
198903a5-d24b-4d54-a023-eac6d95d8277,APPLIED_REGEX_RULE,traeart,Tilia europaea,Tilia hybr. europaea,latin_regex,add hybrid marker,NA
38dda9ab-c2d4-4b09-b3a2-b011bb201557,APPLIED_REGEX_RULE,traeart,Tilia europaea,Tilia hybr. europaea,latin_regex,add hybrid marker,NA
cdf15935-9cc3-4c9b-9283-b09fb7e59cb2,APPLIED_REGEX_RULE,traeart,Tilia europaea,Tilia hybr. europaea,latin_regex,add hybrid marker,NA
e4f69398-1676-42fc-9b8d-8b9ae008cfcb,APPLIED_REGEX_RULE,traeart,Tilia europaea,Tilia hybr. europaea,latin_regex,add hybrid marker,NA
d7033447-2280-4320-ac15-7640358ad7fe,APPLIED_REGEX_RULE,traeart,Tilia europaea,Tilia hybr. europaea,latin_regex,add hybrid marker,NA
c48e5690-67be-4009-8516-400b17216442,APPLIED_REGEX_RULE,traeart,Tilia europaea,Tilia hybr. europaea,latin_regex,add hybrid marker,NA
774f4dae-a8b2-41d3-9744-0010f095cf2f,APPLIED_REGEX_RULE,traeart,Tilia europaea,Tilia hybr. europaea,latin_regex,add hybrid marker,NA
4253ecd4-384c-4ee5-b738-3b73de150d30,APPLIED_REGEX_RULE,traeart,Tilia europaea,Tilia hybr. europaea,latin_regex,add hybrid marker,NA
ff28a881-1fa1-4bb4-b3e3-7f0770b36fc8,APPLIED_REGEX_RULE,traeart,Tilia europaea,Tilia hybr. europaea,latin_regex,add hybrid marker,NA
578d0f18-cbd2-4447-8760-f850a3553f38,APPLIED_REGEX_RULE,traeart,Tilia europaea,Tilia hybr. europaea,latin_regex,add hybrid marker,NA
0c0e49e6-2db3-4410-9ddd-fc57b01e3961,APPLIED_REGEX_RULE,traeart,Tilia europaea,Tilia hybr. europaea,latin_regex,add hybrid marker,NA
caeb28d4-2c7e-46cc-8a92-0cd10e87df20,APPLIED_REGEX_RULE,traeart,Tilia europaea,Tilia hybr. europaea,latin_regex,add hybrid marker,NA
8e87e429-09c7-408f-ad88-ed6be5802e2c,APPLIED_REGEX_RULE,traeart,Tilia europaea,Tilia hybr. europaea,latin_regex,add hybrid marker,NA
48c9ec7e-09be-494c-8d96-6030139847c7,APPLIED_REGEX_RULE,traeart,Tilia europaea,Tilia hybr. europaea,latin_regex,add hybrid marker,NA
7c99fbc2-5d9f-4243-a833-6d448dd73b94,APPLIED_REGEX_RULE,traeart,Tilia europaea,Tilia hybr. europaea,latin_regex,add hybrid marker,NA
bd7c659e-37ea-4254-8a70-eb49a793a2a0,APPLIED_REGEX_RULE,traeart,Tilia europaea,Tilia hybr. europaea,latin_regex,add hybrid marker,NA
49e38e6f-6274-4326-8417-092f8a3b86e6,APPLIED_REGEX_RULE,traeart,Tilia europaea,Tilia hybr. europaea,latin_regex,add hybrid marker,NA
c6ade4d7-0608-47e6-a477-5b17df39fcc1,APPLIED_REGEX_RULE,traeart,Tilia europaea,Tilia hybr. europaea,latin_regex,add hybrid marker,NA
ce3c7741-ecce-43b9-871f-892ad487d715,APPLIED_REGEX_RULE,traeart,Tilia europaea,Tilia hybr. europaea,latin_regex,add hybrid marker,NA
916a3699-0e58-49c5-8a75-819024c888c9,APPLIED_REGEX_RULE,traeart,Tilia europaea,Tilia hybr. europaea,latin_regex,add hybrid marker,NA
8303730a-72d7-4db0-969a-292143718661,APPLIED_REGEX_RULE,traeart,Tilia europaea,Tilia hybr. europaea,latin_regex,add hybrid marker,NA
186df86a-5dba-42c5-b72f-0da17a419c72,APPLIED_REGEX_RULE,traeart,Tilia europaea,Tilia hybr. europaea,latin_regex,add hybrid marker,NA
4658b94d-b804-4449-8b83-1ddf3777569a,APPLIED_REGEX_RULE,traeart,Tilia europaea,Tilia hybr. europaea,latin_regex,add hybrid marker,NA
f6b87ef6-cca6-4323-96f1-4036d942387c,APPLIED_REGEX_RULE,traeart,Tilia europaea,Tilia hybr. europaea,latin_regex,add hybrid marker,NA
39bfa90b-23f6-4f97-b643-ef979df49fb9,APPLIED_REGEX_RULE,traeart,Tilia europaea,Tilia hybr. europaea,latin_regex,add hybrid marker,NA
a69e6cc8-72d5-4293-8059-f3d881a940d9,APPLIED_REGEX_RULE,traeart,Tilia europaea,Tilia hybr. europaea,latin_regex,add hybrid marker,NA
5f4a8d92-ee01-478e-a0a8-a7feb14dd994,APPLIED_REGEX_RULE,traeart,Tilia europaea,Tilia hybr. europaea,latin_regex,add hybrid marker,NA
973d858d-b545-4812-b3ed-3a4226635cd3,APPLIED_REGEX_RULE,traeart,Tilia europaea,Tilia hybr. europaea,latin_regex,add hybrid marker,NA
10d03ebd-699c-4c8d-b9be-54b837033627,APPLIED_REGEX_RULE,traeart,Tilia europaea,Tilia hybr. europaea,latin_regex,add hybrid marker,NA
03d07d83-4fc7-4730-bb3c-79baee89823b,APPLIED_REGEX_RULE,traeart,Tilia europaea,Tilia hybr. europaea,latin_regex,add hybrid marker,NA
b260ded4-58a5-4872-97d5-86ff9b91f301,APPLIED_REGEX_RULE,traeart,Tilia europaea,Tilia hybr. europaea,latin_regex,add hybrid marker,NA
f13417ba-139f-475e-a1f8-ef108e3ad319,APPLIED_REGEX_RULE,traeart,Tilia europaea,Tilia hybr. europaea,latin_regex,add hybrid marker,NA
4fbf0857-e83d-4539-be36-8f6565a6d9c1,APPLIED_REGEX_RULE,traeart,Tilia europaea,Tilia hybr. europaea,latin_regex,add hybrid marker,NA
96cdc853-ee1d-4695-a878-40a53666dd9d,APPLIED_REGEX_RULE,traeart,Tilia europaea,Tilia hybr. europaea,latin_regex,add hybrid marker,NA
a7db71f5-ff89-4197-bc8e-c163f5438443,APPLIED_REGEX_RULE,traeart,Tilia europaea,Tilia hybr. europaea,latin_regex,add hybrid marker,NA
bb470496-c75c-4c68-9619-5a5514cea90e,APPLIED_REGEX_RULE,traeart,Tilia europaea,Tilia hybr. europaea,latin_regex,add hybrid marker,NA
0976b5c8-e85f-4308-965c-4080f11db286,APPLIED_REGEX_RULE,traeart,Tilia europaea,Tilia hybr. europaea,latin_regex,add hybrid marker,NA
087843d9-1dbc-4df4-9768-aa33d76560ff,APPLIED_REGEX_RULE,traeart,Tilia europaea,Tilia hybr. europaea,latin_regex,add hybrid marker,NA
d18fb9f6-260a-4fce-ba4b-12a2e1c0e51b,APPLIED_REGEX_RULE,traeart,Tilia europaea,Tilia hybr. europaea,latin_regex,add hybrid marker,NA
cd819483-10b5-43b1-89d2-e1ebec4196a8,APPLIED_REGEX_RULE,traeart,Tilia europaea,Tilia hybr. europaea,latin_regex,add hybrid marker,NA
cd9d5235-af45-4618-ac45-b27701641b29,APPLIED_REGEX_RULE,traeart,Tilia europaea,Tilia hybr. europaea,latin_regex,add hybrid marker,NA
074c05ad-9d30-4f7d-8e22-a5ef90eba642,APPLIED_REGEX_RULE,traeart,Tilia europaea,Tilia hybr. europaea,latin_regex,add hybrid marker,NA
4f5b5839-a270-45dc-a3a8-65048d38e486,APPLIED_REGEX_RULE,traeart,Tilia europaea,Tilia hybr. europaea,latin_regex,add hybrid marker,NA
8888e9b0-a6c9-4776-8d8d-b4a4547ccfd4,APPLIED_REGEX_RULE,traeart,Tilia europaea,Tilia hybr. europaea,latin_regex,add hybrid marker,NA
2f09cad5-8dff-4cd8-9020-06e4617531b7,APPLIED_REGEX_RULE,traeart,Tilia europaea,Tilia hybr. europaea,latin_regex,add hybrid marker,NA
c5683618-3995-4030-8610-b34c7003bcd7,APPLIED_REGEX_RULE,traeart,Tilia europaea,Tilia hybr. europaea,latin_regex,add hybrid marker,NA
37bbd44e-4495-416a-a9b8-6885b9a6dc73,APPLIED_REGEX_RULE,traeart,Tilia europaea,Tilia hybr. europaea,latin_regex,add hybrid marker,NA
9e7b7f35-f6b9-42b3-9efa-9d8ee9a9a4f2,APPLIED_REGEX_RULE,traeart,Tilia europaea,Tilia hybr. europaea,latin_regex,add hybrid marker,NA
2cedb578-383b-47ce-9c36-cdf4bbc61ae9,APPLIED_REGEX_RULE,traeart,Tilia europaea,Tilia hybr. europaea,latin_regex,add hybrid marker,NA
8f76f933-b069-4e65-bb3f-fe9a63cbbf65,APPLIED_REGEX_RULE,traeart,Tilia europaea,Tilia hybr. europaea,latin_regex,add hybrid marker,NA
05a20f7e-1e60-4bce-a915-edea8df7f955,APPLIED_REGEX_RULE,traeart,Tilia europaea,Tilia hybr. europaea,latin_regex,add hybrid marker,NA
45798cf4-8fa9-4d2b-8383-3fe02caa0c9f,APPLIED_REGEX_RULE,traeart,Tilia europaea,Tilia hybr. europaea,latin_regex,add hybrid marker,NA
1a742fa2-9f2c-418c-b8b6-e32f5d498e27,APPLIED_REGEX_RULE,traeart,Tilia europaea,Tilia hybr. europaea,latin_regex,add hybrid marker,NA
b8256352-f76d-472a-9368-840b40718123,APPLIED_REGEX_RULE,traeart,Tilia europaea,Tilia hybr. europaea,latin_regex,add hybrid marker,NA
985826c0-461e-408d-8ead-632c800fe295,APPLIED_REGEX_RULE,traeart,Tilia europaea,Tilia hybr. europaea,latin_regex,add hybrid marker,NA
a4821bbe-dcfb-4b72-89b0-c2f95f9ee634,APPLIED_REGEX_RULE,traeart,Tilia europaea,Tilia hybr. europaea,latin_regex,add hybrid marker,NA
a8b34676-3373-40b6-bf88-5fb0c178fb1a,APPLIED_REGEX_RULE,traeart,Tilia europaea,Tilia hybr. europaea,latin_regex,add hybrid marker,NA
b022e244-94dd-4e13-a1c3-cbc2bd097a22,APPLIED_REGEX_RULE,traeart,Tilia europaea,Tilia hybr. europaea,latin_regex,add hybrid marker,NA
16b59470-234d-4e1e-af6c-7364b9c37257,APPLIED_REGEX_RULE,traeart,Tilia europaea,Tilia hybr. europaea,latin_regex,add hybrid marker,NA
85a61014-579d-4be3-b04f-fc60ca74cdab,APPLIED_REGEX_RULE,traeart,Tilia europaea,Tilia hybr. europaea,latin_regex,add hybrid marker,NA
070bc1e6-400d-4c0e-8b45-abdb9d194196,APPLIED_REGEX_RULE,traeart,Tilia europaea,Tilia hybr. europaea,latin_regex,add hybrid marker,NA
9e73934d-efc2-471c-993e-92c6da42fc35,APPLIED_REGEX_RULE,traeart,Tilia europaea,Tilia hybr. europaea,latin_regex,add hybrid marker,NA
8375d3a4-74af-4b5f-a324-5ac92572da80,APPLIED_REGEX_RULE,traeart,Tilia europaea,Tilia hybr. europaea,latin_regex,add hybrid marker,NA
afc6cf3b-3f2b-4889-b0b9-a402eef2f5f5,APPLIED_REGEX_RULE,traeart,Tilia europaea,Tilia hybr. europaea,latin_regex,add hybrid marker,NA
545022a2-fa28-4315-a591-e1b5fc18027f,APPLIED_REGEX_RULE,traeart,Tilia europaea,Tilia hybr. europaea,latin_regex,add hybrid marker,NA
9fc9516e-35ec-41fa-8438-658f9224bc0e,APPLIED_REGEX_RULE,traeart,Tilia europaea,Tilia hybr. europaea,latin_regex,add hybrid marker,NA
83d6b1ee-909b-42b3-8570-7c66a457af14,APPLIED_REGEX_RULE,traeart,Tilia europaea,Tilia hybr. europaea,latin_regex,add hybrid marker,NA
edc5d57f-a36e-4a5e-95f5-b13bcad0510b,APPLIED_REGEX_RULE,traeart,Tilia europaea,Tilia hybr. europaea,latin_regex,add hybrid marker,NA
1722171a-d98e-4546-bf16-6049cbadd04a,APPLIED_REGEX_RULE,traeart,Tilia europaea,Tilia hybr. europaea,latin_regex,add hybrid marker,NA
0b3f42b8-1c85-430a-9438-2d9a57df5e5f,APPLIED_REGEX_RULE,traeart,Tilia europaea,Tilia hybr. europaea,latin_regex,add hybrid marker,NA
633e119c-9a05-47bf-8add-5e805931223a,APPLIED_REGEX_RULE,traeart,Tilia europaea,Tilia hybr. europaea,latin_regex,add hybrid marker,NA
e2b7dcac-ad2e-4360-8691-571bdc24f637,APPLIED_REGEX_RULE,traeart,Tilia europaea,Tilia hybr. europaea,latin_regex,add hybrid marker,NA
c4ac916d-16fe-423b-911d-ada2484bc6ba,APPLIED_REGEX_RULE,traeart,Tilia europaea,Tilia hybr. europaea,latin_regex,add hybrid marker,NA
23430b00-68ef-487b-83c6-c1d7a5b56435,APPLIED_REGEX_RULE,traeart,Tilia europaea,Tilia hybr. europaea,latin_regex,add hybrid marker,NA
a2d79014-4b5f-4dd8-b576-1690811489ed,APPLIED_REGEX_RULE,traeart,Tilia europaea,Tilia hybr. europaea,latin_regex,add hybrid marker,NA
513e3392-4e2d-401b-841f-e73e55b37858,APPLIED_REGEX_RULE,traeart,Tilia europaea,Tilia hybr. europaea,latin_regex,add hybrid marker,NA
687b2226-b052-4ae1-8f0d-0a82577516bb,APPLIED_REGEX_RULE,traeart,Tilia europaea,Tilia hybr. europaea,latin_regex,add hybrid marker,NA
3254c488-cf64-4317-85cc-f556e5dfb73e,APPLIED_REGEX_RULE,traeart,Tilia europaea,Tilia hybr. europaea,latin_regex,add hybrid marker,NA
58bbcf8d-1f17-4d67-a87d-c805bcca0614,APPLIED_REGEX_RULE,traeart,Tilia europaea,Tilia hybr. europaea,latin_regex,add hybrid marker,NA
159df7ec-8dd8-44c1-a631-491242680102,APPLIED_REGEX_RULE,traeart,Tilia europaea,Tilia hybr. europaea,latin_regex,add hybrid marker,NA
b7c24f43-d54b-48f8-8d30-770fa293c272,APPLIED_REGEX_RULE,traeart,Tilia europaea,Tilia hybr. europaea,latin_regex,add hybrid marker,NA
05c43756-f774-4545-a15e-cb023e95f5cf,APPLIED_REGEX_RULE,traeart,Tilia europaea,Tilia hybr. europaea,latin_regex,add hybrid marker,NA
eeb2cf85-9cc0-4315-97b7-a20df2cac7b3,APPLIED_REGEX_RULE,traeart,Tilia europaea,Tilia hybr. europaea,latin_regex,add hybrid marker,NA
4bf8b0a4-8e7c-4a2e-9870-d039346a6031,APPLIED_REGEX_RULE,traeart,Tilia europaea,Tilia hybr. europaea,latin_regex,add hybrid marker,NA
40b5ee6f-483f-498c-93c1-5f8ce3c81fca,APPLIED_REGEX_RULE,traeart,Tilia europaea,Tilia hybr. europaea,latin_regex,add hybrid marker,NA
269b112a-1bd7-433d-8fe1-7044e110d984,APPLIED_REGEX_RULE,traeart,Tilia europaea,Tilia hybr. europaea,latin_regex,add hybrid marker,NA
6f918935-79cd-4ff6-89a4-18e282f7f7df,APPLIED_REGEX_RULE,traeart,Tilia europaea,Tilia hybr. europaea,latin_regex,add hybrid marker,NA
8ba7e461-f99e-4293-ab0b-67837669400e,APPLIED_REGEX_RULE,traeart,Tilia europaea,Tilia hybr. europaea,latin_regex,add hybrid marker,NA
4d8a0aee-6923-4864-8962-4015ada22ea2,APPLIED_REGEX_RULE,traeart,Tilia europaea,Tilia hybr. europaea,latin_regex,add hybrid marker,NA
63c935f9-77fa-4597-8d22-76c0fcd7e399,APPLIED_REGEX_RULE,traeart,Tilia europaea,Tilia hybr. europaea,latin_regex,add hybrid marker,NA
97d0998e-3922-4232-acf3-1a62ce6429f0,APPLIED_REGEX_RULE,traeart,Tilia europaea,Tilia hybr. europaea,latin_regex,add hybrid marker,NA
97018bf9-74cc-4f7f-8a87-6fcac1a91873,APPLIED_REGEX_RULE,traeart,Tilia europaea,Tilia hybr. europaea,latin_regex,add hybrid marker,NA
4d647be5-0f63-4ffa-89d9-0e887c695c62,APPLIED_REGEX_RULE,traeart,Tilia europaea,Tilia hybr. europaea,latin_regex,add hybrid marker,NA
ffa4bce6-a000-4455-be7d-071b1b9dffc1,APPLIED_REGEX_RULE,traeart,Tilia europaea,Tilia hybr. europaea,latin_regex,add hybrid marker,NA
76daf4fb-cd8e-4ca9-a075-94e1d1393cc9,APPLIED_REGEX_RULE,traeart,Tilia europaea,Tilia hybr. europaea,latin_regex,add hybrid marker,NA
de3833e6-2f7d-4e42-bea1-a0345fb26499,APPLIED_REGEX_RULE,traeart,Tilia europaea,Tilia hybr. europaea,latin_regex,add hybrid marker,NA
aab7bd32-07af-4dc7-a21f-a1a1eda9825e,APPLIED_REGEX_RULE,traeart,Tilia europaea,Tilia hybr. europaea,latin_regex,add hybrid marker,NA
bb9ab7c1-5859-4afb-a6c8-896ef66fdabd,APPLIED_REGEX_RULE,traeart,Tilia europaea,Tilia hybr. europaea,latin_regex,add hybrid marker,NA
d3723e77-3fc7-4035-a524-35fcf16ef631,APPLIED_REGEX_RULE,traeart,Tilia europaea,Tilia hybr. europaea,latin_regex,add hybrid marker,NA
47dc3da4-e174-4438-8224-b513115b75f8,APPLIED_REGEX_RULE,traeart,Tilia europaea,Tilia hybr. europaea,latin_regex,add hybrid marker,NA
30fdbaec-7117-4f89-86fb-c1e951571fde,APPLIED_REGEX_RULE,traeart,Tilia europaea,Tilia hybr. europaea,latin_regex,add hybrid marker,NA
e5aa4072-acad-4579-98a6-34dabd158ddb,APPLIED_REGEX_RULE,traeart,Tilia europaea,Tilia hybr. europaea,latin_regex,add hybrid marker,NA
e972f920-de85-4933-892e-aa9c935cc5af,APPLIED_REGEX_RULE,traeart,Tilia europaea,Tilia hybr. europaea,latin_regex,add hybrid marker,NA
5dbe3b71-009a-4dd8-b2f1-e28d680696c1,APPLIED_REGEX_RULE,traeart,Tilia europaea,Tilia hybr. europaea,latin_regex,add hybrid marker,NA
f5c8fc66-e5d2-4461-8165-42e8e49a5c90,APPLIED_REGEX_RULE,traeart,Tilia europaea,Tilia hybr. europaea,latin_regex,add hybrid marker,NA
37675ab4-a1a2-4672-9884-8d81201f61ed,APPLIED_REGEX_RULE,traeart,Tilia europaea,Tilia hybr. europaea,latin_regex,add hybrid marker,NA
b5a01eb6-a138-4dd6-a5d8-89e85b4d925a,APPLIED_REGEX_RULE,traeart,Tilia europaea,Tilia hybr. europaea,latin_regex,add hybrid marker,NA
e9714081-0501-4deb-9ab5-779e45f1ebf9,APPLIED_REGEX_RULE,traeart,Tilia europaea,Tilia hybr. europaea,latin_regex,add hybrid marker,NA
b63155df-7e18-448c-a2ef-5e3808c85dfa,APPLIED_REGEX_RULE,traeart,Tilia europaea,Tilia hybr. europaea,latin_regex,add hybrid marker,NA
94f4a00e-44c7-4879-abcc-25dba572f394,APPLIED_REGEX_RULE,traeart,Tilia europaea,Tilia hybr. europaea,latin_regex,add hybrid marker,NA
5af15d47-5385-4785-be95-faa7e8985fee,APPLIED_REGEX_RULE,traeart,Tilia europaea,Tilia hybr. europaea,latin_regex,add hybrid marker,NA
09c5b93f-3bb1-4bc3-9261-33fbc0711dbb,APPLIED_REGEX_RULE,traeart,Tilia europaea,Tilia hybr. europaea,latin_regex,add hybrid marker,NA
d0a088be-5d25-4c31-96ae-2ea7d432bc0a,APPLIED_REGEX_RULE,traeart,Tilia europaea,Tilia hybr. europaea,latin_regex,add hybrid marker,NA
f1828368-6e96-44a2-b5a0-caf2f3f8ef2a,APPLIED_REGEX_RULE,traeart,Tilia europaea,Tilia hybr. europaea,latin_regex,add hybrid marker,NA
8b083472-e112-46a5-95d7-0718a93b92c8,APPLIED_REGEX_RULE,traeart,Tilia europaea,Tilia hybr. europaea,latin_regex,add hybrid marker,NA
317e7f90-94bb-4671-a7d6-3553c6ec1387,APPLIED_REGEX_RULE,traeart,Tilia europaea,Tilia hybr. europaea,latin_regex,add hybrid marker,NA
2194983d-a37e-4cad-8c75-e668ae15709f,APPLIED_REGEX_RULE,traeart,Tilia europaea,Tilia hybr. europaea,latin_regex,add hybrid marker,NA
9574969c-3b7c-4d75-8685-3385a38fdda0,APPLIED_REGEX_RULE,traeart,Tilia europaea,Tilia hybr. europaea,latin_regex,add hybrid marker,NA
155f659d-df38-4822-be44-4f66802f831a,APPLIED_REGEX_RULE,traeart,Tilia europaea,Tilia hybr. europaea,latin_regex,add hybrid marker,NA
dd2f5ed2-593e-4491-829c-af8ca4f6d466,APPLIED_REGEX_RULE,traeart,Tilia europaea,Tilia hybr. europaea,latin_regex,add hybrid marker,NA
564bcbd8-c1e4-49cc-ab53-f7ac95cdc047,APPLIED_REGEX_RULE,traeart,Tilia europaea,Tilia hybr. europaea,latin_regex,add hybrid marker,NA
0ad958f3-0e4c-43eb-af96-1c91040bc391,APPLIED_REGEX_RULE,traeart,Tilia europaea,Tilia hybr. europaea,latin_regex,add hybrid marker,NA
26f5d15c-f29a-48ef-9925-21cb45a9eb96,APPLIED_REGEX_RULE,traeart,Tilia europaea,Tilia hybr. europaea,latin_regex,add hybrid marker,NA
a6ee7aac-2c7a-4e31-b972-473c8640221f,APPLIED_REGEX_RULE,traeart,Tilia europaea,Tilia hybr. europaea,latin_regex,add hybrid marker,NA
5a5b0bb9-3ce3-4b7d-bafa-35c368a2ccd5,APPLIED_REGEX_RULE,traeart,Tilia europaea,Tilia hybr. europaea,latin_regex,add hybrid marker,NA
1560df6d-7b7b-42d4-a56c-031409b14409,APPLIED_REGEX_RULE,traeart,Tilia europaea,Tilia hybr. europaea,latin_regex,add hybrid marker,NA
88dda7a2-0e07-4d11-b45c-4d2cf6004566,APPLIED_REGEX_RULE,traeart,Tilia europaea,Tilia hybr. europaea,latin_regex,add hybrid marker,NA
d534da70-f322-456e-9105-9b9478071101,APPLIED_REGEX_RULE,traeart,Tilia europaea,Tilia hybr. europaea,latin_regex,add hybrid marker,NA
41436d5e-ca5a-4b12-9a0d-ad8790a58684,APPLIED_REGEX_RULE,traeart,Tilia europaea,Tilia hybr. europaea,latin_regex,add hybrid marker,NA
fdefc146-0353-45fe-8ca0-1931f0ef163b,APPLIED_REGEX_RULE,traeart,Tilia europaea,Tilia hybr. europaea,latin_regex,add hybrid marker,NA
2c813e00-d385-495d-bc3e-a9ee8c6d6bed,APPLIED_REGEX_RULE,traeart,Tilia europaea,Tilia hybr. europaea,latin_regex,add hybrid marker,NA
a0b5d2c3-ea55-4f32-b21e-25559080e352,APPLIED_REGEX_RULE,traeart,Tilia europaea,Tilia hybr. europaea,latin_regex,add hybrid marker,NA
4759b454-1f2c-4c5f-a73d-37cf34e78121,APPLIED_REGEX_RULE,traeart,Tilia europaea,Tilia hybr. europaea,latin_regex,add hybrid marker,NA
19912065-eaa9-44a3-bb6c-bc0dd17f882e,APPLIED_REGEX_RULE,traeart,Tilia europaea,Tilia hybr. europaea,latin_regex,add hybrid marker,NA
b6e3dd85-4404-430d-88f5-a7f014501382,APPLIED_REGEX_RULE,traeart,Tilia europaea,Tilia hybr. europaea,latin_regex,add hybrid marker,NA
5ef8a954-655a-4076-8236-7ae58d9038b6,APPLIED_REGEX_RULE,traeart,Tilia europaea,Tilia hybr. europaea,latin_regex,add hybrid marker,NA
01c8bca3-f7bf-452e-982f-6f44145efafc,APPLIED_REGEX_RULE,traeart,Tilia europaea,Tilia hybr. europaea,latin_regex,add hybrid marker,NA
19654baf-d7ab-4570-8fd0-e4b5a7d978ef,APPLIED_REGEX_RULE,traeart,Tilia europaea,Tilia hybr. europaea,latin_regex,add hybrid marker,NA
698c7f27-5288-4ef3-b036-2fb623a6b825,APPLIED_REGEX_RULE,traeart,Tilia europaea,Tilia hybr. europaea,latin_regex,add hybrid marker,NA
19ba5391-a8ed-4c41-aa2c-c22f32ff659e,APPLIED_REGEX_RULE,traeart,Tilia europaea,Tilia hybr. europaea,latin_regex,add hybrid marker,NA
94281edd-a39a-4bce-b062-fcf00e399511,APPLIED_REGEX_RULE,traeart,Tilia europaea,Tilia hybr. europaea,latin_regex,add hybrid marker,NA
f2a68afe-0151-4347-ab6e-38dbfe900357,APPLIED_REGEX_RULE,traeart,Tilia europaea,Tilia hybr. europaea,latin_regex,add hybrid marker,NA
17845d49-9164-4aa0-aee0-96260a5b74ec,APPLIED_REGEX_RULE,traeart,Tilia europaea,Tilia hybr. europaea,latin_regex,add hybrid marker,NA
854ea381-5474-44c4-bc7e-730d3b19f66b,APPLIED_REGEX_RULE,traeart,Tilia europaea,Tilia hybr. europaea,latin_regex,add hybrid marker,NA
f44126a5-3f00-453e-b4ab-d944c28957cb,APPLIED_REGEX_RULE,traeart,Tilia europaea,Tilia hybr. europaea,latin_regex,add hybrid marker,NA
b06c9e80-123c-43ad-a748-0a350efc2387,APPLIED_REGEX_RULE,traeart,Tilia europaea,Tilia hybr. europaea,latin_regex,add hybrid marker,NA
584a1246-3219-4aac-b7ae-2481af963c18,APPLIED_REGEX_RULE,traeart,Tilia europaea,Tilia hybr. europaea,latin_regex,add hybrid marker,NA
9105da5a-840c-4cc2-b6a8-ad697ddeb19c,APPLIED_REGEX_RULE,traeart,Tilia europaea,Tilia hybr. europaea,latin_regex,add hybrid marker,NA
eb8459ad-4fae-410c-8602-b5d150eaf511,APPLIED_REGEX_RULE,traeart,Tilia europaea,Tilia hybr. europaea,latin_regex,add hybrid marker,NA
55b09849-9133-43d3-ab74-1db5791c4e54,APPLIED_REGEX_RULE,traeart,Tilia europaea,Tilia hybr. europaea,latin_regex,add hybrid marker,NA
bd439545-8edb-4557-8763-5315dc8444fe,APPLIED_REGEX_RULE,traeart,Tilia europaea,Tilia hybr. europaea,latin_regex,add hybrid marker,NA
76a47bb6-643b-4c94-a185-a93e54847157,APPLIED_REGEX_RULE,traeart,Tilia europaea,Tilia hybr. europaea,latin_regex,add hybrid marker,NA
c50f921b-939f-4cda-98c9-e1f3ef06ed46,APPLIED_REGEX_RULE,traeart,Tilia europaea,Tilia hybr. europaea,latin_regex,add hybrid marker,NA
2ea2c817-62dc-4c4c-aa88-e92b1a49a750,APPLIED_REGEX_RULE,traeart,Tilia europaea,Tilia hybr. europaea,latin_regex,add hybrid marker,NA
64595d15-7905-4a23-acf5-1a064419985e,APPLIED_REGEX_RULE,traeart,Tilia europaea,Tilia hybr. europaea,latin_regex,add hybrid marker,NA
4c37f2e1-5771-471a-b3ac-361a1c8bb88f,APPLIED_REGEX_RULE,traeart,Tilia europaea,Tilia hybr. europaea,latin_regex,add hybrid marker,NA
b9b96af3-53b9-49e4-8f35-2b3e31c0f8e0,APPLIED_REGEX_RULE,traeart,Tilia europaea,Tilia hybr. europaea,latin_regex,add hybrid marker,NA
9ca4d1da-9add-4337-931d-3f8011be4909,APPLIED_REGEX_RULE,traeart,Tilia europaea,Tilia hybr. europaea,latin_regex,add hybrid marker,NA
a3052052-dacf-458c-8f51-b2533797114d,APPLIED_REGEX_RULE,traeart,Tilia europaea,Tilia hybr. europaea,latin_regex,add hybrid marker,NA
133c11d4-ff36-44c8-b68c-7b3b362b2d7c,APPLIED_REGEX_RULE,traeart,Tilia europaea,Tilia hybr. europaea,latin_regex,add hybrid marker,NA
48716fc4-31be-4b8a-ad8c-e66e0e6fff52,APPLIED_REGEX_RULE,traeart,Tilia europaea,Tilia hybr. europaea,latin_regex,add hybrid marker,NA
8ee79899-dbeb-4e7a-adb8-e491a1737dd1,APPLIED_REGEX_RULE,traeart,Tilia europaea,Tilia hybr. europaea,latin_regex,add hybrid marker,NA
79814482-681f-44d7-9508-ad3ac1badf83,APPLIED_REGEX_RULE,traeart,Tilia europaea,Tilia hybr. europaea,latin_regex,add hybrid marker,NA
47c79857-4e28-4478-97be-b8343fe902ca,APPLIED_REGEX_RULE,traeart,Tilia europaea,Tilia hybr. europaea,latin_regex,add hybrid marker,NA
3adda426-0442-45c1-8704-36c02fff282e,APPLIED_REGEX_RULE,traeart,Tilia europaea,Tilia hybr. europaea,latin_regex,add hybrid marker,NA
c579e396-946e-464b-b26e-ce9561cad0ca,APPLIED_REGEX_RULE,traeart,Tilia europaea,Tilia hybr. europaea,latin_regex,add hybrid marker,NA
4c0eb48a-65b1-401a-96ae-df3afa9d3cfe,APPLIED_REGEX_RULE,traeart,Tilia europaea,Tilia hybr. europaea,latin_regex,add hybrid marker,NA
767a332f-f00d-4daa-8aeb-7e0e36173443,APPLIED_REGEX_RULE,traeart,Tilia europaea,Tilia hybr. europaea,latin_regex,add hybrid marker,NA
d6315fef-9ebc-4a14-8d5f-498ebaf04b6e,APPLIED_REGEX_RULE,traeart,Tilia europaea,Tilia hybr. europaea,latin_regex,add hybrid marker,NA
0f5794b9-6eb2-4ac5-8993-b5cf4eedce5e,APPLIED_REGEX_RULE,traeart,Tilia europaea,Tilia hybr. europaea,latin_regex,add hybrid marker,NA
35bca2eb-8e56-4ecb-bf04-3af1ea3e2d6f,APPLIED_REGEX_RULE,traeart,Tilia europaea,Tilia hybr. europaea,latin_regex,add hybrid marker,NA
816c7efe-eb3b-468b-a3de-98a263f3bd40,APPLIED_REGEX_RULE,traeart,Tilia europaea,Tilia hybr. europaea,latin_regex,add hybrid marker,NA
22639f47-13a9-4a7b-84b7-0bbb3bda907c,APPLIED_REGEX_RULE,traeart,Tilia europaea,Tilia hybr. europaea,latin_regex,add hybrid marker,NA
100d4644-a57e-4f5d-b413-a6d4cc1afcb4,APPLIED_REGEX_RULE,traeart,Tilia europaea,Tilia hybr. europaea,latin_regex,add hybrid marker,NA
bc033f0e-b9ad-45b3-9532-be30dbd2ce0f,APPLIED_REGEX_RULE,traeart,Tilia europaea,Tilia hybr. europaea,latin_regex,add hybrid marker,NA
de2a67c3-a75f-4d8a-9e96-949e3fcb4b50,APPLIED_REGEX_RULE,traeart,Tilia europaea,Tilia hybr. europaea,latin_regex,add hybrid marker,NA
77212f9c-b733-4960-a0fe-57e51adf51a0,APPLIED_REGEX_RULE,traeart,Tilia europaea,Tilia hybr. europaea,latin_regex,add hybrid marker,NA
2fe15500-ffc8-4ac8-9c0e-52e2eb3f7e18,APPLIED_REGEX_RULE,traeart,Tilia europaea,Tilia hybr. europaea,latin_regex,add hybrid marker,NA
801c9be2-e3e3-424f-8390-aad50d939395,APPLIED_REGEX_RULE,traeart,Tilia europaea,Tilia hybr. europaea,latin_regex,add hybrid marker,NA
73a89503-3965-4b4a-9604-17349206e90f,APPLIED_REGEX_RULE,traeart,Tilia europaea,Tilia hybr. europaea,latin_regex,add hybrid marker,NA
59df68c1-ac57-4f2b-b57b-371cb3592ca3,APPLIED_REGEX_RULE,traeart,Tilia europaea,Tilia hybr. europaea,latin_regex,add hybrid marker,NA
bc144ea5-aabe-4550-823d-d4abbcf42260,APPLIED_REGEX_RULE,traeart,Tilia europaea,Tilia hybr. europaea,latin_regex,add hybrid marker,NA
faa96e5a-2de3-4e1b-b547-d364a3ea0010,APPLIED_REGEX_RULE,traeart,Tilia europaea,Tilia hybr. europaea,latin_regex,add hybrid marker,NA
0aaf5f45-f152-4e7c-9ac9-59c0058998c0,APPLIED_REGEX_RULE,traeart,Tilia europaea,Tilia hybr. europaea,latin_regex,add hybrid marker,NA
47fac94d-1147-4343-8fd7-ab434ef614b6,APPLIED_REGEX_RULE,traeart,Tilia europaea,Tilia hybr. europaea,latin_regex,add hybrid marker,NA
c0e74eee-fa50-4a8d-9c84-dccda831757b,APPLIED_REGEX_RULE,traeart,Tilia europaea,Tilia hybr. europaea,latin_regex,add hybrid marker,NA
439986ee-42be-4a89-b792-4578213d0360,APPLIED_REGEX_RULE,traeart,Tilia europaea,Tilia hybr. europaea,latin_regex,add hybrid marker,NA
47379e2b-3907-4995-8756-5c998202176b,APPLIED_REGEX_RULE,traeart,Tilia europaea,Tilia hybr. europaea,latin_regex,add hybrid marker,NA
8a1fe8aa-89de-414f-82c0-2e365a153012,APPLIED_REGEX_RULE,traeart,Tilia europaea,Tilia hybr. europaea,latin_regex,add hybrid marker,NA
b585ee87-fa6c-4dfa-9074-73a665294c4c,APPLIED_REGEX_RULE,traeart,Tilia europaea,Tilia hybr. europaea,latin_regex,add hybrid marker,NA
6cf050ce-c1dc-419f-8953-c8eef93cca26,APPLIED_REGEX_RULE,traeart,Tilia europaea,Tilia hybr. europaea,latin_regex,add hybrid marker,NA
0e4fdeae-2eca-4af2-937d-dc761e326a28,APPLIED_REGEX_RULE,traeart,Tilia europaea,Tilia hybr. europaea,latin_regex,add hybrid marker,NA
431ff770-bc72-48a9-b883-6d1f8cfcb5cc,APPLIED_REGEX_RULE,traeart,Tilia europaea,Tilia hybr. europaea,latin_regex,add hybrid marker,NA
ecdc76a6-38b4-4905-954a-7576c28f6e6c,APPLIED_REGEX_RULE,traeart,Tilia europaea,Tilia hybr. europaea,latin_regex,add hybrid marker,NA
92bea1ee-f906-4006-8e58-8c4b86de27fc,APPLIED_REGEX_RULE,traeart,Tilia europaea,Tilia hybr. europaea,latin_regex,add hybrid marker,NA
6ef4dc8d-4ca6-4488-b09c-686229bed121,APPLIED_REGEX_RULE,traeart,Tilia europaea,Tilia hybr. europaea,latin_regex,add hybrid marker,NA
5bead2df-c868-4c82-a5f5-81da13227100,APPLIED_REGEX_RULE,traeart,Tilia europaea,Tilia hybr. europaea,latin_regex,add hybrid marker,NA
d9678a3e-5f3b-4ac9-8032-8c2d5a9fbdef,APPLIED_REGEX_RULE,traeart,Tilia europaea,Tilia hybr. europaea,latin_regex,add hybrid marker,NA
7818f3e2-be38-4664-8d85-50db4c8ffd84,APPLIED_REGEX_RULE,traeart,Tilia europaea,Tilia hybr. europaea,latin_regex,add hybrid marker,NA
9b3d24f2-90b1-49c7-8ba9-4c2ad3776101,APPLIED_REGEX_RULE,traeart,Tilia europaea,Tilia hybr. europaea,latin_regex,add hybrid marker,NA
41fdb486-6d9c-479e-87c1-a120c1d20d34,APPLIED_REGEX_RULE,traeart,Tilia europaea,Tilia hybr. europaea,latin_regex,add hybrid marker,NA
8aef83ed-d366-4f39-9f04-84a2f21af869,APPLIED_REGEX_RULE,traeart,Tilia europaea,Tilia hybr. europaea,latin_regex,add hybrid marker,NA
2a9f6213-4c65-46c1-bc7e-6a7c485a7495,APPLIED_REGEX_RULE,traeart,Tilia europaea,Tilia hybr. europaea,latin_regex,add hybrid marker,NA
1ba9ad96-0b02-4b2d-9112-6693ce05c112,APPLIED_REGEX_RULE,traeart,Tilia europaea,Tilia hybr. europaea,latin_regex,add hybrid marker,NA
44fcb804-5c9d-47e4-b9ba-7ac791a6487e,APPLIED_REGEX_RULE,traeart,Tilia europaea,Tilia hybr. europaea,latin_regex,add hybrid marker,NA
a18f20cc-3add-405b-8904-4002741b0e7b,APPLIED_REGEX_RULE,traeart,Tilia europaea,Tilia hybr. europaea,latin_regex,add hybrid marker,NA
cffffc74-2a1d-4ac5-b532-07d0fa2e3ff3,APPLIED_REGEX_RULE,traeart,Tilia europaea,Tilia hybr. europaea,latin_regex,add hybrid marker,NA
cc932e72-3795-4c8e-bdaf-cd59d6d16c16,APPLIED_REGEX_RULE,traeart,Tilia europaea,Tilia hybr. europaea,latin_regex,add hybrid marker,NA
ac13e10f-864b-4b21-b504-233befb5c3c5,APPLIED_REGEX_RULE,traeart,Tilia europaea,Tilia hybr. europaea,latin_regex,add hybrid marker,NA
2b7d7c8c-1f82-4a5f-8be7-63396bf7b158,APPLIED_REGEX_RULE,traeart,Tilia europaea,Tilia hybr. europaea,latin_regex,add hybrid marker,NA
d7874a1d-36b4-4c44-b3fb-8ef9776b0356,APPLIED_REGEX_RULE,traeart,Tilia europaea,Tilia hybr. europaea,latin_regex,add hybrid marker,NA
ad595f7b-7f84-45c3-8c53-d1e8fb4eb550,APPLIED_REGEX_RULE,traeart,Tilia europaea,Tilia hybr. europaea,latin_regex,add hybrid marker,NA
ae7e8c0c-7152-4454-b26b-8c1c3e4b86fe,APPLIED_REGEX_RULE,traeart,Tilia europaea,Tilia hybr. europaea,latin_regex,add hybrid marker,NA
9be4f69f-aebe-4d63-9df6-77c8ce04d615,APPLIED_REGEX_RULE,traeart,Tilia europaea,Tilia hybr. europaea,latin_regex,add hybrid marker,NA
75852ae8-333d-410e-a5df-0f426fede39c,APPLIED_REGEX_RULE,traeart,Tilia europaea,Tilia hybr. europaea,latin_regex,add hybrid marker,NA
b8ef7611-f637-4a15-86df-5afc3d3eb16e,APPLIED_REGEX_RULE,traeart,Tilia europaea,Tilia hybr. europaea,latin_regex,add hybrid marker,NA
1e434394-f0fe-47c2-b8ea-0cf504828374,APPLIED_REGEX_RULE,traeart,Tilia europaea,Tilia hybr. europaea,latin_regex,add hybrid marker,NA
aab1a4f9-3c38-4117-b47d-e8e6a438cf7e,APPLIED_REGEX_RULE,traeart,Tilia europaea,Tilia hybr. europaea,latin_regex,add hybrid marker,NA
32182386-9883-4a76-bec7-1ea65226b0dc,APPLIED_REGEX_RULE,traeart,Tilia europaea,Tilia hybr. europaea,latin_regex,add hybrid marker,NA
4d22a68c-743b-4614-82f9-1c8f75d0adf1,APPLIED_REGEX_RULE,traeart,Tilia europaea,Tilia hybr. europaea,latin_regex,add hybrid marker,NA
acce985e-4470-494f-abb7-daaeac85f2fa,APPLIED_REGEX_RULE,traeart,Tilia europaea,Tilia hybr. europaea,latin_regex,add hybrid marker,NA
3da2a938-7fc1-452e-90fc-46053d1e3757,APPLIED_REGEX_RULE,traeart,Tilia europaea,Tilia hybr. europaea,latin_regex,add hybrid marker,NA
e6a2ca0f-33bc-4063-8f7e-31ff588ac6b4,APPLIED_REGEX_RULE,traeart,Tilia europaea,Tilia hybr. europaea,latin_regex,add hybrid marker,NA
bf2ae4c7-3342-4d1e-9dc2-f6b04c967912,APPLIED_REGEX_RULE,traeart,Tilia europaea,Tilia hybr. europaea,latin_regex,add hybrid marker,NA
80a3faf7-0a5b-46fd-b547-3e2af8845a99,APPLIED_REGEX_RULE,traeart,Tilia europaea,Tilia hybr. europaea,latin_regex,add hybrid marker,NA
68c2f8ae-8b12-4640-a8ae-573e37be68ec,APPLIED_REGEX_RULE,traeart,Tilia europaea,Tilia hybr. europaea,latin_regex,add hybrid marker,NA
25a68da0-30af-4782-804b-536bd89c153d,APPLIED_REGEX_RULE,traeart,Tilia europaea,Tilia hybr. europaea,latin_regex,add hybrid marker,NA
5b20c203-01e6-4c8c-8b3a-131ebb738ef3,APPLIED_REGEX_RULE,traeart,Tilia europaea,Tilia hybr. europaea,latin_regex,add hybrid marker,NA
b9452178-9bbf-4414-abb6-8bc836b97c01,APPLIED_REGEX_RULE,traeart,Tilia europaea,Tilia hybr. europaea,latin_regex,add hybrid marker,NA
d847e833-baab-45b1-9dff-c04a81a23a99,APPLIED_REGEX_RULE,traeart,Tilia europaea,Tilia hybr. europaea,latin_regex,add hybrid marker,NA
a885620c-a589-4de6-8cfb-da9b9bc2c07b,APPLIED_REGEX_RULE,traeart,Tilia europaea,Tilia hybr. europaea,latin_regex,add hybrid marker,NA
e609a9d4-96c1-4d24-b61f-eed360d4cec2,APPLIED_REGEX_RULE,traeart,Tilia europaea,Tilia hybr. europaea,latin_regex,add hybrid marker,NA
1756cea6-5653-472f-9e4f-ceae91b9e2f3,APPLIED_REGEX_RULE,traeart,Tilia europaea,Tilia hybr. europaea,latin_regex,add hybrid marker,NA
6d9c8907-3948-4eb7-9ba0-9544cd2edabb,APPLIED_REGEX_RULE,traeart,Tilia europaea,Tilia hybr. europaea,latin_regex,add hybrid marker,NA
9f51898f-ea92-4c57-80ad-036cbb3e69cb,APPLIED_REGEX_RULE,traeart,Tilia europaea,Tilia hybr. europaea,latin_regex,add hybrid marker,NA
8bd705ad-2141-44aa-909c-9a924b8a46f2,APPLIED_REGEX_RULE,traeart,Tilia europaea,Tilia hybr. europaea,latin_regex,add hybrid marker,NA
e4e7a535-5256-470d-a164-e3e1e6426c9b,APPLIED_REGEX_RULE,traeart,Tilia europaea,Tilia hybr. europaea,latin_regex,add hybrid marker,NA
5f385c41-66d1-4c69-80e8-670526687b9d,APPLIED_REGEX_RULE,traeart,Tilia europaea,Tilia hybr. europaea,latin_regex,add hybrid marker,NA
d285ae29-b356-46f9-b6ca-e4fb9929bfc5,APPLIED_REGEX_RULE,traeart,Tilia europaea,Tilia hybr. europaea,latin_regex,add hybrid marker,NA
67e266d2-c486-4cf2-95b1-5eaf079b5520,APPLIED_REGEX_RULE,traeart,Tilia europaea,Tilia hybr. europaea,latin_regex,add hybrid marker,NA
2cc5c533-352f-432d-acf1-66183745de5d,APPLIED_REGEX_RULE,traeart,Tilia europaea,Tilia hybr. europaea,latin_regex,add hybrid marker,NA
1f023773-de22-4c07-83f6-bac94e95f0c5,APPLIED_REGEX_RULE,traeart,Tilia europaea,Tilia hybr. europaea,latin_regex,add hybrid marker,NA
bd6e1a8b-0b09-47d7-ad5a-a945e7957fc5,APPLIED_REGEX_RULE,traeart,Tilia europaea,Tilia hybr. europaea,latin_regex,add hybrid marker,NA
eda4d9aa-b3ed-424f-bc82-b0856fe4cecf,APPLIED_REGEX_RULE,traeart,Tilia europaea,Tilia hybr. europaea,latin_regex,add hybrid marker,NA
985b0de9-8838-4cd3-a3d2-a565127a253d,APPLIED_REGEX_RULE,traeart,Tilia europaea,Tilia hybr. europaea,latin_regex,add hybrid marker,NA
6c34dd63-0c1e-4f77-bc4c-e568c411b086,APPLIED_REGEX_RULE,traeart,Tilia europaea,Tilia hybr. europaea,latin_regex,add hybrid marker,NA
5eaf2c79-96bd-4248-b527-8fa0c8e08091,APPLIED_REGEX_RULE,traeart,Tilia europaea,Tilia hybr. europaea,latin_regex,add hybrid marker,NA
3105e308-b2e3-4e2e-9237-0ff4a225efdd,APPLIED_REGEX_RULE,traeart,Tilia europaea,Tilia hybr. europaea,latin_regex,add hybrid marker,NA
15b0844b-ef72-485b-a328-8b72806e80fc,APPLIED_REGEX_RULE,traeart,Tilia europaea,Tilia hybr. europaea,latin_regex,add hybrid marker,NA
3e7724cc-d104-4461-8f91-6bab20ec251d,APPLIED_REGEX_RULE,traeart,Tilia europaea,Tilia hybr. europaea,latin_regex,add hybrid marker,NA
4fa6e7c6-e629-46f6-aba0-5297c03c0f8c,APPLIED_REGEX_RULE,traeart,Tilia europaea,Tilia hybr. europaea,latin_regex,add hybrid marker,NA
a5c57502-cd89-4533-890c-598fb8b4052d,APPLIED_REGEX_RULE,traeart,Tilia europaea,Tilia hybr. europaea,latin_regex,add hybrid marker,NA
d6e67a66-3f38-4666-9eed-8b31233e4bd1,APPLIED_REGEX_RULE,traeart,Tilia europaea,Tilia hybr. europaea,latin_regex,add hybrid marker,NA
a6dcee86-4f76-4333-953a-e437bbe66129,APPLIED_REGEX_RULE,traeart,Tilia europaea,Tilia hybr. europaea,latin_regex,add hybrid marker,NA
4951e0b3-f121-4fa0-862a-651e0da0bf39,APPLIED_REGEX_RULE,traeart,Tilia europaea,Tilia hybr. europaea,latin_regex,add hybrid marker,NA
b378bf17-ed60-4734-abdb-c3e72cf4e89e,APPLIED_REGEX_RULE,traeart,Tilia europaea,Tilia hybr. europaea,latin_regex,add hybrid marker,NA
b5b49076-8e93-41d4-a7bc-2b80feca433c,APPLIED_REGEX_RULE,traeart,Tilia europaea,Tilia hybr. europaea,latin_regex,add hybrid marker,NA
2cbd8908-b68a-41f1-a342-3b03ed0c96dd,APPLIED_REGEX_RULE,traeart,Tilia europaea,Tilia hybr. europaea,latin_regex,add hybrid marker,NA
f9c7b56a-da89-42dd-85dd-981750796b42,APPLIED_REGEX_RULE,traeart,Tilia europaea,Tilia hybr. europaea,latin_regex,add hybrid marker,NA
41e66d50-1c85-4f15-ad56-22061ab9fe22,APPLIED_REGEX_RULE,traeart,Tilia europaea,Tilia hybr. europaea,latin_regex,add hybrid marker,NA
54845d4d-4b9a-4350-ac5a-1dbb557f6d4f,APPLIED_REGEX_RULE,traeart,Tilia europaea,Tilia hybr. europaea,latin_regex,add hybrid marker,NA
fd9dae7b-d8fd-4aa9-a1b1-eaf20d3171c1,APPLIED_REGEX_RULE,traeart,Tilia europaea,Tilia hybr. europaea,latin_regex,add hybrid marker,NA
5cf381ca-7dba-44f3-b434-8763d7704b91,APPLIED_REGEX_RULE,traeart,Tilia europaea,Tilia hybr. europaea,latin_regex,add hybrid marker,NA
028630bd-5afa-4442-afea-c89330a5cc6d,APPLIED_REGEX_RULE,traeart,Tilia europaea,Tilia hybr. europaea,latin_regex,add hybrid marker,NA
6c09984d-ba3f-4b8e-8eb3-997a139f521d,APPLIED_REGEX_RULE,traeart,Tilia europaea,Tilia hybr. europaea,latin_regex,add hybrid marker,NA
bb8fe96f-a574-4bb8-be52-32dd7bac119a,APPLIED_REGEX_RULE,traeart,Tilia europaea,Tilia hybr. europaea,latin_regex,add hybrid marker,NA
6a1bdc45-0bc2-4d87-87fc-c2b507a67845,APPLIED_REGEX_RULE,traeart,Tilia europaea,Tilia hybr. europaea,latin_regex,add hybrid marker,NA
2205ea89-c6b5-4f49-aac6-07942f530649,APPLIED_REGEX_RULE,traeart,Tilia europaea,Tilia hybr. europaea,latin_regex,add hybrid marker,NA
c9ee586e-d1fb-40e9-903e-0c2fa0728328,APPLIED_REGEX_RULE,traeart,Tilia europaea,Tilia hybr. europaea,latin_regex,add hybrid marker,NA
ab5190c5-cc56-47e5-9462-a68b6604e559,APPLIED_REGEX_RULE,traeart,Tilia europaea,Tilia hybr. europaea,latin_regex,add hybrid marker,NA
5c95b704-096d-4457-bd3d-691cb624b162,APPLIED_REGEX_RULE,traeart,Tilia europaea,Tilia hybr. europaea,latin_regex,add hybrid marker,NA
6a8ebf04-09a7-4061-b927-c88c6e91fe80,APPLIED_REGEX_RULE,traeart,Tilia europaea,Tilia hybr. europaea,latin_regex,add hybrid marker,NA
6db78de4-6490-42dc-b0e5-7875e772bba2,APPLIED_REGEX_RULE,traeart,Tilia europaea,Tilia hybr. europaea,latin_regex,add hybrid marker,NA
7f5f2516-5476-4edd-b775-e9d45ccf91bb,APPLIED_REGEX_RULE,traeart,Tilia europaea,Tilia hybr. europaea,latin_regex,add hybrid marker,NA
04318a55-d4dc-45fd-82f9-9f0933da7572,APPLIED_REGEX_RULE,traeart,Tilia europaea,Tilia hybr. europaea,latin_regex,add hybrid marker,NA
d2112c86-7fe9-4539-835d-2c412e8ac1ff,APPLIED_REGEX_RULE,traeart,Tilia europaea,Tilia hybr. europaea,latin_regex,add hybrid marker,NA
29d65b5a-8efb-4f26-aa8f-787f4dc3b032,APPLIED_REGEX_RULE,traeart,Tilia europaea,Tilia hybr. europaea,latin_regex,add hybrid marker,NA
5718b4ca-d7bc-40ea-b76c-28dd7cdaa0c1,APPLIED_REGEX_RULE,traeart,Tilia europaea,Tilia hybr. europaea,latin_regex,add hybrid marker,NA
9fc97b1d-4603-4597-879d-b7d06d0039ad,APPLIED_REGEX_RULE,traeart,Tilia europaea,Tilia hybr. europaea,latin_regex,add hybrid marker,NA
7830cdf1-979a-4669-9f00-5ba0647f3d90,APPLIED_REGEX_RULE,traeart,Tilia europaea,Tilia hybr. europaea,latin_regex,add hybrid marker,NA
01a1d952-e823-426f-81f0-19e7883baa1e,APPLIED_REGEX_RULE,traeart,Tilia europaea,Tilia hybr. europaea,latin_regex,add hybrid marker,NA
d351a14d-8821-462f-89e1-a0ede2553f2d,APPLIED_REGEX_RULE,traeart,Tilia europaea,Tilia hybr. europaea,latin_regex,add hybrid marker,NA
abec0c45-96e5-4193-b409-a834fd89e162,APPLIED_REGEX_RULE,traeart,Tilia europaea,Tilia hybr. europaea,latin_regex,add hybrid marker,NA
9943e40c-5e96-4dcd-b21a-75beb47df0f2,APPLIED_REGEX_RULE,traeart,Tilia europaea,Tilia hybr. europaea,latin_regex,add hybrid marker,NA
37e0fa3b-5a6b-49a3-bf15-decbc7bc7079,APPLIED_REGEX_RULE,traeart,Tilia europaea,Tilia hybr. europaea,latin_regex,add hybrid marker,NA
5a0edc26-bf18-4fe9-8703-b4559384025d,APPLIED_REGEX_RULE,traeart,Tilia europaea,Tilia hybr. europaea,latin_regex,add hybrid marker,NA
47570ebc-dd15-45dc-8bf3-8c08fc2849cf,APPLIED_REGEX_RULE,traeart,Tilia europaea,Tilia hybr. europaea,latin_regex,add hybrid marker,NA
7d9a2b84-1264-43ff-8e1a-259f999bc093,APPLIED_REGEX_RULE,traeart,Tilia europaea,Tilia hybr. europaea,latin_regex,add hybrid marker,NA
843f3bb0-d959-4ee4-8dc4-ff025623fd27,APPLIED_REGEX_RULE,traeart,Tilia europaea,Tilia hybr. europaea,latin_regex,add hybrid marker,NA
7502704e-3bb9-48c2-adbf-096263fe7879,APPLIED_REGEX_RULE,traeart,Tilia europaea,Tilia hybr. europaea,latin_regex,add hybrid marker,NA
b85921a9-b19a-4de1-883b-618457353a73,APPLIED_REGEX_RULE,traeart,Tilia europaea,Tilia hybr. europaea,latin_regex,add hybrid marker,NA
33d518bf-dcbf-4b27-b4ac-2ea291a7925d,APPLIED_REGEX_RULE,traeart,Tilia europaea,Tilia hybr. europaea,latin_regex,add hybrid marker,NA
c1a4d461-037d-4bc5-9705-658b5a6b9cd9,APPLIED_REGEX_RULE,traeart,Tilia europaea,Tilia hybr. europaea,latin_regex,add hybrid marker,NA
9bc7bcf6-efec-4df8-b77b-e3b27a899bde,APPLIED_REGEX_RULE,traeart,Tilia europaea,Tilia hybr. europaea,latin_regex,add hybrid marker,NA
e1afc715-4105-4912-bf12-80094d9f6510,APPLIED_REGEX_RULE,traeart,Tilia europaea,Tilia hybr. europaea,latin_regex,add hybrid marker,NA
7e81974c-d365-417d-9edc-0f0cf1022469,APPLIED_REGEX_RULE,traeart,Tilia europaea,Tilia hybr. europaea,latin_regex,add hybrid marker,NA
1e1053c4-d332-4dfb-9029-b697da7b710d,APPLIED_REGEX_RULE,traeart,Tilia europaea,Tilia hybr. europaea,latin_regex,add hybrid marker,NA
3b4473a9-f0b4-4d95-9895-4d7638cf6fdf,APPLIED_REGEX_RULE,traeart,Tilia europaea,Tilia hybr. europaea,latin_regex,add hybrid marker,NA
2dd80f4c-b33b-42ce-afcf-50626a01fd48,APPLIED_REGEX_RULE,traeart,Tilia europaea,Tilia hybr. europaea,latin_regex,add hybrid marker,NA
f367beb0-ae61-48f2-a42d-0c7ad74f3abe,APPLIED_REGEX_RULE,traeart,Tilia europaea,Tilia hybr. europaea,latin_regex,add hybrid marker,NA
4533cac8-0160-4a47-9f0a-0a71e7661583,APPLIED_REGEX_RULE,traeart,Tilia europaea,Tilia hybr. europaea,latin_regex,add hybrid marker,NA
63f7595c-ba65-4f35-9f84-91cb84df87a3,APPLIED_REGEX_RULE,traeart,Tilia europaea,Tilia hybr. europaea,latin_regex,add hybrid marker,NA
bdae57cd-3bb1-448c-98b5-16187ed0b2db,APPLIED_REGEX_RULE,traeart,Tilia europaea,Tilia hybr. europaea,latin_regex,add hybrid marker,NA
e1562286-1906-4a2b-b285-ec03833466d2,APPLIED_REGEX_RULE,traeart,Tilia europaea,Tilia hybr. europaea,latin_regex,add hybrid marker,NA
58d9a6a4-c56a-4013-bf4d-25fe9903d5ef,APPLIED_REGEX_RULE,traeart,Tilia europaea,Tilia hybr. europaea,latin_regex,add hybrid marker,NA
61dab4b9-7d59-4be6-b399-b3331fd65d4a,APPLIED_REGEX_RULE,traeart,Tilia europaea,Tilia hybr. europaea,latin_regex,add hybrid marker,NA
800db9b8-3a40-45f7-a0e4-6498f8c30664,APPLIED_REGEX_RULE,traeart,Tilia europaea,Tilia hybr. europaea,latin_regex,add hybrid marker,NA
e15bb157-a5cd-4424-b47a-98aad7f558a2,APPLIED_REGEX_RULE,traeart,Tilia europaea,Tilia hybr. europaea,latin_regex,add hybrid marker,NA
ab3371ea-88fe-4209-b0cc-ccfc575dcc63,APPLIED_REGEX_RULE,traeart,Tilia europaea,Tilia hybr. europaea,latin_regex,add hybrid marker,NA
d11ce5af-bd48-4de1-bee4-b9b39aefd768,APPLIED_REGEX_RULE,traeart,Tilia europaea,Tilia hybr. europaea,latin_regex,add hybrid marker,NA
5ba42bdf-032d-4655-94d6-e6972996ea27,APPLIED_REGEX_RULE,traeart,Tilia europaea,Tilia hybr. europaea,latin_regex,add hybrid marker,NA
093e4f6f-316d-43d8-88a4-7bb48458c669,APPLIED_REGEX_RULE,traeart,Tilia europaea,Tilia hybr. europaea,latin_regex,add hybrid marker,NA
f472b6a7-6fcb-4973-9892-2b81a8a1c35a,APPLIED_REGEX_RULE,traeart,Tilia europaea,Tilia hybr. europaea,latin_regex,add hybrid marker,NA
7f92cffc-5fcf-40fe-8fa7-30c3018ddcb2,APPLIED_REGEX_RULE,traeart,Tilia europaea,Tilia hybr. europaea,latin_regex,add hybrid marker,NA
2a792748-d00c-4c4d-b1ab-7b1836fa2d4c,APPLIED_REGEX_RULE,traeart,Tilia europaea,Tilia hybr. europaea,latin_regex,add hybrid marker,NA
12819624-1143-49dc-a0c3-f55c5b208673,APPLIED_REGEX_RULE,traeart,Tilia europaea,Tilia hybr. europaea,latin_regex,add hybrid marker,NA
f687418d-d4fd-485f-b66d-642a11ad2d8f,APPLIED_REGEX_RULE,traeart,Tilia europaea,Tilia hybr. europaea,latin_regex,add hybrid marker,NA
d14d866e-9042-47fd-b2d9-b81b1d579d91,APPLIED_REGEX_RULE,traeart,Tilia europaea,Tilia hybr. europaea,latin_regex,add hybrid marker,NA
3ffe87ff-a183-46e3-98ab-400ec21a4f74,APPLIED_REGEX_RULE,traeart,Tilia europaea,Tilia hybr. europaea,latin_regex,add hybrid marker,NA
b6d2ab29-7bba-49d5-a78c-9c0b978e9edf,APPLIED_REGEX_RULE,traeart,Tilia europaea,Tilia hybr. europaea,latin_regex,add hybrid marker,NA
5e757f48-f34e-430b-a9ec-83f05d62a25a,APPLIED_REGEX_RULE,traeart,Tilia europaea,Tilia hybr. europaea,latin_regex,add hybrid marker,NA
b8457112-9f8b-45b0-a693-b3fce7d7bd56,APPLIED_REGEX_RULE,traeart,Tilia europaea,Tilia hybr. europaea,latin_regex,add hybrid marker,NA
1ee338a6-ad6a-41d1-9f1d-54581d5a2920,APPLIED_REGEX_RULE,traeart,Tilia europaea,Tilia hybr. europaea,latin_regex,add hybrid marker,NA
359344a4-8654-4e50-b71c-0156b7bceb3a,APPLIED_REGEX_RULE,traeart,Tilia europaea,Tilia hybr. europaea,latin_regex,add hybrid marker,NA
8eee18e0-1097-47af-8f57-7a5dc1970bf3,APPLIED_REGEX_RULE,traeart,Tilia europaea,Tilia hybr. europaea,latin_regex,add hybrid marker,NA
958ff134-6f12-4f11-840e-f951f8c23709,APPLIED_REGEX_RULE,traeart,Tilia europaea,Tilia hybr. europaea,latin_regex,add hybrid marker,NA
70a210db-e2cd-4b41-8dfb-942d39ba68c7,APPLIED_REGEX_RULE,traeart,Tilia europaea,Tilia hybr. europaea,latin_regex,add hybrid marker,NA
20560cf9-fe0d-4f8c-b902-7053164eecdf,APPLIED_REGEX_RULE,traeart,Tilia europaea,Tilia hybr. europaea,latin_regex,add hybrid marker,NA
4efc52be-38e4-4919-8c38-e7e915a5611b,APPLIED_REGEX_RULE,traeart,Tilia europaea,Tilia hybr. europaea,latin_regex,add hybrid marker,NA
e31f5c6f-e66d-4c9b-9266-4ce4dd9bc30b,APPLIED_REGEX_RULE,traeart,Tilia europaea,Tilia hybr. europaea,latin_regex,add hybrid marker,NA
99c32934-4fb0-492e-b785-62fac9f47f4c,APPLIED_REGEX_RULE,traeart,Tilia europaea,Tilia hybr. europaea,latin_regex,add hybrid marker,NA
3a47d8ba-2ca9-4012-8788-65b801da5150,APPLIED_REGEX_RULE,traeart,Tilia europaea,Tilia hybr. europaea,latin_regex,add hybrid marker,NA
4fbb97a7-b536-41df-8482-b71d15134532,APPLIED_REGEX_RULE,traeart,Tilia europaea,Tilia hybr. europaea,latin_regex,add hybrid marker,NA
2b29eab6-7c9f-4437-8d25-e8f53cba4cf7,APPLIED_REGEX_RULE,traeart,Tilia europaea,Tilia hybr. europaea,latin_regex,add hybrid marker,NA
61a77f33-6ee8-435c-8113-abf5ecf8eb15,APPLIED_REGEX_RULE,traeart,Tilia europaea,Tilia hybr. europaea,latin_regex,add hybrid marker,NA
269fe4fe-077d-444d-8022-f2f2a6621286,APPLIED_REGEX_RULE,traeart,Tilia europaea,Tilia hybr. europaea,latin_regex,add hybrid marker,NA
3aa94028-33f3-4723-bbe8-a72fc2f36e98,APPLIED_REGEX_RULE,traeart,Tilia europaea,Tilia hybr. europaea,latin_regex,add hybrid marker,NA
c4c36a61-8c63-4aee-885c-60871cc5cf90,APPLIED_REGEX_RULE,traeart,Tilia europaea,Tilia hybr. europaea,latin_regex,add hybrid marker,NA
fc64871f-dbbb-4c84-80b8-74b0873b39e6,APPLIED_REGEX_RULE,traeart,Tilia europaea,Tilia hybr. europaea,latin_regex,add hybrid marker,NA
743d6cf9-ce0c-40dc-9de4-9e1c254c38e0,APPLIED_REGEX_RULE,traeart,Ulmus 'New Horizon',Ulmus hybr. 'New Horizon',latin_regex,add hybrid marker,NA
fc35d481-8cf2-4c6f-a7fe-5c1c21ca3a97,APPLIED_REGEX_RULE,traeart,Ulmus 'New Horizon',Ulmus hybr. 'New Horizon',latin_regex,add hybrid marker,NA
157a4dd8-0a1b-4083-96f0-99068a1c4f1c,APPLIED_REGEX_RULE,traeart,Ulmus 'New Horizon',Ulmus hybr. 'New Horizon',latin_regex,add hybrid marker,NA
0a9e6c77-5fc8-46f9-af12-aca920dd8b40,APPLIED_REGEX_RULE,traeart,Ulmus 'New Horizon',Ulmus hybr. 'New Horizon',latin_regex,add hybrid marker,NA
d65b213c-2ef5-4f5d-ab5a-006ced65337f,APPLIED_REGEX_RULE,traeart,Ulmus 'Columella',Ulmus hybr. 'Columella',latin_regex,add hybrid marker,NA
a4660cd6-2da1-4399-a82e-a4041f7d7730,APPLIED_REGEX_RULE,traeart,Ulmus 'Vada',Ulmus hybr. 'Vada',latin_regex,add hybrid marker,NA
b5c35dff-a32d-479c-9310-5fd920682670,APPLIED_REGEX_RULE,traeart,Ulmus 'Rebona',Ulmus hybr. 'Rebona',latin_regex,add hybrid marker,NA
b59dbd6d-2aab-482b-92a2-8d25f430fe95,APPLIED_REGEX_RULE,traeart,Ulmus 'New Horizon',Ulmus hybr. 'New Horizon',latin_regex,add hybrid marker,NA
a5ffe3dc-a50d-4d6a-9f38-b738aeedfaf9,APPLIED_REGEX_RULE,traeart,Ulmus 'Rebona',Ulmus hybr. 'Rebona',latin_regex,add hybrid marker,NA
b41ad71a-5615-4225-8a8d-3422b1aef4af,APPLIED_REGEX_RULE,traeart,Ulmus 'New Horizon',Ulmus hybr. 'New Horizon',latin_regex,add hybrid marker,NA
e2de75ba-e0af-4e3a-8681-ffdbe3edc133,APPLIED_REGEX_RULE,traeart,Ulmus 'Rebona',Ulmus hybr. 'Rebona',latin_regex,add hybrid marker,NA
c7a43b3f-afb0-4f99-9e98-c3e595cdedd8,APPLIED_REGEX_RULE,traeart,Ulmus 'Rebona',Ulmus hybr. 'Rebona',latin_regex,add hybrid marker,NA
a7758d68-b25e-4e04-9e6f-307a06f0c330,APPLIED_REGEX_RULE,traeart,Ulmus 'Columella',Ulmus hybr. 'Columella',latin_regex,add hybrid marker,NA
edb57ef3-51a7-4289-ae34-49493e38586c,APPLIED_REGEX_RULE,traeart,Ulmus 'Vada',Ulmus hybr. 'Vada',latin_regex,add hybrid marker,NA
4f8beeac-644e-4e69-aa37-8903a44b2e41,APPLIED_REGEX_RULE,traeart,Ulmus 'Columella',Ulmus hybr. 'Columella',latin_regex,add hybrid marker,NA
deb32494-3609-40f0-9d39-0b21cf3da97f,APPLIED_REGEX_RULE,traeart,Ulmus 'New Horizon',Ulmus hybr. 'New Horizon',latin_regex,add hybrid marker,NA
0ba242b2-e390-4e5f-bd9f-219b8d1c373a,APPLIED_REGEX_RULE,traeart,Ulmus 'Vada',Ulmus hybr. 'Vada',latin_regex,add hybrid marker,NA
2c87ab59-12e1-4ecb-9e9e-127f64c74266,APPLIED_REGEX_RULE,traeart,Ulmus 'Columella',Ulmus hybr. 'Columella',latin_regex,add hybrid marker,NA
619eeea2-be7c-4157-9eee-e53b4ffe2aad,APPLIED_REGEX_RULE,traeart,Ulmus 'Columella',Ulmus hybr. 'Columella',latin_regex,add hybrid marker,NA
e0ca302c-c1e5-48c0-af41-74eaf8ead940,APPLIED_REGEX_RULE,traeart,Ulmus 'Columella',Ulmus hybr. 'Columella',latin_regex,add hybrid marker,NA
4f4233bc-3d4d-4ca6-a5dc-7c36f513aecc,APPLIED_REGEX_RULE,traeart,Ulmus 'Columella',Ulmus hybr. 'Columella',latin_regex,add hybrid marker,NA
59212659-75ba-4df0-922d-2d84f9b19052,APPLIED_REGEX_RULE,traeart,Ulmus 'Columella',Ulmus hybr. 'Columella',latin_regex,add hybrid marker,NA
577f1748-9934-4dfb-baaf-a081400e4fba,APPLIED_REGEX_RULE,traeart,Ulmus 'New Horizon',Ulmus hybr. 'New Horizon',latin_regex,add hybrid marker,NA
47b9ecfe-5e92-4b60-8218-1597d19f22db,APPLIED_REGEX_RULE,traeart,Ulmus 'New Horizon',Ulmus hybr. 'New Horizon',latin_regex,add hybrid marker,NA
3036b0ca-222a-4dc4-a236-13443293d9bf,APPLIED_REGEX_RULE,traeart,Ulmus 'New Horizon',Ulmus hybr. 'New Horizon',latin_regex,add hybrid marker,NA
0b9af74f-c5ed-40b6-931b-b5fb4859a3fa,APPLIED_REGEX_RULE,traeart,Ulmus 'New Horizon',Ulmus hybr. 'New Horizon',latin_regex,add hybrid marker,NA
97c30882-98f1-4888-978b-23b16778c927,APPLIED_REGEX_RULE,traeart,Ulmus 'New Horizon',Ulmus hybr. 'New Horizon',latin_regex,add hybrid marker,NA
7f8e2d41-dcbb-4e8b-a77d-3bfb88a1a731,APPLIED_REGEX_RULE,traeart,Ulmus 'New Horizon',Ulmus hybr. 'New Horizon',latin_regex,add hybrid marker,NA
ee5df073-a0c7-4771-b3d0-1c1da16bbc37,APPLIED_REGEX_RULE,traeart,Ulmus 'New Horizon',Ulmus hybr. 'New Horizon',latin_regex,add hybrid marker,NA
021b497d-be5b-4c9c-85d3-7dfb64e320bb,APPLIED_REGEX_RULE,traeart,Ulmus 'New Horizon',Ulmus hybr. 'New Horizon',latin_regex,add hybrid marker,NA
d397132c-5f98-4a86-9c34-5541228a4b58,APPLIED_REGEX_RULE,traeart,Ulmus 'New Horizon',Ulmus hybr. 'New Horizon',latin_regex,add hybrid marker,NA
fb19352f-b031-4e3b-8ff6-5ac0f6818ea5,APPLIED_REGEX_RULE,traeart,Ulmus 'Rebona',Ulmus hybr. 'Rebona',latin_regex,add hybrid marker,NA
16e26623-5a5b-4f2c-a755-4d388465f3ac,APPLIED_REGEX_RULE,traeart,Ulmus 'New Horizon',Ulmus hybr. 'New Horizon',latin_regex,add hybrid marker,NA
7eb23d8e-cbea-4bcd-a6e2-84ff57560f34,APPLIED_REGEX_RULE,traeart,Ulmus 'Rebona',Ulmus hybr. 'Rebona',latin_regex,add hybrid marker,NA
8ec40bb3-a473-4b2d-8837-6cc4c39afd86,APPLIED_REGEX_RULE,traeart,Ulmus 'New Horizon',Ulmus hybr. 'New Horizon',latin_regex,add hybrid marker,NA
edea09be-50c5-42d4-a67e-4a634d8eb227,APPLIED_REGEX_RULE,traeart,Ulmus 'New Horizon',Ulmus hybr. 'New Horizon',latin_regex,add hybrid marker,NA
7efb5757-42f9-4fc0-9b71-27aaeaf8b6c8,APPLIED_REGEX_RULE,traeart,Ulmus 'New Horizon',Ulmus hybr. 'New Horizon',latin_regex,add hybrid marker,NA
97903140-a00f-4132-96d4-5aac22202ab8,APPLIED_REGEX_RULE,traeart,Ulmus 'New Horizon',Ulmus hybr. 'New Horizon',latin_regex,add hybrid marker,NA
47c646d0-9748-4cb4-b03b-ad8a501f93af,APPLIED_REGEX_RULE,traeart,Ulmus 'New Horizon',Ulmus hybr. 'New Horizon',latin_regex,add hybrid marker,NA
0ac4b56d-ae8c-47f2-b604-e7fb2b028429,APPLIED_REGEX_RULE,traeart,Ulmus 'New Horizon',Ulmus hybr. 'New Horizon',latin_regex,add hybrid marker,NA
f7fee6cb-487f-4177-b65b-e00ad2841370,APPLIED_REGEX_RULE,traeart,Ulmus 'New Horizon',Ulmus hybr. 'New Horizon',latin_regex,add hybrid marker,NA
a1a37924-eea4-4458-8f47-f62bdc34c0fb,APPLIED_REGEX_RULE,traeart,Ulmus 'Columella',Ulmus hybr. 'Columella',latin_regex,add hybrid marker,NA
7e9f5b6b-1430-4516-8b7b-bad392edb2ae,APPLIED_REGEX_RULE,traeart,Ulmus 'Columella',Ulmus hybr. 'Columella',latin_regex,add hybrid marker,NA
730e9b49-6dce-417d-8535-05ccbe002428,APPLIED_REGEX_RULE,traeart,Ulmus 'Columella',Ulmus hybr. 'Columella',latin_regex,add hybrid marker,NA
2ed61461-45c9-44bd-a677-8f5a64a994a2,APPLIED_REGEX_RULE,traeart,Ulmus 'Columella',Ulmus hybr. 'Columella',latin_regex,add hybrid marker,NA
e8f85515-cbf3-4633-b65d-1a6af59407ef,APPLIED_REGEX_RULE,traeart,Ulmus 'New Horizon',Ulmus hybr. 'New Horizon',latin_regex,add hybrid marker,NA
7767cad2-8e38-42af-b152-a8e1a3e88b2b,APPLIED_REGEX_RULE,traeart,Ulmus 'Columella',Ulmus hybr. 'Columella',latin_regex,add hybrid marker,NA
5d53b7c4-086b-4c73-8659-4f2aef6b2113,APPLIED_REGEX_RULE,traeart,Ulmus 'Columella',Ulmus hybr. 'Columella',latin_regex,add hybrid marker,NA
e6fe1dd1-ac53-4572-80c6-8a5fd06e7db1,APPLIED_REGEX_RULE,traeart,Ulmus 'Columella',Ulmus hybr. 'Columella',latin_regex,add hybrid marker,NA
c7bebca0-4fe5-4555-9e16-25672bc24e65,APPLIED_REGEX_RULE,traeart,Ulmus 'Columella',Ulmus hybr. 'Columella',latin_regex,add hybrid marker,NA
0a9aee69-594c-4f1d-bb7b-5e2aeac91994,APPLIED_REGEX_RULE,traeart,Ulmus 'Columella',Ulmus hybr. 'Columella',latin_regex,add hybrid marker,NA
20e7040c-9517-4882-b505-7b69f8411910,APPLIED_REGEX_RULE,traeart,Ulmus 'Columella',Ulmus hybr. 'Columella',latin_regex,add hybrid marker,NA
c10fba23-18d0-448a-a524-f5354d066573,APPLIED_REGEX_RULE,traeart,Ulmus 'Columella',Ulmus hybr. 'Columella',latin_regex,add hybrid marker,NA
02d976e1-f8c4-4c48-ae19-c46e12e996ee,APPLIED_REGEX_RULE,traeart,Ulmus 'New Horizon',Ulmus hybr. 'New Horizon',latin_regex,add hybrid marker,NA
30da87bf-d7c5-40ff-9ab0-87145137a0b7,APPLIED_REGEX_RULE,traeart,Ulmus 'New Horizon',Ulmus hybr. 'New Horizon',latin_regex,add hybrid marker,NA
570ab144-dca5-4f38-92ff-4a1e7cf73468,APPLIED_REGEX_RULE,traeart,Ulmus 'New Horizon',Ulmus hybr. 'New Horizon',latin_regex,add hybrid marker,NA
ee02a2ba-d68b-4cc4-91ce-5f729609ee4d,APPLIED_REGEX_RULE,traeart,Ulmus 'New Horizon',Ulmus hybr. 'New Horizon',latin_regex,add hybrid marker,NA
3399b2dd-840e-4768-b193-9d5860aae9f1,APPLIED_REGEX_RULE,traeart,Ulmus 'New Horizon',Ulmus hybr. 'New Horizon',latin_regex,add hybrid marker,NA
f21ed8f1-6ac9-4972-b66f-efa82f65e35e,APPLIED_REGEX_RULE,traeart,Ulmus 'Rebona',Ulmus hybr. 'Rebona',latin_regex,add hybrid marker,NA
38801ec6-d270-4747-8b4e-f8dd2823608b,APPLIED_REGEX_RULE,traeart,Ulmus 'Rebona',Ulmus hybr. 'Rebona',latin_regex,add hybrid marker,NA
fe62daab-1535-4a7b-9568-45079d5be56d,APPLIED_REGEX_RULE,traeart,Ulmus 'Rebona',Ulmus hybr. 'Rebona',latin_regex,add hybrid marker,NA
ce4424f1-0e50-4318-8ffc-458498424c54,APPLIED_REGEX_RULE,traeart,Ulmus 'Rebona',Ulmus hybr. 'Rebona',latin_regex,add hybrid marker,NA
75d7240c-981d-4148-9422-fd8ba74b723f,APPLIED_REGEX_RULE,traeart,Ulmus 'New Horizon',Ulmus hybr. 'New Horizon',latin_regex,add hybrid marker,NA
4fcb653e-84b3-4fcf-b855-e5cbd81924ac,APPLIED_REGEX_RULE,traeart,Ulmus 'New Horizon',Ulmus hybr. 'New Horizon',latin_regex,add hybrid marker,NA
d689ba73-a4a9-476b-988f-aab8852f2935,APPLIED_REGEX_RULE,traeart,Ulmus 'New Horizon',Ulmus hybr. 'New Horizon',latin_regex,add hybrid marker,NA
74e33bb3-8a63-473e-88b4-35cd0520fbea,APPLIED_REGEX_RULE,traeart,Ulmus 'New Horizon',Ulmus hybr. 'New Horizon',latin_regex,add hybrid marker,NA
ea89e08a-53f7-47ef-9386-3f3330896811,APPLIED_REGEX_RULE,traeart,Ulmus 'New Horizon',Ulmus hybr. 'New Horizon',latin_regex,add hybrid marker,NA
29195d68-c411-4440-b4e3-d52e8855a87b,APPLIED_REGEX_RULE,traeart,Ulmus 'New Horizon',Ulmus hybr. 'New Horizon',latin_regex,add hybrid marker,NA
566dae55-a1bc-4085-8d5c-247ccb1759e5,APPLIED_REGEX_RULE,traeart,Ulmus 'New Horizon',Ulmus hybr. 'New Horizon',latin_regex,add hybrid marker,NA
ce92702a-6904-4e02-814f-85dfc658a622,APPLIED_REGEX_RULE,traeart,Ulmus 'New Horizon',Ulmus hybr. 'New Horizon',latin_regex,add hybrid marker,NA
5ca4a2d6-3b00-4c0e-a194-3c978e2ce627,APPLIED_REGEX_RULE,traeart,Ulmus 'New Horizon',Ulmus hybr. 'New Horizon',latin_regex,add hybrid marker,NA
21563550-b69e-424b-ba57-63e6fcdc9608,APPLIED_REGEX_RULE,traeart,Ulmus 'New Horizon',Ulmus hybr. 'New Horizon',latin_regex,add hybrid marker,NA
c08a4978-695a-4567-852f-559b58cc2247,APPLIED_REGEX_RULE,traeart,Ulmus 'New Horizon',Ulmus hybr. 'New Horizon',latin_regex,add hybrid marker,NA
8a704d24-0ced-4936-8de2-6ad00879b68c,APPLIED_REGEX_RULE,traeart,Ulmus 'New Horizon',Ulmus hybr. 'New Horizon',latin_regex,add hybrid marker,NA
d746619e-5b1d-4ee6-a7fe-4866450f1885,APPLIED_REGEX_RULE,traeart,Ulmus 'New Horizon',Ulmus hybr. 'New Horizon',latin_regex,add hybrid marker,NA
716049d9-cb7d-4f37-a542-ea1c138bb6ea,APPLIED_REGEX_RULE,traeart,Ulmus 'New Horizon',Ulmus hybr. 'New Horizon',latin_regex,add hybrid marker,NA
8bcb4741-d4f5-4c15-b426-db8d22fae4d4,APPLIED_REGEX_RULE,traeart,Ulmus 'New Horizon',Ulmus hybr. 'New Horizon',latin_regex,add hybrid marker,NA
6b2e9932-328c-499c-add6-fe415baaca8f,APPLIED_REGEX_RULE,traeart,Ulmus 'New Horizon',Ulmus hybr. 'New Horizon',latin_regex,add hybrid marker,NA
e22050e5-b947-4f09-b96f-55000eda16a4,APPLIED_REGEX_RULE,traeart,Ulmus 'Columella',Ulmus hybr. 'Columella',latin_regex,add hybrid marker,NA
edddf158-5518-4354-afcd-7074a7867082,APPLIED_REGEX_RULE,traeart,Ulmus 'Columella',Ulmus hybr. 'Columella',latin_regex,add hybrid marker,NA
8f2912e8-4794-4b78-bd3b-b443211545fc,APPLIED_REGEX_RULE,traeart,Ulmus 'Columella',Ulmus hybr. 'Columella',latin_regex,add hybrid marker,NA
3b35b0d0-0866-42d4-a426-29f05e323c50,APPLIED_REGEX_RULE,traeart,Ulmus 'Columella',Ulmus hybr. 'Columella',latin_regex,add hybrid marker,NA
f40368a3-0f4a-4d6d-8265-66569a3b049d,APPLIED_REGEX_RULE,traeart,Ulmus 'New Horizon',Ulmus hybr. 'New Horizon',latin_regex,add hybrid marker,NA
14b45d48-c9e8-4dad-b80e-9aea1f0050d4,APPLIED_REGEX_RULE,traeart,Ulmus 'Columella',Ulmus hybr. 'Columella',latin_regex,add hybrid marker,NA
68546478-f52c-4ce0-959b-3d0cb6768d6b,APPLIED_REGEX_RULE,traeart,Ulmus 'Columella',Ulmus hybr. 'Columella',latin_regex,add hybrid marker,NA
e03ceb98-5778-4210-b1c3-3d17b312501b,APPLIED_REGEX_RULE,traeart,Ulmus 'New Horizon',Ulmus hybr. 'New Horizon',latin_regex,add hybrid marker,NA
612eff29-12fb-49e7-a7d3-371655216f52,APPLIED_REGEX_RULE,traeart,Ulmus 'Rebona',Ulmus hybr. 'Rebona',latin_regex,add hybrid marker,NA
c6027348-dea6-46a3-a3c9-ec2a9d730422,APPLIED_REGEX_RULE,traeart,Ulmus 'New Horizon',Ulmus hybr. 'New Horizon',latin_regex,add hybrid marker,NA
04feff9c-7542-48af-b7e4-4e028a87756e,APPLIED_REGEX_RULE,traeart,Ulmus 'Rebona',Ulmus hybr. 'Rebona',latin_regex,add hybrid marker,NA
f536a05d-b4ec-4aba-afa7-c13c28a6fe81,APPLIED_REGEX_RULE,traeart,Ulmus 'Rebona',Ulmus hybr. 'Rebona',latin_regex,add hybrid marker,NA
60520c6c-f6f9-4e97-a880-e5ffb336c63d,APPLIED_REGEX_RULE,traeart,Ulmus 'Rebona',Ulmus hybr. 'Rebona',latin_regex,add hybrid marker,NA
9e790eb7-34ca-4c56-b895-1c917d41d99f,APPLIED_REGEX_RULE,traeart,Ulmus 'New Horizon',Ulmus hybr. 'New Horizon',latin_regex,add hybrid marker,NA
d6b8c6ce-4341-4ddf-978e-f814356f9b4c,APPLIED_REGEX_RULE,traeart,Ulmus 'New Horizon',Ulmus hybr. 'New Horizon',latin_regex,add hybrid marker,NA
61c1bd17-cf6b-4344-aa73-25d790a0ac28,APPLIED_REGEX_RULE,traeart,Ulmus 'New Horizon',Ulmus hybr. 'New Horizon',latin_regex,add hybrid marker,NA
e3dbc6c0-9a5e-4564-b3dc-e9525a890e2d,APPLIED_REGEX_RULE,traeart,Ulmus 'New Horizon',Ulmus hybr. 'New Horizon',latin_regex,add hybrid marker,NA
51a88c11-2260-43f8-9640-6b6376bbb635,APPLIED_REGEX_RULE,traeart,Ulmus 'New Horizon',Ulmus hybr. 'New Horizon',latin_regex,add hybrid marker,NA
264bec08-23ae-48c4-8844-b1f95be27123,APPLIED_REGEX_RULE,traeart,Ulmus 'New Horizon',Ulmus hybr. 'New Horizon',latin_regex,add hybrid marker,NA
cd48f4d8-bc0b-4d61-942a-4773ae125b17,APPLIED_REGEX_RULE,traeart,Ulmus 'New Horizon',Ulmus hybr. 'New Horizon',latin_regex,add hybrid marker,NA
342a636b-37fb-4561-8bbb-f12b9916d7f8,APPLIED_REGEX_RULE,traeart,Ulmus 'New Horizon',Ulmus hybr. 'New Horizon',latin_regex,add hybrid marker,NA
37d9158e-e263-4243-a1b1-e5b6ea7690e1,APPLIED_REGEX_RULE,traeart,Ulmus 'New Horizon',Ulmus hybr. 'New Horizon',latin_regex,add hybrid marker,NA
c87d127d-0dad-4def-8479-1ffd54573fe6,APPLIED_REGEX_RULE,traeart,Ulmus 'Columella',Ulmus hybr. 'Columella',latin_regex,add hybrid marker,NA
6b5b943f-f332-4143-ace7-19514072638a,APPLIED_REGEX_RULE,traeart,Ulmus 'Columella',Ulmus hybr. 'Columella',latin_regex,add hybrid marker,NA
1790554a-648f-4b1e-a5b4-b780f3866f6d,APPLIED_REGEX_RULE,traeart,Ulmus 'Columella',Ulmus hybr. 'Columella',latin_regex,add hybrid marker,NA
72fe2d8f-3e62-493d-8ed6-8b1b97d86d9a,APPLIED_REGEX_RULE,traeart,Ulmus 'Columella',Ulmus hybr. 'Columella',latin_regex,add hybrid marker,NA
871d81fe-b782-4ed9-9af1-a4a60e932b53,APPLIED_REGEX_RULE,traeart,Ulmus 'Columella',Ulmus hybr. 'Columella',latin_regex,add hybrid marker,NA
c805c1c0-de11-430c-bc1c-1a9ddf52c698,APPLIED_REGEX_RULE,traeart,Ulmus 'Columella',Ulmus hybr. 'Columella',latin_regex,add hybrid marker,NA
cef3c9a0-fb7e-4d40-affc-d8dc56ad0786,APPLIED_REGEX_RULE,traeart,Ulmus 'Columella',Ulmus hybr. 'Columella',latin_regex,add hybrid marker,NA
13d31bec-9fb4-4c2b-ba1a-ba095e3c6d12,APPLIED_REGEX_RULE,traeart,Ulmus 'New Horizon',Ulmus hybr. 'New Horizon',latin_regex,add hybrid marker,NA
63963185-3d9f-44e8-a439-4b529c0c6585,APPLIED_REGEX_RULE,traeart,Ulmus 'New Horizon',Ulmus hybr. 'New Horizon',latin_regex,add hybrid marker,NA
f716d2f7-a39a-4524-b604-7b86d98eb731,APPLIED_REGEX_RULE,traeart,Ulmus 'Rebona',Ulmus hybr. 'Rebona',latin_regex,add hybrid marker,NA
5f501937-5459-484b-9715-2eb054b2a520,APPLIED_REGEX_RULE,traeart,Ulmus 'Rebona',Ulmus hybr. 'Rebona',latin_regex,add hybrid marker,NA
99af0d3a-f001-43c1-a509-d5fe00fdd570,APPLIED_REGEX_RULE,traeart,Ulmus 'Rebona',Ulmus hybr. 'Rebona',latin_regex,add hybrid marker,NA
5275c821-a505-4015-b6c7-7d6a25a0e59e,APPLIED_REGEX_RULE,traeart,Ulmus 'Rebona',Ulmus hybr. 'Rebona',latin_regex,add hybrid marker,NA
8fdeb5c9-c06b-484c-af94-912ea8468b07,APPLIED_REGEX_RULE,traeart,Ulmus 'Rebona',Ulmus hybr. 'Rebona',latin_regex,add hybrid marker,NA
c7d8b075-956c-40bb-998b-902bb70d1df3,APPLIED_REGEX_RULE,traeart,Ulmus 'Rebona',Ulmus hybr. 'Rebona',latin_regex,add hybrid marker,NA
0e31b9d3-aee8-4fd8-bed2-f21b2e20c638,APPLIED_REGEX_RULE,traeart,Ulmus 'Rebona',Ulmus hybr. 'Rebona',latin_regex,add hybrid marker,NA
07997963-a125-4eec-b97a-ab7ee05aa763,APPLIED_REGEX_RULE,traeart,Ulmus 'Rebona',Ulmus hybr. 'Rebona',latin_regex,add hybrid marker,NA
19454423-5ca3-44d2-be1d-6845bcef6b00,APPLIED_REGEX_RULE,traeart,Ulmus 'Rebona',Ulmus hybr. 'Rebona',latin_regex,add hybrid marker,NA
8daaa6a1-4d3c-4c46-a498-f4451c9c3653,APPLIED_REGEX_RULE,traeart,Ulmus 'Rebona',Ulmus hybr. 'Rebona',latin_regex,add hybrid marker,NA
35e9e351-b798-4956-83a0-51598a013a31,APPLIED_REGEX_RULE,traeart,Ulmus 'Rebona',Ulmus hybr. 'Rebona',latin_regex,add hybrid marker,NA
a3909220-7410-4e2f-8992-17a400e89b03,APPLIED_REGEX_RULE,traeart,Ulmus 'New Horizon',Ulmus hybr. 'New Horizon',latin_regex,add hybrid marker,NA
5313c81c-5eab-4130-b004-349e90c9fe4c,APPLIED_REGEX_RULE,traeart,Ulmus 'New Horizon',Ulmus hybr. 'New Horizon',latin_regex,add hybrid marker,NA
f563a0f9-0ea0-4510-b135-bf3385e63c12,APPLIED_REGEX_RULE,traeart,Ulmus 'New Horizon',Ulmus hybr. 'New Horizon',latin_regex,add hybrid marker,NA
88354d8e-b8a9-499f-b7ec-0e6bc236fcd9,APPLIED_REGEX_RULE,traeart,Ulmus 'New Horizon',Ulmus hybr. 'New Horizon',latin_regex,add hybrid marker,NA
6aad2892-c221-4d5e-9a96-5d48cd34172e,APPLIED_REGEX_RULE,traeart,Ulmus 'New Horizon',Ulmus hybr. 'New Horizon',latin_regex,add hybrid marker,NA
d3541ddf-3351-42d9-9e27-a70dc870802d,APPLIED_REGEX_RULE,traeart,Ulmus 'Columella',Ulmus hybr. 'Columella',latin_regex,add hybrid marker,NA
75422477-9ec4-4a88-94bc-cc892887a4da,APPLIED_REGEX_RULE,traeart,Ulmus 'Rebona',Ulmus hybr. 'Rebona',latin_regex,add hybrid marker,NA
11e2d23a-1298-4a25-bb70-fdb7759956c9,APPLIED_REGEX_RULE,traeart,Ulmus 'New Horizon',Ulmus hybr. 'New Horizon',latin_regex,add hybrid marker,NA
4c4766f9-a75e-4c95-9e8c-f203affcf57f,APPLIED_REGEX_RULE,traeart,Ulmus 'New Horizon',Ulmus hybr. 'New Horizon',latin_regex,add hybrid marker,NA
586eed08-0238-406a-9b9b-b66850a87059,APPLIED_REGEX_RULE,traeart,Ulmus 'New Horizon',Ulmus hybr. 'New Horizon',latin_regex,add hybrid marker,NA
144c4128-0eae-497b-8bab-53ceb26dc90f,APPLIED_REGEX_RULE,traeart,Ulmus 'Regal',Ulmus hybr. 'Regal',latin_regex,add hybrid marker,NA
bfb626b3-1fc9-4c53-af89-955c7901ece6,APPLIED_REGEX_RULE,traeart,Ulmus 'New Horizon',Ulmus hybr. 'New Horizon',latin_regex,add hybrid marker,NA
527e1882-14ba-43c9-8b5b-ca12a6e29dae,APPLIED_REGEX_RULE,traeart,Ulmus 'New Horizon',Ulmus hybr. 'New Horizon',latin_regex,add hybrid marker,NA
fd8db502-58db-4c4c-9de7-6ea0173938bd,APPLIED_REGEX_RULE,traeart,Ulmus 'Columella',Ulmus hybr. 'Columella',latin_regex,add hybrid marker,NA
6615404b-c4b9-4e73-ba82-acf9cca88dc2,APPLIED_REGEX_RULE,traeart,Ulmus 'Columella',Ulmus hybr. 'Columella',latin_regex,add hybrid marker,NA
57a1a1f2-2ef3-4f38-8a9e-ff89f443f136,APPLIED_REGEX_RULE,traeart,Ulmus 'Columella',Ulmus hybr. 'Columella',latin_regex,add hybrid marker,NA
ee44ee15-c0c9-400f-906b-8cfd4d37bc2d,APPLIED_REGEX_RULE,traeart,Ulmus 'Columella',Ulmus hybr. 'Columella',latin_regex,add hybrid marker,NA
00b26182-9fa3-4d0f-a093-3240905b2039,APPLIED_REGEX_RULE,traeart,Ulmus 'Columella',Ulmus hybr. 'Columella',latin_regex,add hybrid marker,NA
545e48f8-42ee-4b09-adab-60eff6bec996,APPLIED_REGEX_RULE,traeart,Ulmus 'Columella',Ulmus hybr. 'Columella',latin_regex,add hybrid marker,NA
769e536b-5735-4ec0-beea-4b71788d66e5,APPLIED_REGEX_RULE,traeart,Ulmus 'New Horizon',Ulmus hybr. 'New Horizon',latin_regex,add hybrid marker,NA
12e0fe36-5f27-457b-86f7-e0e80c5a6f03,APPLIED_REGEX_RULE,traeart,Ulmus 'Sapporo Autumn Gold',Ulmus hybr. 'Sapporo Autumn Gold',latin_regex,add hybrid marker,NA
c8e0c694-9428-4c7a-b3f0-727068ed6e05,APPLIED_REGEX_RULE,traeart,Ulmus 'New Horizon',Ulmus hybr. 'New Horizon',latin_regex,add hybrid marker,NA
d6892cc6-aa47-4289-8c80-8847beae5899,APPLIED_REGEX_RULE,traeart,Ulmus 'New Horizon',Ulmus hybr. 'New Horizon',latin_regex,add hybrid marker,NA
8b2ff6ba-3f52-4766-b8cc-3e96f194db63,APPLIED_REGEX_RULE,traeart,Ulmus 'New Horizon',Ulmus hybr. 'New Horizon',latin_regex,add hybrid marker,NA
a296340c-3583-410d-be97-9783d8c2d1be,APPLIED_REGEX_RULE,traeart,Ulmus 'New Horizon',Ulmus hybr. 'New Horizon',latin_regex,add hybrid marker,NA
12ba4819-0dc7-4291-aa08-a727f1572aee,APPLIED_REGEX_RULE,traeart,Ulmus 'New Horizon',Ulmus hybr. 'New Horizon',latin_regex,add hybrid marker,NA
3d3a2e2a-cbb3-4d2a-b540-73cb48a64872,APPLIED_REGEX_RULE,traeart,Ulmus 'New Horizon',Ulmus hybr. 'New Horizon',latin_regex,add hybrid marker,NA
a5c49e8d-a0d1-43bb-9443-3ad8037c2e79,APPLIED_REGEX_RULE,traeart,Ulmus 'Rebona',Ulmus hybr. 'Rebona',latin_regex,add hybrid marker,NA
f9ec245a-9cc3-413a-b3c1-2f1434ffb8c8,APPLIED_REGEX_RULE,traeart,Ulmus 'Rebona',Ulmus hybr. 'Rebona',latin_regex,add hybrid marker,NA
65152edb-c23f-45e3-bccd-2eca449d5884,APPLIED_REGEX_RULE,traeart,Ulmus 'New Horizon',Ulmus hybr. 'New Horizon',latin_regex,add hybrid marker,NA
c7ff464f-a0a8-4e36-ac6a-53241eba5009,APPLIED_REGEX_RULE,traeart,Ulmus 'New Horizon',Ulmus hybr. 'New Horizon',latin_regex,add hybrid marker,NA
ca08d2cf-ca23-49f5-9913-99d70ad1dc68,APPLIED_REGEX_RULE,traeart,Ulmus 'New Horizon',Ulmus hybr. 'New Horizon',latin_regex,add hybrid marker,NA
582203ac-043d-42b4-9f01-3ffd288d7de0,APPLIED_REGEX_RULE,traeart,Ulmus 'Columella',Ulmus hybr. 'Columella',latin_regex,add hybrid marker,NA
5c1d1386-c7e1-4b94-a365-61fd6c6eca5d,APPLIED_REGEX_RULE,traeart,Ulmus 'Columella',Ulmus hybr. 'Columella',latin_regex,add hybrid marker,NA
c79e51cc-365d-4bcf-b3da-7b0fd485aabe,APPLIED_REGEX_RULE,traeart,Ulmus 'Columella',Ulmus hybr. 'Columella',latin_regex,add hybrid marker,NA
df3c7d6e-51ef-43f4-b054-43de7b88a38e,APPLIED_REGEX_RULE,traeart,Ulmus 'Columella',Ulmus hybr. 'Columella',latin_regex,add hybrid marker,NA
3365f5cb-565d-4978-88ba-9406f35c8298,APPLIED_REGEX_RULE,traeart,Ulmus 'Columella',Ulmus hybr. 'Columella',latin_regex,add hybrid marker,NA
9782fdd1-9754-4256-aecc-ea40f254dcac,APPLIED_REGEX_RULE,traeart,Ulmus 'New Horizon',Ulmus hybr. 'New Horizon',latin_regex,add hybrid marker,NA
8f9991af-372f-4299-b30d-dc7ee2df2339,APPLIED_REGEX_RULE,traeart,Ulmus 'New Horizon',Ulmus hybr. 'New Horizon',latin_regex,add hybrid marker,NA
e9f7399b-fec3-44de-9ba2-6c9a82fbeb58,APPLIED_REGEX_RULE,traeart,Ulmus 'New Horizon',Ulmus hybr. 'New Horizon',latin_regex,add hybrid marker,NA
7c900c74-122d-47d0-9f9b-248fd15e14af,APPLIED_REGEX_RULE,traeart,Ulmus 'New Horizon',Ulmus hybr. 'New Horizon',latin_regex,add hybrid marker,NA
60b9b16e-bf2a-455d-a608-a482b61eeda1,APPLIED_REGEX_RULE,traeart,Ulmus 'New Horizon',Ulmus hybr. 'New Horizon',latin_regex,add hybrid marker,NA
b080bf17-c6ad-4543-904d-afb4c4304fc8,APPLIED_REGEX_RULE,traeart,Ulmus 'New Horizon',Ulmus hybr. 'New Horizon',latin_regex,add hybrid marker,NA
9a802491-87a8-45a0-9947-c57d7ebf6fa0,APPLIED_REGEX_RULE,traeart,Ulmus 'New Horizon',Ulmus hybr. 'New Horizon',latin_regex,add hybrid marker,NA
ed08bc06-38f6-44e8-93bf-88dc245641c6,APPLIED_REGEX_RULE,traeart,Ulmus 'New Horizon',Ulmus hybr. 'New Horizon',latin_regex,add hybrid marker,NA
daa49f59-7ac6-46a3-89cc-2a161b88e358,APPLIED_REGEX_RULE,traeart,Ulmus 'New Horizon',Ulmus hybr. 'New Horizon',latin_regex,add hybrid marker,NA
2aaf8d3d-ea61-4ad5-854e-c4ed5f5654bb,APPLIED_REGEX_RULE,traeart,Ulmus 'New Horizon',Ulmus hybr. 'New Horizon',latin_regex,add hybrid marker,NA
e38294cf-636a-4552-b265-aa65c4955c20,APPLIED_REGEX_RULE,traeart,Ulmus 'New Horizon',Ulmus hybr. 'New Horizon',latin_regex,add hybrid marker,NA
9eea2322-8a9a-4681-9aa1-4b2bf9148bbb,APPLIED_REGEX_RULE,traeart,Ulmus 'New Horizon',Ulmus hybr. 'New Horizon',latin_regex,add hybrid marker,NA
bb0ed4d9-5b20-4bff-b87b-6f9682ff24a0,APPLIED_REGEX_RULE,traeart,Ulmus 'New Horizon',Ulmus hybr. 'New Horizon',latin_regex,add hybrid marker,NA
d7df8b30-c1cb-41f3-b7de-bc75ad45efdb,APPLIED_REGEX_RULE,traeart,Ulmus 'Rebona',Ulmus hybr. 'Rebona',latin_regex,add hybrid marker,NA
07ba878c-79a3-4d1c-b3e9-3fbab11ea526,APPLIED_REGEX_RULE,traeart,Ulmus 'Rebona',Ulmus hybr. 'Rebona',latin_regex,add hybrid marker,NA
8d37c711-d68f-4241-8b23-44cdb5de52a1,APPLIED_REGEX_RULE,traeart,Ulmus 'Rebona',Ulmus hybr. 'Rebona',latin_regex,add hybrid marker,NA
e6da8020-bed1-4cd4-8112-ba02fffaa909,APPLIED_REGEX_RULE,traeart,Ulmus 'Rebona',Ulmus hybr. 'Rebona',latin_regex,add hybrid marker,NA
ff641193-2d48-4a54-a147-305aa7852cc8,APPLIED_REGEX_RULE,traeart,Ulmus 'Rebona',Ulmus hybr. 'Rebona',latin_regex,add hybrid marker,NA
8f22f66a-1eab-40fa-89f3-aefc999394d7,APPLIED_REGEX_RULE,traeart,Ulmus 'Rebona',Ulmus hybr. 'Rebona',latin_regex,add hybrid marker,NA
cfd30953-90b7-4d2d-911c-bf3fd30df69c,APPLIED_REGEX_RULE,traeart,Ulmus 'Rebona',Ulmus hybr. 'Rebona',latin_regex,add hybrid marker,NA
da969a2f-131c-42d8-a78b-c2f6f4013d51,APPLIED_REGEX_RULE,traeart,Ulmus 'Rebona',Ulmus hybr. 'Rebona',latin_regex,add hybrid marker,NA
568dc1b9-b5df-4946-adec-d0dfc5e2f102,APPLIED_REGEX_RULE,traeart,Ulmus 'Columella',Ulmus hybr. 'Columella',latin_regex,add hybrid marker,NA
d0f38ea2-23d3-43db-b9ee-3346ffe1e5cb,APPLIED_REGEX_RULE,traeart,Ulmus 'Columella',Ulmus hybr. 'Columella',latin_regex,add hybrid marker,NA
baaf52b6-563a-4c12-a92c-b086ab66f0d8,APPLIED_REGEX_RULE,traeart,Ulmus 'Columella',Ulmus hybr. 'Columella',latin_regex,add hybrid marker,NA
4632d614-28e8-478f-bb72-cefbd64dc6fa,APPLIED_REGEX_RULE,traeart,Ulmus 'Columella',Ulmus hybr. 'Columella',latin_regex,add hybrid marker,NA
e45240e1-93a1-46f0-a4fb-3fb1e8fa87b0,APPLIED_REGEX_RULE,traeart,Ulmus 'Columella',Ulmus hybr. 'Columella',latin_regex,add hybrid marker,NA
6745885d-1c8f-4ca0-b4e9-778cd0d6ee10,APPLIED_REGEX_RULE,traeart,Ulmus 'Columella',Ulmus hybr. 'Columella',latin_regex,add hybrid marker,NA
3e210e14-171b-45a7-976b-4e47996dfec5,APPLIED_REGEX_RULE,traeart,Ulmus 'New Horizon',Ulmus hybr. 'New Horizon',latin_regex,add hybrid marker,NA
89ce5f24-f238-4db1-9d40-d8a24f4354c8,APPLIED_REGEX_RULE,traeart,Ulmus 'New Horizon',Ulmus hybr. 'New Horizon',latin_regex,add hybrid marker,NA
26dee1dd-5d9b-4ac9-a188-8a44d40e0c67,APPLIED_REGEX_RULE,traeart,Ulmus 'New Horizon',Ulmus hybr. 'New Horizon',latin_regex,add hybrid marker,NA
2f45c408-1716-42e4-9708-b21e1b7f34c4,APPLIED_REGEX_RULE,traeart,Ulmus 'New Horizon',Ulmus hybr. 'New Horizon',latin_regex,add hybrid marker,NA
ba007f46-be65-4ebd-9103-f3527ff849e8,APPLIED_REGEX_RULE,traeart,Ulmus 'New Horizon',Ulmus hybr. 'New Horizon',latin_regex,add hybrid marker,NA
8238f1ee-9ede-4a3b-a570-f3c4483d774b,APPLIED_REGEX_RULE,traeart,Ulmus 'New Horizon',Ulmus hybr. 'New Horizon',latin_regex,add hybrid marker,NA
6eccd613-4745-424e-b9de-5bcbc721cd35,APPLIED_REGEX_RULE,traeart,Ulmus 'New Horizon',Ulmus hybr. 'New Horizon',latin_regex,add hybrid marker,NA
ad8247b3-8ec0-4066-b0e0-ba4cd4c98bcd,APPLIED_REGEX_RULE,traeart,Ulmus 'Rebona',Ulmus hybr. 'Rebona',latin_regex,add hybrid marker,NA
ce3ce25e-0769-4c22-ba87-354b693a0f84,APPLIED_REGEX_RULE,traeart,Ulmus 'Rebona',Ulmus hybr. 'Rebona',latin_regex,add hybrid marker,NA
e39005f4-b573-47c6-8785-9be77420ba2e,APPLIED_REGEX_RULE,traeart,Ulmus 'Rebona',Ulmus hybr. 'Rebona',latin_regex,add hybrid marker,NA
002a0191-51d7-43e2-aaff-86edf7769450,APPLIED_REGEX_RULE,traeart,Ulmus 'Rebona',Ulmus hybr. 'Rebona',latin_regex,add hybrid marker,NA
2916346e-835b-4e7c-8e81-949a6aa729ad,APPLIED_REGEX_RULE,traeart,Ulmus 'Rebona',Ulmus hybr. 'Rebona',latin_regex,add hybrid marker,NA
c46c9027-2c8c-474b-abd8-6dda97bda3ad,APPLIED_REGEX_RULE,traeart,Ulmus 'Rebona',Ulmus hybr. 'Rebona',latin_regex,add hybrid marker,NA
b93a4ec9-4f00-43ae-8010-119502469f34,APPLIED_REGEX_RULE,traeart,Ulmus 'Rebona',Ulmus hybr. 'Rebona',latin_regex,add hybrid marker,NA
7d54d152-62de-4e2f-93a0-dce02ed0052e,APPLIED_REGEX_RULE,traeart,Ulmus 'Rebona',Ulmus hybr. 'Rebona',latin_regex,add hybrid marker,NA
c688b764-cd74-4875-a286-fdf2fe8bcde1,APPLIED_REGEX_RULE,traeart,Ulmus 'New Horizon',Ulmus hybr. 'New Horizon',latin_regex,add hybrid marker,NA
9b9aad2b-2ddf-4abf-91a3-d6a1470fe9c5,APPLIED_REGEX_RULE,traeart,Ulmus 'New Horizon',Ulmus hybr. 'New Horizon',latin_regex,add hybrid marker,NA
9a8905c3-590b-4e3a-9729-191d86246a20,APPLIED_REGEX_RULE,traeart,Ulmus 'New Horizon',Ulmus hybr. 'New Horizon',latin_regex,add hybrid marker,NA
102a93b3-4751-4d02-8f31-ffb94be55da3,APPLIED_REGEX_RULE,traeart,Ulmus 'New Horizon',Ulmus hybr. 'New Horizon',latin_regex,add hybrid marker,NA
7b2f9c28-1c43-44f0-8daf-5914c771e8e4,APPLIED_REGEX_RULE,traeart,Ulmus 'New Horizon',Ulmus hybr. 'New Horizon',latin_regex,add hybrid marker,NA
cba8a098-19cd-4565-a4f4-6ef9a483fdc4,APPLIED_REGEX_RULE,traeart,Ulmus 'New Horizon',Ulmus hybr. 'New Horizon',latin_regex,add hybrid marker,NA
93d9791a-d8c3-48bc-91fa-cb2dc9900008,APPLIED_REGEX_RULE,traeart,Ulmus 'New Horizon',Ulmus hybr. 'New Horizon',latin_regex,add hybrid marker,NA
30bd5b90-acbd-46c3-b0e3-77d27b8bfca8,APPLIED_REGEX_RULE,traeart,Ulmus 'New Horizon',Ulmus hybr. 'New Horizon',latin_regex,add hybrid marker,NA
75c2354a-1447-4182-bc6a-f6b76d63e6a1,APPLIED_REGEX_RULE,traeart,Ulmus 'New Horizon',Ulmus hybr. 'New Horizon',latin_regex,add hybrid marker,NA
2c6eedd3-ed9e-4a92-82a4-e34bb1cbf4cb,APPLIED_REGEX_RULE,traeart,Ulmus 'New Horizon',Ulmus hybr. 'New Horizon',latin_regex,add hybrid marker,NA
030980a9-2677-4a6d-a9b0-929987107caa,APPLIED_REGEX_RULE,traeart,Ulmus 'Rebona',Ulmus hybr. 'Rebona',latin_regex,add hybrid marker,NA
95eba578-30b5-4726-a8e7-92087786b781,APPLIED_REGEX_RULE,traeart,Ulmus 'New Horizon',Ulmus hybr. 'New Horizon',latin_regex,add hybrid marker,NA
39e8ce90-98a2-41ae-b8f4-8ff99aeceae5,APPLIED_REGEX_RULE,traeart,Ulmus 'New Horizon',Ulmus hybr. 'New Horizon',latin_regex,add hybrid marker,NA
47649350-27fa-4bfa-9b93-43e3aefcf675,APPLIED_REGEX_RULE,traeart,Ulmus 'New Horizon',Ulmus hybr. 'New Horizon',latin_regex,add hybrid marker,NA
79f8435f-ff73-4bd5-9c95-2e96728444d2,APPLIED_REGEX_RULE,traeart,Ulmus 'New Horizon',Ulmus hybr. 'New Horizon',latin_regex,add hybrid marker,NA
074b819a-21f9-4142-b6ba-731bfc342850,APPLIED_REGEX_RULE,traeart,Ulmus 'New Horizon',Ulmus hybr. 'New Horizon',latin_regex,add hybrid marker,NA
96749bfd-ed5d-424c-a539-dae472aeb129,APPLIED_REGEX_RULE,traeart,Ulmus 'New Horizon',Ulmus hybr. 'New Horizon',latin_regex,add hybrid marker,NA
0335ee08-007d-4113-a3df-5fbe2c765f7c,APPLIED_REGEX_RULE,traeart,Ulmus 'New Horizon',Ulmus hybr. 'New Horizon',latin_regex,add hybrid marker,NA
48d6f199-a51d-4143-aed4-36f4e657a149,APPLIED_REGEX_RULE,traeart,Ulmus 'New Horizon',Ulmus hybr. 'New Horizon',latin_regex,add hybrid marker,NA
c33a8e44-0497-4644-9aab-ae5bd5006dd3,APPLIED_REGEX_RULE,traeart,Ulmus 'New Horizon',Ulmus hybr. 'New Horizon',latin_regex,add hybrid marker,NA
209b3e05-1fcb-464f-b6eb-aba37d456481,APPLIED_REGEX_RULE,traeart,Ulmus 'New Horizon',Ulmus hybr. 'New Horizon',latin_regex,add hybrid marker,NA
11e96825-6fc5-433a-b041-0ab45413fa12,APPLIED_REGEX_RULE,traeart,Ulmus 'New Horizon',Ulmus hybr. 'New Horizon',latin_regex,add hybrid marker,NA
40f547ee-64e3-4724-a791-4e0a79b30ae4,APPLIED_REGEX_RULE,traeart,Ulmus 'New Horizon',Ulmus hybr. 'New Horizon',latin_regex,add hybrid marker,NA
9ba88570-0122-492e-abd9-1faabcdf1263,APPLIED_REGEX_RULE,traeart,Ulmus 'New Horizon',Ulmus hybr. 'New Horizon',latin_regex,add hybrid marker,NA
9488fe9e-cee4-42d4-8b92-dd7711dfbd8d,APPLIED_REGEX_RULE,traeart,Ulmus 'New Horizon',Ulmus hybr. 'New Horizon',latin_regex,add hybrid marker,NA
126e0109-d8ea-4f4e-a42b-d02d34fe03c9,APPLIED_REGEX_RULE,traeart,Ulmus 'New Horizon',Ulmus hybr. 'New Horizon',latin_regex,add hybrid marker,NA
52f44e9b-d9ec-48c8-a4e6-8ba90d109876,APPLIED_REGEX_RULE,traeart,Ulmus 'Rebona',Ulmus hybr. 'Rebona',latin_regex,add hybrid marker,NA
07509824-05aa-48b9-955a-8b428400d4f4,APPLIED_REGEX_RULE,traeart,Ulmus 'Rebona',Ulmus hybr. 'Rebona',latin_regex,add hybrid marker,NA
af62fa02-b103-4ee7-b7f2-941e463db202,APPLIED_REGEX_RULE,traeart,Ulmus 'Rebona',Ulmus hybr. 'Rebona',latin_regex,add hybrid marker,NA
3c376740-860e-4add-9359-d28cdd6d018d,APPLIED_REGEX_RULE,traeart,Ulmus 'Rebona',Ulmus hybr. 'Rebona',latin_regex,add hybrid marker,NA
61b27c50-1e07-422d-9026-6f82eb2ea492,APPLIED_REGEX_RULE,traeart,Ulmus 'Rebona',Ulmus hybr. 'Rebona',latin_regex,add hybrid marker,NA
620aec1a-48a7-4155-bbea-cbed516a1e47,APPLIED_REGEX_RULE,traeart,Ulmus 'Rebona',Ulmus hybr. 'Rebona',latin_regex,add hybrid marker,NA
f3a13d4f-99bb-43a1-82ea-8c17ff5ecdbf,APPLIED_REGEX_RULE,traeart,Ulmus 'Rebona',Ulmus hybr. 'Rebona',latin_regex,add hybrid marker,NA
fb3410ed-c987-4e9d-a07e-a17cba368d24,APPLIED_REGEX_RULE,traeart,Ulmus 'Rebona',Ulmus hybr. 'Rebona',latin_regex,add hybrid marker,NA
132aed2f-456f-4b55-bde5-2611483e71f9,APPLIED_REGEX_RULE,traeart,Ulmus 'Rebona',Ulmus hybr. 'Rebona',latin_regex,add hybrid marker,NA
1d40fba6-9006-4d78-b4d3-ad515b7a3f04,APPLIED_REGEX_RULE,traeart,Ulmus 'Rebona',Ulmus hybr. 'Rebona',latin_regex,add hybrid marker,NA
d4c96784-05e6-40a9-8b6f-60e97dfc4075,APPLIED_REGEX_RULE,traeart,Ulmus 'Rebona',Ulmus hybr. 'Rebona',latin_regex,add hybrid marker,NA
a25a4cad-7615-4ca7-b25a-9e524873d716,APPLIED_REGEX_RULE,traeart,Ulmus 'Rebona',Ulmus hybr. 'Rebona',latin_regex,add hybrid marker,NA
c2d00938-b8d9-45e5-bd02-8b898f0f1f9b,APPLIED_REGEX_RULE,traeart,Ulmus 'Rebona',Ulmus hybr. 'Rebona',latin_regex,add hybrid marker,NA
0df6cdef-93fd-4a28-ac4b-b598ea033a96,APPLIED_REGEX_RULE,traeart,Ulmus 'Rebona',Ulmus hybr. 'Rebona',latin_regex,add hybrid marker,NA
ee336277-a371-4a1b-96a5-4233bde67d74,APPLIED_REGEX_RULE,traeart,Ulmus 'Rebona',Ulmus hybr. 'Rebona',latin_regex,add hybrid marker,NA
36990465-00e4-40ab-84a0-de242924c5fd,APPLIED_REGEX_RULE,traeart,Ulmus 'Rebona',Ulmus hybr. 'Rebona',latin_regex,add hybrid marker,NA
5f884f76-0c81-4098-abff-536905d72feb,APPLIED_REGEX_RULE,traeart,Ulmus 'Rebona',Ulmus hybr. 'Rebona',latin_regex,add hybrid marker,NA
ef587cc6-1b63-44f5-9252-17b454668a7f,APPLIED_REGEX_RULE,traeart,Ulmus 'Rebona',Ulmus hybr. 'Rebona',latin_regex,add hybrid marker,NA
993374e0-c5cb-4224-bedb-73433296d48a,APPLIED_REGEX_RULE,traeart,Ulmus 'Rebona',Ulmus hybr. 'Rebona',latin_regex,add hybrid marker,NA
c57ce626-a314-4673-8460-024f976d1189,APPLIED_REGEX_RULE,traeart,Ulmus 'Rebona',Ulmus hybr. 'Rebona',latin_regex,add hybrid marker,NA
aa9c2f9c-5f6f-40a4-9c9b-fb97a5561c52,APPLIED_REGEX_RULE,traeart,Ulmus 'Rebona',Ulmus hybr. 'Rebona',latin_regex,add hybrid marker,NA
cb45ed24-6f98-4b61-ab23-582f3de7c72f,APPLIED_REGEX_RULE,traeart,Ulmus 'Rebona',Ulmus hybr. 'Rebona',latin_regex,add hybrid marker,NA
6d755d42-f283-438a-a5e4-6b80d93524e1,APPLIED_REGEX_RULE,traeart,Ulmus 'Rebona',Ulmus hybr. 'Rebona',latin_regex,add hybrid marker,NA
5bcb66b7-1aad-47e2-bab8-c497c1039209,APPLIED_REGEX_RULE,traeart,Ulmus 'Rebona',Ulmus hybr. 'Rebona',latin_regex,add hybrid marker,NA
9d080300-6092-4958-9b15-5033fc797d8c,APPLIED_REGEX_RULE,traeart,Ulmus 'Rebona',Ulmus hybr. 'Rebona',latin_regex,add hybrid marker,NA
284b9d35-f932-4ade-a709-67404a26e3c5,APPLIED_REGEX_RULE,traeart,Ulmus 'Rebona',Ulmus hybr. 'Rebona',latin_regex,add hybrid marker,NA
3111cfb1-8bbf-45d4-9e68-1feb18a02488,APPLIED_REGEX_RULE,traeart,Ulmus 'Rebona',Ulmus hybr. 'Rebona',latin_regex,add hybrid marker,NA
39e919ad-a988-4191-92ce-fbadae563710,APPLIED_REGEX_RULE,traeart,Ulmus 'Rebona',Ulmus hybr. 'Rebona',latin_regex,add hybrid marker,NA
50c39b95-9c41-45e7-a1c9-60e803879de1,APPLIED_REGEX_RULE,traeart,Ulmus 'New Horizon',Ulmus hybr. 'New Horizon',latin_regex,add hybrid marker,NA
626df512-ed38-40f4-9732-d582736c7995,APPLIED_REGEX_RULE,traeart,Ulmus 'New Horizon',Ulmus hybr. 'New Horizon',latin_regex,add hybrid marker,NA
3bb8a225-c7ca-4dd7-b3c7-81d163bd6a1f,APPLIED_REGEX_RULE,traeart,Ulmus 'New Horizon',Ulmus hybr. 'New Horizon',latin_regex,add hybrid marker,NA
d445ba63-a9b4-40af-8c71-4a77548a1008,APPLIED_REGEX_RULE,traeart,Ulmus 'New Horizon',Ulmus hybr. 'New Horizon',latin_regex,add hybrid marker,NA
ca5ee325-8ac7-4a9d-b86c-c151f14ac5f4,APPLIED_REGEX_RULE,traeart,Ulmus 'New Horizon',Ulmus hybr. 'New Horizon',latin_regex,add hybrid marker,NA
e6ed9f8b-cf63-454a-bd3a-4ef6b23a78e4,APPLIED_REGEX_RULE,traeart,Ulmus 'New Horizon',Ulmus hybr. 'New Horizon',latin_regex,add hybrid marker,NA
ff905342-777e-4527-82a3-bd9a9c5da54a,APPLIED_REGEX_RULE,traeart,Ulmus 'New Horizon',Ulmus hybr. 'New Horizon',latin_regex,add hybrid marker,NA
638d0adb-cb42-406f-aeb2-93680ab412ef,APPLIED_REGEX_RULE,traeart,Ulmus 'Columella',Ulmus hybr. 'Columella',latin_regex,add hybrid marker,NA
6a663e00-7416-444c-914c-8637a53b69e7,APPLIED_REGEX_RULE,traeart,Ulmus 'Columella',Ulmus hybr. 'Columella',latin_regex,add hybrid marker,NA
4a8675ba-b876-422b-b1f6-05b2f32f3e52,APPLIED_REGEX_RULE,traeart,Ulmus 'New Horizon',Ulmus hybr. 'New Horizon',latin_regex,add hybrid marker,NA
0183808c-9597-40f0-8a61-dafa63b0589c,APPLIED_REGEX_RULE,traeart,Ulmus 'New Horizon',Ulmus hybr. 'New Horizon',latin_regex,add hybrid marker,NA
429ec7eb-0744-4ab0-86d6-94ac6e94767c,APPLIED_REGEX_RULE,traeart,Ulmus 'New Horizon',Ulmus hybr. 'New Horizon',latin_regex,add hybrid marker,NA
2a82c800-f937-4561-8aea-bc95ea4f74d8,APPLIED_REGEX_RULE,traeart,Ulmus 'New Horizon',Ulmus hybr. 'New Horizon',latin_regex,add hybrid marker,NA
a13b6e5b-3dbd-4446-9c9a-bbfea8c0b6a1,APPLIED_REGEX_RULE,traeart,Ulmus 'New Horizon',Ulmus hybr. 'New Horizon',latin_regex,add hybrid marker,NA
bbc5e194-f5b2-4e63-a693-8eab51b8b368,APPLIED_REGEX_RULE,traeart,Ulmus 'New Horizon',Ulmus hybr. 'New Horizon',latin_regex,add hybrid marker,NA
e1d94b91-1f18-434c-9585-cad8194dea9b,APPLIED_REGEX_RULE,traeart,Ulmus 'New Horizon',Ulmus hybr. 'New Horizon',latin_regex,add hybrid marker,NA
32b44f42-167b-4b5d-ae31-9c6ab08f4ca7,APPLIED_REGEX_RULE,traeart,Ulmus 'New Horizon',Ulmus hybr. 'New Horizon',latin_regex,add hybrid marker,NA
e3341955-749a-4c8c-8b2d-50b81a063cf1,APPLIED_REGEX_RULE,traeart,Ulmus 'Columella',Ulmus hybr. 'Columella',latin_regex,add hybrid marker,NA
b44861d8-13da-499d-9d1b-814d586acfc7,APPLIED_REGEX_RULE,traeart,Ulmus 'Columella',Ulmus hybr. 'Columella',latin_regex,add hybrid marker,NA
2d49cf82-5b7f-4fa7-99c7-ba08e79ed28b,APPLIED_REGEX_RULE,traeart,Ulmus 'Vada',Ulmus hybr. 'Vada',latin_regex,add hybrid marker,NA
3dbc96b7-a075-4db5-8fa0-809170d50819,APPLIED_REGEX_RULE,traeart,Ulmus 'Vada',Ulmus hybr. 'Vada',latin_regex,add hybrid marker,NA
a0c65634-4ba7-4499-9167-e41d6e90d80c,APPLIED_REGEX_RULE,traeart,Ulmus 'New Horizon',Ulmus hybr. 'New Horizon',latin_regex,add hybrid marker,NA
4dd51eda-7488-483f-9442-bee4d427aa68,APPLIED_REGEX_RULE,traeart,Ulmus 'New Horizon',Ulmus hybr. 'New Horizon',latin_regex,add hybrid marker,NA
d302fe5e-96df-4d80-bbe1-3f6215212fdb,APPLIED_REGEX_RULE,traeart,Ulmus 'New Horizon',Ulmus hybr. 'New Horizon',latin_regex,add hybrid marker,NA
ffe0d396-7651-4494-a049-1ea0a1acd545,APPLIED_REGEX_RULE,traeart,Ulmus 'Columella',Ulmus hybr. 'Columella',latin_regex,add hybrid marker,NA
09e31e36-27d7-4729-901c-b1ed4b5a3e77,APPLIED_REGEX_RULE,traeart,Ulmus 'Vada',Ulmus hybr. 'Vada',latin_regex,add hybrid marker,NA
7700fc9f-9a46-4dc7-931a-2d3c83a68314,APPLIED_REGEX_RULE,traeart,Ulmus 'New Horizon',Ulmus hybr. 'New Horizon',latin_regex,add hybrid marker,NA
d8e5a37e-1f25-4053-bcb0-37ea065f13ab,APPLIED_REGEX_RULE,traeart,Ulmus 'Columella',Ulmus hybr. 'Columella',latin_regex,add hybrid marker,NA
6921ca51-bcbf-49e9-8483-afe51ca29eeb,APPLIED_REGEX_RULE,traeart,Ulmus 'New Horizon',Ulmus hybr. 'New Horizon',latin_regex,add hybrid marker,NA
0adae534-68c7-4991-8303-d4a55dee660d,APPLIED_REGEX_RULE,traeart,Ulmus 'New Horizon',Ulmus hybr. 'New Horizon',latin_regex,add hybrid marker,NA
375ff4fe-fec4-479d-ae32-21b1e841ea09,APPLIED_REGEX_RULE,traeart,Ulmus 'Rebona',Ulmus hybr. 'Rebona',latin_regex,add hybrid marker,NA
52bd9bb7-271a-412e-b7ad-f637a6cfca6f,APPLIED_REGEX_RULE,traeart,Ulmus 'New Horizon',Ulmus hybr. 'New Horizon',latin_regex,add hybrid marker,NA
5cd355ed-13d9-4d6a-a56d-5596e9f048e9,APPLIED_REGEX_RULE,traeart,Ulmus 'New Horizon',Ulmus hybr. 'New Horizon',latin_regex,add hybrid marker,NA
2defdf38-6d4a-46ed-8e41-6df043f4d03c,APPLIED_REGEX_RULE,traeart,Ulmus 'New Horizon',Ulmus hybr. 'New Horizon',latin_regex,add hybrid marker,NA
f86137be-1085-4787-9b85-cea5e6c6f4e0,APPLIED_REGEX_RULE,traeart,Ulmus 'New Horizon',Ulmus hybr. 'New Horizon',latin_regex,add hybrid marker,NA
4eed0078-fdd2-42d4-a9fd-c5f25abc4dd2,APPLIED_REGEX_RULE,traeart,Ulmus 'New Horizon',Ulmus hybr. 'New Horizon',latin_regex,add hybrid marker,NA
fc761108-2535-46bf-ab64-386a17121f82,APPLIED_REGEX_RULE,traeart,Ulmus 'New Horizon',Ulmus hybr. 'New Horizon',latin_regex,add hybrid marker,NA
cb6f406d-029c-46d7-961e-56a57461723e,APPLIED_REGEX_RULE,traeart,Ulmus 'New Horizon',Ulmus hybr. 'New Horizon',latin_regex,add hybrid marker,NA
5fd4e197-5313-4cbf-aaa2-d499f0599da1,APPLIED_REGEX_RULE,traeart,Ulmus 'New Horizon',Ulmus hybr. 'New Horizon',latin_regex,add hybrid marker,NA
6ce5e1be-6e66-4bfb-aefc-3bbd6ab31cc0,APPLIED_REGEX_RULE,traeart,Ulmus 'New Horizon',Ulmus hybr. 'New Horizon',latin_regex,add hybrid marker,NA
0d1ec8d5-ce07-4110-acae-17ee9e5e5467,APPLIED_REGEX_RULE,traeart,Ulmus 'New Horizon',Ulmus hybr. 'New Horizon',latin_regex,add hybrid marker,NA
8e34c771-a2d2-4e87-8c20-624f7ee67601,APPLIED_REGEX_RULE,traeart,Ulmus 'New Horizon',Ulmus hybr. 'New Horizon',latin_regex,add hybrid marker,NA
3f0b093f-5c82-4e2c-9c4a-b6bd8a4dfafe,APPLIED_REGEX_RULE,traeart,Ulmus 'Columella',Ulmus hybr. 'Columella',latin_regex,add hybrid marker,NA
81713bc3-c870-4a4b-b3fa-c0fd9ea7d816,APPLIED_REGEX_RULE,traeart,Ulmus 'Rebona',Ulmus hybr. 'Rebona',latin_regex,add hybrid marker,NA
47d87df4-746e-4dc9-8908-1acf539cba3c,APPLIED_REGEX_RULE,traeart,Ulmus 'New Horizon',Ulmus hybr. 'New Horizon',latin_regex,add hybrid marker,NA
bc605e81-9d36-448c-bea8-db3e4aa79a32,APPLIED_REGEX_RULE,traeart,Ulmus 'New Horizon',Ulmus hybr. 'New Horizon',latin_regex,add hybrid marker,NA
dff119b7-1356-4c02-9e7f-a281bbb31e22,APPLIED_REGEX_RULE,traeart,Ulmus 'New Horizon',Ulmus hybr. 'New Horizon',latin_regex,add hybrid marker,NA
4a034363-07be-4924-b949-195efe7bbc21,APPLIED_REGEX_RULE,traeart,Ulmus 'New Horizon',Ulmus hybr. 'New Horizon',latin_regex,add hybrid marker,NA
5d6a56c3-822e-4d83-89a0-249e75a8cd0b,APPLIED_REGEX_RULE,traeart,Ulmus 'New Horizon',Ulmus hybr. 'New Horizon',latin_regex,add hybrid marker,NA
60fd21f9-8e31-4770-9160-335ec0f64712,APPLIED_REGEX_RULE,traeart,Ulmus 'Columella',Ulmus hybr. 'Columella',latin_regex,add hybrid marker,NA
02720afc-6c97-4b30-86e6-fff1e22b89a7,APPLIED_REGEX_RULE,traeart,Ulmus 'Columella',Ulmus hybr. 'Columella',latin_regex,add hybrid marker,NA
fa27fa1c-9582-48d0-88f6-7e9bf3b5befe,APPLIED_REGEX_RULE,traeart,Ulmus 'New Horizon',Ulmus hybr. 'New Horizon',latin_regex,add hybrid marker,NA
28061556-af6f-4dc1-b884-edc6fcc9e455,APPLIED_REGEX_RULE,traeart,Ulmus 'Columella',Ulmus hybr. 'Columella',latin_regex,add hybrid marker,NA
4b88a6ab-ccb0-47fc-b167-71f1e25d051f,APPLIED_REGEX_RULE,traeart,Ulmus 'New Horizon',Ulmus hybr. 'New Horizon',latin_regex,add hybrid marker,NA
684b7e9c-1e61-4152-b948-a3c2b9c504c6,APPLIED_REGEX_RULE,traeart,Ulmus 'New Horizon',Ulmus hybr. 'New Horizon',latin_regex,add hybrid marker,NA
b985b070-4dec-4d88-b183-16432fcc5567,APPLIED_REGEX_RULE,traeart,Ulmus 'New Horizon',Ulmus hybr. 'New Horizon',latin_regex,add hybrid marker,NA
173a9650-89a4-4ebd-b2f6-32a6ec85fa48,APPLIED_REGEX_RULE,traeart,Ulmus 'Columella',Ulmus hybr. 'Columella',latin_regex,add hybrid marker,NA
cf16e888-38f3-4703-860e-18c3260a6fe6,APPLIED_REGEX_RULE,traeart,Ulmus 'Columella',Ulmus hybr. 'Columella',latin_regex,add hybrid marker,NA
06ba91a2-a10e-4d71-8355-571d8342714f,APPLIED_REGEX_RULE,traeart,Ulmus 'Columella',Ulmus hybr. 'Columella',latin_regex,add hybrid marker,NA
64a7f576-aa2a-4100-afcd-6e89919e4330,APPLIED_REGEX_RULE,traeart,Ulmus 'New Horizon',Ulmus hybr. 'New Horizon',latin_regex,add hybrid marker,NA
2e275887-5550-4699-b1d2-49e2272a8282,APPLIED_REGEX_RULE,traeart,Ulmus 'New Horizon',Ulmus hybr. 'New Horizon',latin_regex,add hybrid marker,NA
3a4ee2ba-01cc-4720-be4d-e2fbb7062482,APPLIED_REGEX_RULE,traeart,Ulmus 'Rebona',Ulmus hybr. 'Rebona',latin_regex,add hybrid marker,NA
4930fd5f-6ba9-4f73-917f-db276dac6a0d,APPLIED_REGEX_RULE,traeart,Ulmus 'New Horizon',Ulmus hybr. 'New Horizon',latin_regex,add hybrid marker,NA
7487008e-03f1-4963-b950-b520adc3ac12,APPLIED_REGEX_RULE,traeart,Ulmus 'New Horizon',Ulmus hybr. 'New Horizon',latin_regex,add hybrid marker,NA
a0e693d2-175f-4880-bf96-3f5a6c06c209,APPLIED_REGEX_RULE,traeart,Ulmus 'New Horizon',Ulmus hybr. 'New Horizon',latin_regex,add hybrid marker,NA
b56f88ce-b808-4295-bcf0-348f3889836c,APPLIED_REGEX_RULE,traeart,Ulmus 'Rebona',Ulmus hybr. 'Rebona',latin_regex,add hybrid marker,NA
0d27907e-b4e9-4ad3-b69b-d3de7b509645,APPLIED_REGEX_RULE,traeart,Ulmus 'Rebona',Ulmus hybr. 'Rebona',latin_regex,add hybrid marker,NA
ece49b3f-75e7-403f-8ab4-ddb8985bb35c,APPLIED_REGEX_RULE,traeart,Ulmus 'Rebona',Ulmus hybr. 'Rebona',latin_regex,add hybrid marker,NA
8d8b9b25-858e-4df8-8966-fc222de1fb3d,APPLIED_REGEX_RULE,traeart,Ulmus 'New Horizon',Ulmus hybr. 'New Horizon',latin_regex,add hybrid marker,NA
813ee084-0ae8-45d0-b02b-95cecb50e9fd,APPLIED_REGEX_RULE,traeart,Ulmus 'New Horizon',Ulmus hybr. 'New Horizon',latin_regex,add hybrid marker,NA
9c0d6090-595e-428a-af5e-858f63e982b5,APPLIED_REGEX_RULE,traeart,Ulmus 'New Horizon',Ulmus hybr. 'New Horizon',latin_regex,add hybrid marker,NA
dd6e319d-9ca2-4029-b263-d10b8f8d4eb7,APPLIED_REGEX_RULE,traeart,Ulmus 'New Horizon',Ulmus hybr. 'New Horizon',latin_regex,add hybrid marker,NA
5298799d-25b5-4bd2-a154-5ca98e6b9712,APPLIED_REGEX_RULE,traeart,Ulmus 'New Horizon',Ulmus hybr. 'New Horizon',latin_regex,add hybrid marker,NA
6f01f5c6-18aa-48ac-a127-89bb21af54e9,APPLIED_REGEX_RULE,traeart,Ulmus 'New Horizon',Ulmus hybr. 'New Horizon',latin_regex,add hybrid marker,NA
720c5fe4-abc1-4733-adcf-bf9ad203afb7,APPLIED_REGEX_RULE,traeart,Ulmus 'New Horizon',Ulmus hybr. 'New Horizon',latin_regex,add hybrid marker,NA
046f0433-3804-4528-bad9-079e5ad237d0,APPLIED_REGEX_RULE,traeart,Ulmus 'New Horizon',Ulmus hybr. 'New Horizon',latin_regex,add hybrid marker,NA
d58310de-27be-4ee1-9bed-70fec4b1907c,APPLIED_REGEX_RULE,traeart,Ulmus 'New Horizon',Ulmus hybr. 'New Horizon',latin_regex,add hybrid marker,NA
826d463b-8092-4c10-987a-c69366430504,APPLIED_REGEX_RULE,traeart,Ulmus 'New Horizon',Ulmus hybr. 'New Horizon',latin_regex,add hybrid marker,NA
ab6b46ce-fe44-412c-8ad4-19aff94b64ac,APPLIED_REGEX_RULE,traeart,Ulmus 'New Horizon',Ulmus hybr. 'New Horizon',latin_regex,add hybrid marker,NA
07c25115-5cde-4d7a-97ad-0af833d6f9de,APPLIED_REGEX_RULE,traeart,Ulmus 'New Horizon',Ulmus hybr. 'New Horizon',latin_regex,add hybrid marker,NA
c9e0a3d4-71b6-4ecc-8f2c-500712b3e13d,APPLIED_REGEX_RULE,traeart,Ulmus 'New Horizon',Ulmus hybr. 'New Horizon',latin_regex,add hybrid marker,NA
0a894226-c259-4927-88be-c6296371b4bd,APPLIED_REGEX_RULE,traeart,Ulmus 'New Horizon',Ulmus hybr. 'New Horizon',latin_regex,add hybrid marker,NA
8896d3d0-02e9-4754-b5a9-8eac9f51bd78,APPLIED_REGEX_RULE,traeart,Ulmus 'New Horizon',Ulmus hybr. 'New Horizon',latin_regex,add hybrid marker,NA
b9f505ee-009c-495c-8aa6-1bb42f6b459d,APPLIED_REGEX_RULE,traeart,Ulmus 'Columella',Ulmus hybr. 'Columella',latin_regex,add hybrid marker,NA
81e327f1-31a8-4131-b6da-8f2e16867e34,APPLIED_REGEX_RULE,traeart,Ulmus 'New Horizon',Ulmus hybr. 'New Horizon',latin_regex,add hybrid marker,NA
bafbf04b-2823-4f7d-9fe3-760df03ce607,APPLIED_REGEX_RULE,traeart,Ulmus 'Columella',Ulmus hybr. 'Columella',latin_regex,add hybrid marker,NA
3997b817-4894-4d15-9a08-76ccad9a3c1d,APPLIED_REGEX_RULE,traeart,Ulmus 'New Horizon',Ulmus hybr. 'New Horizon',latin_regex,add hybrid marker,NA
92334efa-d807-49c0-9f0b-8d137380377c,APPLIED_REGEX_RULE,traeart,Ulmus 'New Horizon',Ulmus hybr. 'New Horizon',latin_regex,add hybrid marker,NA
e8f2cb0d-18e9-4a3e-a771-93ad8be2046b,APPLIED_REGEX_RULE,traeart,Ulmus 'New Horizon',Ulmus hybr. 'New Horizon',latin_regex,add hybrid marker,NA
c3d8183e-fe56-426a-a79f-a49789cf442a,APPLIED_REGEX_RULE,traeart,Ulmus 'New Horizon',Ulmus hybr. 'New Horizon',latin_regex,add hybrid marker,NA
315e62be-7359-4379-a897-afd7049d87ec,APPLIED_REGEX_RULE,traeart,Ulmus 'Rebona',Ulmus hybr. 'Rebona',latin_regex,add hybrid marker,NA
57833e70-95fe-42d1-9072-08145ec48c54,APPLIED_REGEX_RULE,traeart,Ulmus 'New Horizon',Ulmus hybr. 'New Horizon',latin_regex,add hybrid marker,NA
863afea7-9689-4210-86bb-488f6ef393c1,APPLIED_REGEX_RULE,traeart,Ulmus 'New Horizon',Ulmus hybr. 'New Horizon',latin_regex,add hybrid marker,NA
87332382-fea7-4b31-b28d-e3d705c7539a,APPLIED_REGEX_RULE,traeart,Ulmus 'New Horizon',Ulmus hybr. 'New Horizon',latin_regex,add hybrid marker,NA
61cdb7d1-e678-458f-afac-71f3a741d87e,APPLIED_REGEX_RULE,traeart,Ulmus 'New Horizon',Ulmus hybr. 'New Horizon',latin_regex,add hybrid marker,NA
d130378c-8db5-46c0-b57d-a98494045312,APPLIED_REGEX_RULE,traeart,Ulmus 'Rebona',Ulmus hybr. 'Rebona',latin_regex,add hybrid marker,NA
ff6bed49-0f72-4b9a-9e77-b02c6f292146,APPLIED_REGEX_RULE,traeart,Ulmus 'New Horizon',Ulmus hybr. 'New Horizon',latin_regex,add hybrid marker,NA
0c00845c-d531-4284-bc21-f7ca2fc228b8,APPLIED_REGEX_RULE,traeart,Ulmus 'Columella',Ulmus hybr. 'Columella',latin_regex,add hybrid marker,NA
b6570261-0d08-4285-b7d4-54299d7c0154,APPLIED_REGEX_RULE,traeart,Ulmus 'Columella',Ulmus hybr. 'Columella',latin_regex,add hybrid marker,NA
5d6cf134-9dff-4b20-9d73-4383ba822256,APPLIED_REGEX_RULE,traeart,Ulmus 'Columella',Ulmus hybr. 'Columella',latin_regex,add hybrid marker,NA
53f9349e-9644-4fd9-973a-4adc7bb39226,APPLIED_REGEX_RULE,traeart,Ulmus 'Columella',Ulmus hybr. 'Columella',latin_regex,add hybrid marker,NA
5e5b3533-3038-46b8-ae67-a369662af19d,APPLIED_REGEX_RULE,traeart,Ulmus 'Columella',Ulmus hybr. 'Columella',latin_regex,add hybrid marker,NA
52371791-be67-4dab-a1d6-4dd74f0e02c0,APPLIED_REGEX_RULE,traeart,Ulmus 'Columella',Ulmus hybr. 'Columella',latin_regex,add hybrid marker,NA
f67f718d-89e9-47d4-9559-072fc7eab1d6,APPLIED_REGEX_RULE,traeart,Ulmus 'Columella',Ulmus hybr. 'Columella',latin_regex,add hybrid marker,NA
2e974bf4-6808-47e8-908c-df4edbcef82f,APPLIED_REGEX_RULE,traeart,Ulmus 'New Horizon',Ulmus hybr. 'New Horizon',latin_regex,add hybrid marker,NA
b3f6d763-be9b-4da9-a398-4375f90a7bd6,APPLIED_REGEX_RULE,traeart,Ulmus 'New Horizon',Ulmus hybr. 'New Horizon',latin_regex,add hybrid marker,NA
967ef6f0-677a-4fdb-995e-ea705d638d61,APPLIED_REGEX_RULE,traeart,Ulmus 'New Horizon',Ulmus hybr. 'New Horizon',latin_regex,add hybrid marker,NA
dc7b3d4b-f047-4711-a26e-355df79f412e,APPLIED_REGEX_RULE,traeart,Ulmus 'Rebona',Ulmus hybr. 'Rebona',latin_regex,add hybrid marker,NA
cdf9fb58-f3ac-4b0c-8d69-7cbb5346b58b,APPLIED_REGEX_RULE,traeart,Ulmus 'Rebona',Ulmus hybr. 'Rebona',latin_regex,add hybrid marker,NA
3224b753-a29c-4fcd-9180-14373159a7c8,APPLIED_REGEX_RULE,traeart,Ulmus 'Rebona',Ulmus hybr. 'Rebona',latin_regex,add hybrid marker,NA
1fc95049-7f7e-482f-bc0b-485d3360107b,APPLIED_REGEX_RULE,traeart,Ulmus 'Rebona',Ulmus hybr. 'Rebona',latin_regex,add hybrid marker,NA
396cdf10-7fee-4f71-a786-3ca62768d6ea,APPLIED_REGEX_RULE,traeart,Ulmus 'Rebona',Ulmus hybr. 'Rebona',latin_regex,add hybrid marker,NA
b7dba650-603e-4806-ba1c-d5d5b7c6901e,APPLIED_REGEX_RULE,traeart,Ulmus 'Rebona',Ulmus hybr. 'Rebona',latin_regex,add hybrid marker,NA
57febc1d-fee4-4e99-81c6-ba24c83e07ce,APPLIED_REGEX_RULE,traeart,Ulmus 'Rebona',Ulmus hybr. 'Rebona',latin_regex,add hybrid marker,NA
0614d696-4dc9-4323-ab11-35f35537a176,APPLIED_REGEX_RULE,traeart,Ulmus 'Rebona',Ulmus hybr. 'Rebona',latin_regex,add hybrid marker,NA
79a34a1c-e308-4b98-ae73-f825af83701c,APPLIED_REGEX_RULE,traeart,Ulmus 'Rebona',Ulmus hybr. 'Rebona',latin_regex,add hybrid marker,NA
bff065f1-b2e2-44c5-8d3c-780980758453,APPLIED_REGEX_RULE,traeart,Ulmus 'Columella',Ulmus hybr. 'Columella',latin_regex,add hybrid marker,NA
f5a80ac9-a3ce-46da-a4c0-ee068c7b595f,APPLIED_REGEX_RULE,traeart,Ulmus 'Columella',Ulmus hybr. 'Columella',latin_regex,add hybrid marker,NA
3d14da86-3952-425e-936f-18f645bc1e4e,APPLIED_REGEX_RULE,traeart,Ulmus 'New Horizon',Ulmus hybr. 'New Horizon',latin_regex,add hybrid marker,NA
40a46345-31fc-4c40-9808-c56c996b57bd,APPLIED_REGEX_RULE,traeart,Ulmus 'New Horizon',Ulmus hybr. 'New Horizon',latin_regex,add hybrid marker,NA
3c387422-a2a1-4da6-8dc4-e0f455d1fb2b,APPLIED_REGEX_RULE,traeart,Ulmus 'New Horizon',Ulmus hybr. 'New Horizon',latin_regex,add hybrid marker,NA
13d29c2b-63a1-4b76-92e3-cb31f9927893,APPLIED_REGEX_RULE,traeart,Ulmus 'New Horizon',Ulmus hybr. 'New Horizon',latin_regex,add hybrid marker,NA
ec17db85-3b36-4688-9ab8-27b15a00a03f,APPLIED_REGEX_RULE,traeart,Ulmus 'New Horizon',Ulmus hybr. 'New Horizon',latin_regex,add hybrid marker,NA
d4d1572f-1ab3-4429-b816-c99c6f3f24bd,APPLIED_REGEX_RULE,traeart,Ulmus 'Columella',Ulmus hybr. 'Columella',latin_regex,add hybrid marker,NA
123845dd-3887-4d21-8dbf-7c86d5ea05ff,APPLIED_REGEX_RULE,traeart,Ulmus 'Columella',Ulmus hybr. 'Columella',latin_regex,add hybrid marker,NA
761988d9-4542-4567-bd81-523f52bb1ae5,APPLIED_REGEX_RULE,traeart,Ulmus 'Rebona',Ulmus hybr. 'Rebona',latin_regex,add hybrid marker,NA
a32f6ae0-5456-4c01-885c-0ecbfed0cac5,APPLIED_REGEX_RULE,traeart,Ulmus 'Rebona',Ulmus hybr. 'Rebona',latin_regex,add hybrid marker,NA
e9b71583-876b-424b-93b4-9b1a6a688bc1,APPLIED_REGEX_RULE,traeart,Ulmus 'New Horizon',Ulmus hybr. 'New Horizon',latin_regex,add hybrid marker,NA
4a834841-ea85-45a2-bf94-9d822b633f76,APPLIED_REGEX_RULE,traeart,Ulmus 'New Horizon',Ulmus hybr. 'New Horizon',latin_regex,add hybrid marker,NA
39599b71-cbcc-49b5-ba53-4d3d75103641,APPLIED_REGEX_RULE,traeart,Ulmus 'New Horizon',Ulmus hybr. 'New Horizon',latin_regex,add hybrid marker,NA
41df2227-7eba-44ac-b2cc-d02e2d804667,APPLIED_REGEX_RULE,traeart,Ulmus 'Columella',Ulmus hybr. 'Columella',latin_regex,add hybrid marker,NA
32b1b339-42fe-4c90-a822-240c533b09f8,APPLIED_REGEX_RULE,traeart,Ulmus 'New Horizon',Ulmus hybr. 'New Horizon',latin_regex,add hybrid marker,NA
85c24592-d13a-4237-bac4-6f2055a7b76c,APPLIED_REGEX_RULE,traeart,Ulmus 'Columella',Ulmus hybr. 'Columella',latin_regex,add hybrid marker,NA
5e4fdeee-dc5b-423e-b856-c03ac2460843,APPLIED_REGEX_RULE,traeart,Ulmus 'Columella',Ulmus hybr. 'Columella',latin_regex,add hybrid marker,NA
502314f4-8606-4075-889b-c465014dc2fe,APPLIED_REGEX_RULE,traeart,Ulmus 'Columella',Ulmus hybr. 'Columella',latin_regex,add hybrid marker,NA
7e93af22-762b-46eb-a7af-bca8721bcd48,APPLIED_REGEX_RULE,traeart,Ulmus 'Columella',Ulmus hybr. 'Columella',latin_regex,add hybrid marker,NA
54227207-5a5a-41cf-a792-2976a63b4bf1,APPLIED_REGEX_RULE,traeart,Ulmus 'Columella',Ulmus hybr. 'Columella',latin_regex,add hybrid marker,NA
825349c2-1287-438d-bf08-28f1f54ff389,APPLIED_REGEX_RULE,traeart,Ulmus 'New Horizon',Ulmus hybr. 'New Horizon',latin_regex,add hybrid marker,NA
130781c6-e391-4c5a-ae5f-31a17b579239,APPLIED_REGEX_RULE,traeart,Ulmus 'New Horizon',Ulmus hybr. 'New Horizon',latin_regex,add hybrid marker,NA
a4fb4fd5-74e7-4b76-92b6-00b8dd1ab8fa,APPLIED_REGEX_RULE,traeart,Ulmus 'Rebona',Ulmus hybr. 'Rebona',latin_regex,add hybrid marker,NA
e62b0764-88be-4676-ae1b-9fd1cb08db83,APPLIED_REGEX_RULE,traeart,Ulmus 'Rebona',Ulmus hybr. 'Rebona',latin_regex,add hybrid marker,NA
6ea3f414-27b7-4a3a-8919-73c6bf3f3dc3,APPLIED_REGEX_RULE,traeart,Ulmus 'New Horizon',Ulmus hybr. 'New Horizon',latin_regex,add hybrid marker,NA
27c34ef9-d054-49dd-a5c1-e7baf807517d,APPLIED_REGEX_RULE,traeart,Ulmus 'Rebona',Ulmus hybr. 'Rebona',latin_regex,add hybrid marker,NA
c01f23af-adc8-41cc-8ea1-8619dfc59a3c,APPLIED_REGEX_RULE,traeart,Ulmus 'New Horizon',Ulmus hybr. 'New Horizon',latin_regex,add hybrid marker,NA
5b55bbea-cf62-4feb-9377-81b90c920c97,APPLIED_REGEX_RULE,traeart,Ulmus 'New Horizon',Ulmus hybr. 'New Horizon',latin_regex,add hybrid marker,NA
a0f73bb4-6da6-41c3-a254-b43a620671a1,APPLIED_REGEX_RULE,traeart,Ulmus 'New Horizon',Ulmus hybr. 'New Horizon',latin_regex,add hybrid marker,NA
bcfb2580-9919-4da9-93b8-bfd7a6fca507,APPLIED_REGEX_RULE,traeart,Ulmus 'New Horizon',Ulmus hybr. 'New Horizon',latin_regex,add hybrid marker,NA
6705fb57-8af8-415f-9719-502077dff796,APPLIED_REGEX_RULE,traeart,Ulmus 'Columella',Ulmus hybr. 'Columella',latin_regex,add hybrid marker,NA
bc2c7547-249b-4fea-82a7-401842cb171c,APPLIED_REGEX_RULE,traeart,Ulmus 'Columella',Ulmus hybr. 'Columella',latin_regex,add hybrid marker,NA
832bb011-eed1-421e-829f-a32af90a5e0c,APPLIED_REGEX_RULE,traeart,Ulmus 'Rebona',Ulmus hybr. 'Rebona',latin_regex,add hybrid marker,NA
13c46ae0-a287-45e7-9ed4-e2a13359db53,APPLIED_REGEX_RULE,traeart,Ulmus 'Rebona',Ulmus hybr. 'Rebona',latin_regex,add hybrid marker,NA
407ffd6f-ef0f-4b2b-a1f8-fd90cbf3a078,APPLIED_REGEX_RULE,traeart,Ulmus 'Rebona',Ulmus hybr. 'Rebona',latin_regex,add hybrid marker,NA
e371a81f-3971-43be-bc81-96dbd16ce108,APPLIED_REGEX_RULE,traeart,Ulmus 'Rebona',Ulmus hybr. 'Rebona',latin_regex,add hybrid marker,NA
4ae7deae-76a9-42ef-a35a-82fdcf6a0beb,APPLIED_REGEX_RULE,traeart,Ulmus 'Rebona',Ulmus hybr. 'Rebona',latin_regex,add hybrid marker,NA
dc149109-d0a8-4efc-9cc3-86af4bd8688f,APPLIED_REGEX_RULE,traeart,Ulmus 'Rebona',Ulmus hybr. 'Rebona',latin_regex,add hybrid marker,NA
3859c02a-b9aa-472a-b09f-440524d906a5,APPLIED_REGEX_RULE,traeart,Ulmus 'Rebona',Ulmus hybr. 'Rebona',latin_regex,add hybrid marker,NA
139fc4cf-7482-40f1-89bc-e0f21d25ce64,APPLIED_REGEX_RULE,traeart,Ulmus 'Rebona',Ulmus hybr. 'Rebona',latin_regex,add hybrid marker,NA
af87e829-c15e-4c17-8371-f973b72df4e0,APPLIED_REGEX_RULE,traeart,Ulmus 'New Horizon',Ulmus hybr. 'New Horizon',latin_regex,add hybrid marker,NA
3776e0f3-8387-404d-a6e0-03cf16f89ed0,APPLIED_REGEX_RULE,traeart,Ulmus 'Columella',Ulmus hybr. 'Columella',latin_regex,add hybrid marker,NA
0baba034-b70d-45a7-86ba-9d8ce13a74e7,APPLIED_REGEX_RULE,traeart,Ulmus 'Columella',Ulmus hybr. 'Columella',latin_regex,add hybrid marker,NA
b7c66720-2f9d-48ac-9b3e-de99eeeb86cd,APPLIED_REGEX_RULE,traeart,Ulmus 'Columella',Ulmus hybr. 'Columella',latin_regex,add hybrid marker,NA
84491bcc-7765-4511-88d5-b4627d22bbff,APPLIED_REGEX_RULE,traeart,Ulmus 'Columella',Ulmus hybr. 'Columella',latin_regex,add hybrid marker,NA
c0e27dbf-93ef-43de-bdea-93c69d4ae84d,APPLIED_REGEX_RULE,traeart,Ulmus 'Columella',Ulmus hybr. 'Columella',latin_regex,add hybrid marker,NA
7dfd8500-f467-45e5-8334-7e6d7ab9ef61,APPLIED_REGEX_RULE,traeart,Ulmus 'Columella',Ulmus hybr. 'Columella',latin_regex,add hybrid marker,NA
6cb8cc20-88d9-4c20-9d30-e13ee5fb65ad,APPLIED_REGEX_RULE,traeart,Ulmus 'Columella',Ulmus hybr. 'Columella',latin_regex,add hybrid marker,NA
2b7e8947-2f64-4bcf-9a47-1d1364204600,APPLIED_REGEX_RULE,traeart,Ulmus 'Columella',Ulmus hybr. 'Columella',latin_regex,add hybrid marker,NA
03841b6c-e233-4552-8e84-2f993e318be7,APPLIED_REGEX_RULE,traeart,Ulmus 'New Horizon',Ulmus hybr. 'New Horizon',latin_regex,add hybrid marker,NA
af97ccc1-682a-49f0-a651-8b6a7b7b63fb,APPLIED_REGEX_RULE,traeart,Ulmus 'New Horizon',Ulmus hybr. 'New Horizon',latin_regex,add hybrid marker,NA
86883549-1175-41f6-88e0-0c445b239d64,APPLIED_REGEX_RULE,traeart,Ulmus 'New Horizon',Ulmus hybr. 'New Horizon',latin_regex,add hybrid marker,NA
ccc88f54-000f-421c-bc71-9b084730c098,APPLIED_REGEX_RULE,traeart,Ulmus 'New Horizon',Ulmus hybr. 'New Horizon',latin_regex,add hybrid marker,NA
bf84f76e-fe4b-480b-8873-d499f5c63c38,APPLIED_REGEX_RULE,traeart,Ulmus 'New Horizon',Ulmus hybr. 'New Horizon',latin_regex,add hybrid marker,NA
3fa1efdc-3798-4d08-80ff-7e3ff13f83ec,APPLIED_REGEX_RULE,traeart,Ulmus 'New Horizon',Ulmus hybr. 'New Horizon',latin_regex,add hybrid marker,NA
bc5ebd40-8ab0-4022-878e-4089b19c4d2d,APPLIED_REGEX_RULE,traeart,Ulmus 'New Horizon',Ulmus hybr. 'New Horizon',latin_regex,add hybrid marker,NA
e43ed082-d4a2-42a6-90e9-5f85dbac535c,APPLIED_REGEX_RULE,traeart,Ulmus 'New Horizon',Ulmus hybr. 'New Horizon',latin_regex,add hybrid marker,NA
b25ef71e-9aed-4fb2-bf98-a8403807e6fb,APPLIED_REGEX_RULE,traeart,Ulmus 'New Horizon',Ulmus hybr. 'New Horizon',latin_regex,add hybrid marker,NA
70562a40-015f-4696-a39e-276b133c1b8a,APPLIED_REGEX_RULE,traeart,Ulmus 'New Horizon',Ulmus hybr. 'New Horizon',latin_regex,add hybrid marker,NA
08e7b1da-5695-451d-9ca5-988121b1a993,APPLIED_REGEX_RULE,traeart,Ulmus 'New Horizon',Ulmus hybr. 'New Horizon',latin_regex,add hybrid marker,NA
5cf82412-4346-45a3-a651-ada5dfdb3e55,APPLIED_REGEX_RULE,traeart,Ulmus 'Rebona',Ulmus hybr. 'Rebona',latin_regex,add hybrid marker,NA
42b41e9b-0b50-41f4-8cdf-49380bdc8bd6,APPLIED_REGEX_RULE,traeart,Ulmus 'New Horizon',Ulmus hybr. 'New Horizon',latin_regex,add hybrid marker,NA
d5b40f6f-b911-4991-badc-cc8f861a0817,APPLIED_REGEX_RULE,traeart,Ulmus 'New Horizon',Ulmus hybr. 'New Horizon',latin_regex,add hybrid marker,NA
8d73a51c-98e1-4ab2-b0ac-c82f6606f6c7,APPLIED_REGEX_RULE,traeart,Ulmus 'New Horizon',Ulmus hybr. 'New Horizon',latin_regex,add hybrid marker,NA
7c1b7642-782a-42fa-9944-8bb6e3f7ac38,APPLIED_REGEX_RULE,traeart,Ulmus 'New Horizon',Ulmus hybr. 'New Horizon',latin_regex,add hybrid marker,NA
d6b731d8-8e49-431b-a81d-ac9dafb2acee,APPLIED_REGEX_RULE,traeart,Ulmus 'Rebona',Ulmus hybr. 'Rebona',latin_regex,add hybrid marker,NA
d0b01040-60ab-4d63-bb20-badea1f0951e,APPLIED_REGEX_RULE,traeart,Ulmus 'Rebona',Ulmus hybr. 'Rebona',latin_regex,add hybrid marker,NA
0afb0cf9-53ba-40dd-a622-e59b8af04ae6,APPLIED_REGEX_RULE,traeart,Ulmus 'Rebona',Ulmus hybr. 'Rebona',latin_regex,add hybrid marker,NA
87f7241a-d5ff-4478-90a0-0e7017467b8c,APPLIED_REGEX_RULE,traeart,Ulmus 'Rebona',Ulmus hybr. 'Rebona',latin_regex,add hybrid marker,NA
7472b2bb-9a7d-483d-a6b1-e7f1b7793608,APPLIED_REGEX_RULE,traeart,Ulmus 'Rebona',Ulmus hybr. 'Rebona',latin_regex,add hybrid marker,NA
ddcf923e-2358-4944-a083-3a44e7f35d6e,APPLIED_REGEX_RULE,traeart,Ulmus 'Rebona',Ulmus hybr. 'Rebona',latin_regex,add hybrid marker,NA
346399b4-88be-4079-bbcb-958620ea7f0c,APPLIED_REGEX_RULE,traeart,Ulmus 'Rebona',Ulmus hybr. 'Rebona',latin_regex,add hybrid marker,NA
ff6c3716-1538-48b0-bbe5-39e70137d63d,APPLIED_REGEX_RULE,traeart,Ulmus 'Rebona',Ulmus hybr. 'Rebona',latin_regex,add hybrid marker,NA
79571add-0b59-4021-adf6-e7731fc4b341,APPLIED_REGEX_RULE,traeart,Ulmus 'Rebona',Ulmus hybr. 'Rebona',latin_regex,add hybrid marker,NA
c027ac1b-6145-4d91-8bc6-56ddce81324e,APPLIED_REGEX_RULE,traeart,Ulmus 'Columella',Ulmus hybr. 'Columella',latin_regex,add hybrid marker,NA
22b7cd6b-6f6b-4e25-9a0a-2c7b59316c7c,APPLIED_REGEX_RULE,traeart,Ulmus 'Columella',Ulmus hybr. 'Columella',latin_regex,add hybrid marker,NA
0590be31-d591-4e18-b093-b033eb206604,APPLIED_REGEX_RULE,traeart,Ulmus 'Columella',Ulmus hybr. 'Columella',latin_regex,add hybrid marker,NA
66eb1f8e-8754-4b79-8e26-423feee85589,APPLIED_REGEX_RULE,traeart,Ulmus 'Columella',Ulmus hybr. 'Columella',latin_regex,add hybrid marker,NA
2f858a5f-29aa-43b8-8375-eb44c2d0e48b,APPLIED_REGEX_RULE,traeart,Ulmus 'New Horizon',Ulmus hybr. 'New Horizon',latin_regex,add hybrid marker,NA
a01bd96e-e121-4900-b6ed-295adb0beb5f,APPLIED_REGEX_RULE,traeart,Ulmus 'New Horizon',Ulmus hybr. 'New Horizon',latin_regex,add hybrid marker,NA
5145c1f1-077d-4cb2-978c-3c7b7ee3f964,APPLIED_REGEX_RULE,traeart,Ulmus 'New Horizon',Ulmus hybr. 'New Horizon',latin_regex,add hybrid marker,NA
08834655-5fb2-4755-a228-09c7936d49aa,APPLIED_REGEX_RULE,traeart,Ulmus 'New Horizon',Ulmus hybr. 'New Horizon',latin_regex,add hybrid marker,NA
c579ff97-b749-4891-9bf0-d83540774cbb,APPLIED_REGEX_RULE,traeart,Ulmus 'New Horizon',Ulmus hybr. 'New Horizon',latin_regex,add hybrid marker,NA
8156a4cd-84f2-4555-8150-90c4e7cd7b36,APPLIED_REGEX_RULE,traeart,Ulmus 'New Horizon',Ulmus hybr. 'New Horizon',latin_regex,add hybrid marker,NA
01e1cc40-ef98-4dc5-82e4-7f40f3f9846c,APPLIED_REGEX_RULE,traeart,Ulmus 'New Horizon',Ulmus hybr. 'New Horizon',latin_regex,add hybrid marker,NA
d9cefd63-5405-4816-8e53-35f3e1a9de38,APPLIED_REGEX_RULE,traeart,Ulmus 'New Horizon',Ulmus hybr. 'New Horizon',latin_regex,add hybrid marker,NA
d2921e18-5915-460c-9b30-742cdd2351b9,APPLIED_REGEX_RULE,traeart,Ulmus 'New Horizon',Ulmus hybr. 'New Horizon',latin_regex,add hybrid marker,NA
beb83719-49f5-41dd-a470-8217beb03245,APPLIED_REGEX_RULE,traeart,Ulmus 'New Horizon',Ulmus hybr. 'New Horizon',latin_regex,add hybrid marker,NA
cdb2090e-d1eb-494f-894d-915b414cf242,APPLIED_REGEX_RULE,traeart,Ulmus 'New Horizon',Ulmus hybr. 'New Horizon',latin_regex,add hybrid marker,NA
c2f80f6d-2625-485c-8adb-484230e27ef2,APPLIED_REGEX_RULE,traeart,Ulmus 'New Horizon',Ulmus hybr. 'New Horizon',latin_regex,add hybrid marker,NA
fd29e4fd-a590-46ef-ae99-5ac61cea8f5f,APPLIED_REGEX_RULE,traeart,Ulmus 'New Horizon',Ulmus hybr. 'New Horizon',latin_regex,add hybrid marker,NA
59060c81-b9f2-409e-90a7-aa5d7e97ec83,APPLIED_REGEX_RULE,traeart,Ulmus 'New Horizon',Ulmus hybr. 'New Horizon',latin_regex,add hybrid marker,NA
91f7eb4c-e90c-4d6f-9e72-dba0342d817d,APPLIED_REGEX_RULE,traeart,Ulmus 'New Horizon',Ulmus hybr. 'New Horizon',latin_regex,add hybrid marker,NA
b2dee602-e4d6-40e7-8bed-d0bc24c22c00,APPLIED_REGEX_RULE,traeart,Ulmus 'New Horizon',Ulmus hybr. 'New Horizon',latin_regex,add hybrid marker,NA
83482638-5acc-407a-8479-ec069e081aaf,APPLIED_REGEX_RULE,traeart,Ulmus 'New Horizon',Ulmus hybr. 'New Horizon',latin_regex,add hybrid marker,NA
6c68849d-77ee-486d-ac71-832d39a917f0,APPLIED_REGEX_RULE,traeart,Ulmus 'New Horizon',Ulmus hybr. 'New Horizon',latin_regex,add hybrid marker,NA
d0236804-c8ab-4667-ad6a-753358ea6d83,APPLIED_REGEX_RULE,traeart,Ulmus 'Rebona',Ulmus hybr. 'Rebona',latin_regex,add hybrid marker,NA
c5d5b08b-fa54-4ef2-bc0e-ee0d99a00dc9,APPLIED_REGEX_RULE,traeart,Ulmus 'Rebona',Ulmus hybr. 'Rebona',latin_regex,add hybrid marker,NA
abc63565-8ce1-4531-beb2-b5c892ff3b65,APPLIED_REGEX_RULE,traeart,Ulmus 'Rebona',Ulmus hybr. 'Rebona',latin_regex,add hybrid marker,NA
049e34e4-e53c-4c1d-85b6-ae68c14e7be1,APPLIED_REGEX_RULE,traeart,Ulmus 'Rebona',Ulmus hybr. 'Rebona',latin_regex,add hybrid marker,NA
42f229ea-4ca8-4e6c-bc40-f8f0c8989dd7,APPLIED_REGEX_RULE,traeart,Ulmus 'Rebona',Ulmus hybr. 'Rebona',latin_regex,add hybrid marker,NA
23853eb8-ff68-428f-891d-6188033899b6,APPLIED_REGEX_RULE,traeart,Ulmus 'Rebona',Ulmus hybr. 'Rebona',latin_regex,add hybrid marker,NA
ee67692d-e73d-40b1-b212-5a81a9497a78,APPLIED_REGEX_RULE,traeart,Ulmus 'Rebona',Ulmus hybr. 'Rebona',latin_regex,add hybrid marker,NA
8e0d2276-d255-4e33-8680-724fd0ad97b7,APPLIED_REGEX_RULE,traeart,Ulmus 'Rebona',Ulmus hybr. 'Rebona',latin_regex,add hybrid marker,NA
f43c41de-3af2-42ca-9e06-915c7bb84c2f,APPLIED_REGEX_RULE,traeart,Ulmus 'Rebona',Ulmus hybr. 'Rebona',latin_regex,add hybrid marker,NA
372bbf7a-6b14-4eb4-9b2c-88b7266c8544,APPLIED_REGEX_RULE,traeart,Ulmus 'New Horizon',Ulmus hybr. 'New Horizon',latin_regex,add hybrid marker,NA
b47bc025-90c3-481c-81e0-84a4bed29de3,APPLIED_REGEX_RULE,traeart,Ulmus 'New Horizon',Ulmus hybr. 'New Horizon',latin_regex,add hybrid marker,NA
3b21e8b5-ee98-47ec-9535-199f25d73240,APPLIED_REGEX_RULE,traeart,Ulmus 'New Horizon',Ulmus hybr. 'New Horizon',latin_regex,add hybrid marker,NA
8e632f07-49a6-4788-ba7f-03f1c961f4b2,APPLIED_REGEX_RULE,traeart,Ulmus 'New Horizon',Ulmus hybr. 'New Horizon',latin_regex,add hybrid marker,NA
763fdd1c-22ed-457d-9f64-a6ef7597fec0,APPLIED_REGEX_RULE,traeart,Ulmus 'New Horizon',Ulmus hybr. 'New Horizon',latin_regex,add hybrid marker,NA
dd3330ea-afb7-481c-8666-485a53d21e0a,APPLIED_REGEX_RULE,traeart,Ulmus 'Rebona',Ulmus hybr. 'Rebona',latin_regex,add hybrid marker,NA
0216c9a5-281e-468a-9ec8-f1fa111717ec,APPLIED_REGEX_RULE,traeart,Ulmus 'New Horizon',Ulmus hybr. 'New Horizon',latin_regex,add hybrid marker,NA
b97f0d45-27dd-4dcd-b967-485666656f4a,APPLIED_REGEX_RULE,traeart,Ulmus 'New Horizon',Ulmus hybr. 'New Horizon',latin_regex,add hybrid marker,NA
e6fde92b-72a9-4762-b989-b0705faf47fb,APPLIED_REGEX_RULE,traeart,Ulmus 'New Horizon',Ulmus hybr. 'New Horizon',latin_regex,add hybrid marker,NA
31d735e2-9a6b-457a-a77a-b5f870cbdb8a,APPLIED_REGEX_RULE,traeart,Ulmus 'New Horizon',Ulmus hybr. 'New Horizon',latin_regex,add hybrid marker,NA
1bc9c4e0-3ad0-4d7a-86d9-26fafe00c4dd,APPLIED_REGEX_RULE,traeart,Ulmus 'New Horizon',Ulmus hybr. 'New Horizon',latin_regex,add hybrid marker,NA
0b2ef9d2-38ed-4385-ba25-2e44f2eb63a6,APPLIED_REGEX_RULE,traeart,Ulmus 'New Horizon',Ulmus hybr. 'New Horizon',latin_regex,add hybrid marker,NA
efd295d1-9011-4e6b-9c86-48deff776184,APPLIED_REGEX_RULE,traeart,Ulmus 'New Horizon',Ulmus hybr. 'New Horizon',latin_regex,add hybrid marker,NA
bfe7af74-874e-4338-85c2-82277fc27c61,APPLIED_REGEX_RULE,traeart,Ulmus 'New Horizon',Ulmus hybr. 'New Horizon',latin_regex,add hybrid marker,NA
e88bb9b1-2cb6-4166-8184-c3599c75ed31,APPLIED_REGEX_RULE,traeart,Ulmus 'New Horizon',Ulmus hybr. 'New Horizon',latin_regex,add hybrid marker,NA
b57ad48f-a0ab-459c-a190-a991f622bf1d,APPLIED_REGEX_RULE,traeart,Ulmus 'New Horizon',Ulmus hybr. 'New Horizon',latin_regex,add hybrid marker,NA
1a17c44b-764a-4825-b457-4600f667a1f4,APPLIED_REGEX_RULE,traeart,Ulmus 'New Horizon',Ulmus hybr. 'New Horizon',latin_regex,add hybrid marker,NA
7988c924-5506-4ab9-99f9-b81b58e03bc8,APPLIED_REGEX_RULE,traeart,Ulmus 'Rebona',Ulmus hybr. 'Rebona',latin_regex,add hybrid marker,NA
71573f89-2aac-47aa-bac4-81484c0c3ff5,APPLIED_REGEX_RULE,traeart,Ulmus 'Rebona',Ulmus hybr. 'Rebona',latin_regex,add hybrid marker,NA
4fd9ff82-8308-42ab-b28c-24b556971821,APPLIED_REGEX_RULE,traeart,Ulmus 'Rebona',Ulmus hybr. 'Rebona',latin_regex,add hybrid marker,NA
f3c289de-625b-465e-b879-5a5bb37588d6,APPLIED_REGEX_RULE,traeart,Ulmus 'Rebona',Ulmus hybr. 'Rebona',latin_regex,add hybrid marker,NA
765fa55c-2cf6-4348-98f1-b21b658f4ebd,APPLIED_REGEX_RULE,traeart,Ulmus 'Rebona',Ulmus hybr. 'Rebona',latin_regex,add hybrid marker,NA
c046e285-f738-480a-b99f-cb7af993d5e3,APPLIED_REGEX_RULE,traeart,Ulmus 'Rebona',Ulmus hybr. 'Rebona',latin_regex,add hybrid marker,NA
925171e4-15f1-45e2-9bcc-ec5807bef66d,APPLIED_REGEX_RULE,traeart,Ulmus 'Rebona',Ulmus hybr. 'Rebona',latin_regex,add hybrid marker,NA
d8383546-646e-4e96-aa2e-1f995453457f,APPLIED_REGEX_RULE,traeart,Ulmus 'Rebona',Ulmus hybr. 'Rebona',latin_regex,add hybrid marker,NA
9c3489c5-b7a6-45e5-955c-9937f8ae029f,APPLIED_REGEX_RULE,traeart,Ulmus 'Rebona',Ulmus hybr. 'Rebona',latin_regex,add hybrid marker,NA
c948a9de-7415-4aa4-b14f-12849dddd879,APPLIED_REGEX_RULE,traeart,Ulmus 'Rebona',Ulmus hybr. 'Rebona',latin_regex,add hybrid marker,NA
d0ddf0ce-c791-4c8e-9c51-3cf0cd00ff5a,APPLIED_REGEX_RULE,traeart,Ulmus 'Rebona',Ulmus hybr. 'Rebona',latin_regex,add hybrid marker,NA
16e26240-cb22-494c-9367-14b00ac452ee,APPLIED_REGEX_RULE,traeart,Ulmus 'Rebona',Ulmus hybr. 'Rebona',latin_regex,add hybrid marker,NA
defb9dec-d651-424f-82b8-d9dee7cf5ab6,APPLIED_REGEX_RULE,traeart,Ulmus 'Rebona',Ulmus hybr. 'Rebona',latin_regex,add hybrid marker,NA
841d0c8c-68bd-4dee-b02b-ce7b4942d795,APPLIED_REGEX_RULE,traeart,Ulmus 'Rebona',Ulmus hybr. 'Rebona',latin_regex,add hybrid marker,NA
36bb4c90-cca5-43f2-8716-47ce3dd114c8,APPLIED_REGEX_RULE,traeart,Ulmus 'Rebona',Ulmus hybr. 'Rebona',latin_regex,add hybrid marker,NA
6ef74f07-1081-4e85-8331-02b80ddec2cb,APPLIED_REGEX_RULE,traeart,Ulmus 'Rebona',Ulmus hybr. 'Rebona',latin_regex,add hybrid marker,NA
7efb45c7-c697-4bf5-8fa7-19f800312a73,APPLIED_REGEX_RULE,traeart,Ulmus 'Rebona',Ulmus hybr. 'Rebona',latin_regex,add hybrid marker,NA
1f8c6517-d373-4ff8-97ca-789171002651,APPLIED_REGEX_RULE,traeart,Ulmus 'Rebona',Ulmus hybr. 'Rebona',latin_regex,add hybrid marker,NA
b1f2abde-1ff5-487a-a383-6640b99e4607,APPLIED_REGEX_RULE,traeart,Ulmus 'Rebona',Ulmus hybr. 'Rebona',latin_regex,add hybrid marker,NA
983b2b92-e66b-40ff-98e3-c5fac8b160d3,APPLIED_REGEX_RULE,traeart,Ulmus 'New Horizon',Ulmus hybr. 'New Horizon',latin_regex,add hybrid marker,NA
7ddb86e7-59e5-477f-8750-487f1ed8531b,APPLIED_REGEX_RULE,traeart,Ulmus Fiorente,Ulmus hybr. 'Fiorente',latin_regex,add hybrid marker,NA
1b03cfda-f1c3-461a-bd89-0ca4715f5f45,APPLIED_REGEX_RULE,traeart,Ulmus Fiorente,Ulmus hybr. 'Fiorente',latin_regex,add hybrid marker,NA
ced7113a-f1d1-4bee-a5b2-010194dd09d7,APPLIED_REGEX_RULE,traeart,Ulmus Fiorente,Ulmus hybr. 'Fiorente',latin_regex,add hybrid marker,NA
d50aa5d1-4776-44ac-a14f-ef82372ec0e4,APPLIED_REGEX_RULE,traeart,Ulmus Fiorente,Ulmus hybr. 'Fiorente',latin_regex,add hybrid marker,NA
8eeab665-ad91-4b42-b140-671ee45f7763,APPLIED_REGEX_RULE,traeart,Ulmus Fiorente,Ulmus hybr. 'Fiorente',latin_regex,add hybrid marker,NA
5afd7591-8a19-4b35-96e1-f07c1ca8c3c8,APPLIED_REGEX_RULE,traeart,Ulmus Fiorente,Ulmus hybr. 'Fiorente',latin_regex,add hybrid marker,NA
d88eaacb-badc-429b-b7a3-fa95c8a6757f,APPLIED_REGEX_RULE,traeart,Ulmus Fiorente,Ulmus hybr. 'Fiorente',latin_regex,add hybrid marker,NA
5174b767-f3ed-4104-b62d-d98c2078a9eb,APPLIED_REGEX_RULE,traeart,Ulmus Fiorente,Ulmus hybr. 'Fiorente',latin_regex,add hybrid marker,NA
f01bd0c4-1124-48da-aa89-ab6d5c3e2b0e,APPLIED_REGEX_RULE,traeart,Ulmus Fiorente,Ulmus hybr. 'Fiorente',latin_regex,add hybrid marker,NA
7af783c1-0aa0-4678-9fdb-1a2b3dc04d09,APPLIED_REGEX_RULE,traeart,Ulmus Fiorente,Ulmus hybr. 'Fiorente',latin_regex,add hybrid marker,NA
1819e1ef-4109-468d-8342-3f2d85d35f50,APPLIED_REGEX_RULE,traeart,Ulmus Fiorente,Ulmus hybr. 'Fiorente',latin_regex,add hybrid marker,NA
8d30acf5-1f2b-441c-8b60-c58a9cea57db,APPLIED_REGEX_RULE,traeart,Ulmus Fiorente,Ulmus hybr. 'Fiorente',latin_regex,add hybrid marker,NA
ed826d0f-5297-4ec5-9292-a5f995b7c724,APPLIED_REGEX_RULE,traeart,Ulmus Fiorente,Ulmus hybr. 'Fiorente',latin_regex,add hybrid marker,NA
24baf274-d64f-47b9-a01a-96e2e9651ad8,APPLIED_REGEX_RULE,traeart,Ulmus Fiorente,Ulmus hybr. 'Fiorente',latin_regex,add hybrid marker,NA
a1bd04b5-3324-4a4c-bde7-3f25f448a72f,APPLIED_REGEX_RULE,traeart,Ulmus Fiorente,Ulmus hybr. 'Fiorente',latin_regex,add hybrid marker,NA
bd716b21-1b05-49bf-b863-0063f894b842,APPLIED_REGEX_RULE,traeart,Ulmus Fiorente,Ulmus hybr. 'Fiorente',latin_regex,add hybrid marker,NA
4eabefed-0b6e-4eb8-87ca-b209f264cf58,APPLIED_REGEX_RULE,traeart,Ulmus Fiorente,Ulmus hybr. 'Fiorente',latin_regex,add hybrid marker,NA
4f1cc5cf-5117-429a-b972-0e4b2051926c,APPLIED_REGEX_RULE,traeart,Ulmus Fiorente,Ulmus hybr. 'Fiorente',latin_regex,add hybrid marker,NA
75092b66-d2d5-49bb-a9bb-0f628e552d44,APPLIED_REGEX_RULE,traeart,Ulmus Fiorente,Ulmus hybr. 'Fiorente',latin_regex,add hybrid marker,NA
4b2438d3-b932-4950-bf09-2e52d45de002,APPLIED_REGEX_RULE,traeart,Ulmus Fiorente,Ulmus hybr. 'Fiorente',latin_regex,add hybrid marker,NA
e16d8029-5ad2-4813-9a56-67447a70a91a,APPLIED_REGEX_RULE,traeart,Ulmus Fiorente,Ulmus hybr. 'Fiorente',latin_regex,add hybrid marker,NA
71c0c91e-6760-46ea-9027-3d11dae94d61,APPLIED_REGEX_RULE,traeart,Ulmus Fiorente,Ulmus hybr. 'Fiorente',latin_regex,add hybrid marker,NA
e89329c2-cd7e-47b5-b898-a727e34ddfd1,APPLIED_REGEX_RULE,traeart,Ulmus Fiorente,Ulmus hybr. 'Fiorente',latin_regex,add hybrid marker,NA
a46d9055-39a3-40ce-9e92-f23b2a2d9229,APPLIED_REGEX_RULE,traeart,Ginkgo sp.,Ginkgo biloba,latin_regex,monotypic extant,NA
cb6f0ccd-21e7-4eb1-8a1e-1f0120a4b505,APPLIED_REGEX_RULE,traeart,Metasequoia sp.,Metasequoia glyptostroboides,latin_regex,monotypic extant,NA
a82aaaad-2fbe-46d6-a66d-a5932f488c3d,APPLIED_REGEX_RULE,traeart,Metasequoia sp.,Metasequoia glyptostroboides,latin_regex,monotypic extant,NA
6e09ef08-85c6-456b-8c71-10c84fdfab93,APPLIED_REGEX_RULE,traeart,Metasequoia sp.,Metasequoia glyptostroboides,latin_regex,monotypic extant,NA
17a82823-810e-4de7-bcf9-e69a28614da4,APPLIED_REGEX_RULE,traeart,Amelanchier 'Autumn Brilliance',Amelanchier hybr. grandiflora 'Autumn Brilliance',latin_regex,insert species for cultivars,NA
01aa4ced-10bd-44cf-9fe4-624dedf95123,APPLIED_REGEX_RULE,traeart,Crytomeria japonica,Cryptomeria japonica,latin_regex,latin spelling fix,NA
17144311-70e5-44e6-8d26-2977317fa7b8,APPLIED_REGEX_RULE,traeart,Crytomeria japonica,Cryptomeria japonica,latin_regex,latin spelling fix,NA
fedb39fc-c0c8-4ff7-8ad5-415a0ae987b2,APPLIED_REGEX_RULE,traeart,Eleagnus angustifolia,Elaeagnus angustifolia,latin_regex,latin spelling fix,NA
f8b14f18-45d4-412d-8c26-c5544a43e1e0,APPLIED_REGEX_RULE,traeart,Eleagnus angustifolia,Elaeagnus angustifolia,latin_regex,latin spelling fix,NA
db5e68fc-2015-4677-ad5e-525eb4976e09,APPLIED_REGEX_RULE,traeart,Eleagnus angustifolia,Elaeagnus angustifolia,latin_regex,latin spelling fix,NA
f1beed13-7de7-4568-a1e2-b901e49c03d5,APPLIED_REGEX_RULE,traeart,Eleagnus angustifolia,Elaeagnus angustifolia,latin_regex,latin spelling fix,NA
72cdcd01-c9b8-482c-99bf-295dee571b67,APPLIED_REGEX_RULE,traeart,Eleagnus angustifolia,Elaeagnus angustifolia,latin_regex,latin spelling fix,NA
5ee0f4d2-883f-43bb-90a0-e6dfff951429,APPLIED_REGEX_RULE,traeart,Eleagnus angustifolia,Elaeagnus angustifolia,latin_regex,latin spelling fix,NA
7683b5aa-3744-4fdf-8d5b-6cf448e9b404,APPLIED_REGEX_RULE,traeart,Eleagnus angustifolia,Elaeagnus angustifolia,latin_regex,latin spelling fix,NA
6a2d5f7f-84bf-482e-96fd-c482f08c76c2,APPLIED_REGEX_RULE,traeart,Eleagnus angustifolia,Elaeagnus angustifolia,latin_regex,latin spelling fix,NA
dc0495ba-eb0b-4275-b56a-5b1ab3e345ef,APPLIED_REGEX_RULE,traeart,Eleagnus angustifolia,Elaeagnus angustifolia,latin_regex,latin spelling fix,NA
b27547dc-7051-4644-b10a-62259fbba205,APPLIED_REGEX_RULE,traeart,Eleagnus angustifolia,Elaeagnus angustifolia,latin_regex,latin spelling fix,NA
188380ed-6714-490b-af01-e109f073fc22,APPLIED_REGEX_RULE,traeart,Eleagnus angustifolia,Elaeagnus angustifolia,latin_regex,latin spelling fix,NA
5b224d88-7691-4429-883f-22f69bdc70b4,APPLIED_REGEX_RULE,traeart,Eleagnus angustifolia,Elaeagnus angustifolia,latin_regex,latin spelling fix,NA
ad27946a-9b26-43f7-80bd-2ad2de6d2e02,APPLIED_REGEX_RULE,traeart,Eleagnus angustifolia,Elaeagnus angustifolia,latin_regex,latin spelling fix,NA
f39499d7-6211-4dcc-bd18-e2a78681fac7,APPLIED_REGEX_RULE,traeart,Eleagnus angustifolia,Elaeagnus angustifolia,latin_regex,latin spelling fix,NA
37845fe6-b94a-47fc-87b0-66d095106d79,APPLIED_REGEX_RULE,traeart,Eleagnus angustifolia,Elaeagnus angustifolia,latin_regex,latin spelling fix,NA
2533a774-d958-45f5-aba0-3222b5fa395f,APPLIED_REGEX_RULE,traeart,Eleagnus angustifolia,Elaeagnus angustifolia,latin_regex,latin spelling fix,NA
bd0e1e22-0643-4022-bb8a-8ed8af6c6189,APPLIED_REGEX_RULE,traeart,Eleagnus angustifolia,Elaeagnus angustifolia,latin_regex,latin spelling fix,NA
c84f1d87-750b-4129-9d09-6e8e47b069b8,APPLIED_REGEX_RULE,traeart,Eleagnus angustifolia,Elaeagnus angustifolia,latin_regex,latin spelling fix,NA
1b10e609-489d-434c-8e8b-ccf04ac85f12,APPLIED_REGEX_RULE,traeart,Eleagnus angustifolia,Elaeagnus angustifolia,latin_regex,latin spelling fix,NA
9faccffd-9644-4c7c-a654-b687f67bc387,APPLIED_REGEX_RULE,traeart,Eleagnus angustifolia,Elaeagnus angustifolia,latin_regex,latin spelling fix,NA
8f92b867-823e-49a8-8142-630639bd7a18,APPLIED_REGEX_RULE,traeart,Eleagnus angustifolia,Elaeagnus angustifolia,latin_regex,latin spelling fix,NA
392a74b3-9a06-493b-ac64-1fc6365dd70c,APPLIED_REGEX_RULE,traeart,Eleagnus angustifolia,Elaeagnus angustifolia,latin_regex,latin spelling fix,NA
3ad21f00-7102-419f-96db-9b0537124509,APPLIED_REGEX_RULE,traeart,Eleagnus angustifolia,Elaeagnus angustifolia,latin_regex,latin spelling fix,NA
1107aa2d-7ce0-4f8c-9660-4453b0a960fa,APPLIED_REGEX_RULE,traeart,Eleagnus angustifolia,Elaeagnus angustifolia,latin_regex,latin spelling fix,NA
6eed5007-5241-4f22-a21f-f47337afae8a,APPLIED_REGEX_RULE,traeart,Eleagnus angustifolia,Elaeagnus angustifolia,latin_regex,latin spelling fix,NA
677bb3a5-232e-48a6-bf5f-86bf50709260,APPLIED_REGEX_RULE,traeart,Eleagnus angustifolia,Elaeagnus angustifolia,latin_regex,latin spelling fix,NA
93a57e89-9d70-49f3-b8c4-8925d11abd8f,APPLIED_REGEX_RULE,traeart,Eleagnus angustifolia,Elaeagnus angustifolia,latin_regex,latin spelling fix,NA
3c049960-ec1a-437c-be60-9592dec511f6,APPLIED_REGEX_RULE,traeart,Eleagnus angustifolia,Elaeagnus angustifolia,latin_regex,latin spelling fix,NA
b78703ce-a5ba-46c5-877a-65121be2b3e1,APPLIED_REGEX_RULE,traeart,Eleagnus angustifolia,Elaeagnus angustifolia,latin_regex,latin spelling fix,NA
8d88d0c1-beba-4316-b6ff-37045be9366d,APPLIED_REGEX_RULE,traeart,Eleagnus angustifolia,Elaeagnus angustifolia,latin_regex,latin spelling fix,NA
57d449a3-9ac1-454e-b659-62f7081d9275,APPLIED_REGEX_RULE,traeart,Eleagnus angustifolia,Elaeagnus angustifolia,latin_regex,latin spelling fix,NA
124eb791-e3aa-4959-840b-301ef00d8c45,APPLIED_REGEX_RULE,traeart,Larix leptolepis,Larix kaempferi,latin_regex,latin synonym -> accepted,NA
497d1059-de4d-4ed2-8b67-16f9837e9767,APPLIED_REGEX_RULE,traeart,Magnolia hybr. Soulangiana,Magnolia hybr. soulangeana,latin_regex,latin case fix,NA
135b29f4-a3fe-4484-9ff6-bcdab8c6104b,APPLIED_REGEX_RULE,traeart,Magnolia hybr. Soulangiana,Magnolia hybr. soulangeana,latin_regex,latin case fix,NA
3a4fb7e4-3441-480f-81e7-d550ade8d339,APPLIED_REGEX_RULE,traeart,Magnolia hybr. Soulangiana,Magnolia hybr. soulangeana,latin_regex,latin case fix,NA
474e7b88-79a0-47e0-a514-d8a2cb85d863,APPLIED_REGEX_RULE,traeart,Magnolia hybr. Soulangiana,Magnolia hybr. soulangeana,latin_regex,latin case fix,NA
6ded8e18-2088-4f1f-a877-d1429c56a968,APPLIED_REGEX_RULE,traeart,Magnolia hybr. Soulangiana,Magnolia hybr. soulangeana,latin_regex,latin case fix,NA
7004e301-55ba-4305-b359-958e8c34ec03,APPLIED_REGEX_RULE,traeart,Magnolia hybr. Soulangiana,Magnolia hybr. soulangeana,latin_regex,latin case fix,NA
eae79c6e-05ce-4b87-afe7-9fb180ff11cb,APPLIED_REGEX_RULE,traeart,Magnolia hybr. Soulangiana,Magnolia hybr. soulangeana,latin_regex,latin case fix,NA
d924d7e8-f11d-4a14-a0b9-4d9f5da3e141,APPLIED_REGEX_RULE,traeart,Magnolia hybr. Soulangiana,Magnolia hybr. soulangeana,latin_regex,latin case fix,NA
427ff16c-1ce4-4adb-826b-e27df2af8ccf,APPLIED_REGEX_RULE,traeart,Populus simonii 'Fastgiata',Populus simonii 'Fastigiata',latin_regex,latin spelling fix,NA
ee6efcb7-7c3b-4ff7-b89b-57a4caf635b5,APPLIED_REGEX_RULE,traeart,Populus simonii 'Fastgiata',Populus simonii 'Fastigiata',latin_regex,latin spelling fix,NA
f21657fd-d2ec-456c-b767-f2be6aea7369,APPLIED_REGEX_RULE,traeart,Populus simonii 'Fastgiata',Populus simonii 'Fastigiata',latin_regex,latin spelling fix,NA
50c95148-5cd4-4a59-934c-7a8ba7eb8f61,APPLIED_REGEX_RULE,traeart,Populus simonii 'Fastgiata',Populus simonii 'Fastigiata',latin_regex,latin spelling fix,NA
f913ab1c-ab42-46dc-ad90-5da95c3db057,APPLIED_REGEX_RULE,traeart,Populus simonii 'Fastgiata',Populus simonii 'Fastigiata',latin_regex,latin spelling fix,NA
a7a424a3-fdb8-47af-aad3-b572f4459ec9,APPLIED_REGEX_RULE,traeart,Populus simonii 'Fastgiata',Populus simonii 'Fastigiata',latin_regex,latin spelling fix,NA
c73a4999-42ee-4280-8e94-248cad189d81,APPLIED_REGEX_RULE,traeart,Populus simonii 'Fastgiata',Populus simonii 'Fastigiata',latin_regex,latin spelling fix,NA
c3037c27-9172-49db-9721-34c79341a00e,APPLIED_REGEX_RULE,traeart,Populus simonii 'Fastgiata',Populus simonii 'Fastigiata',latin_regex,latin spelling fix,NA
1d3053e8-998a-4d79-b578-7a6a54114d23,APPLIED_REGEX_RULE,traeart,Populus simonii 'Fastgiata',Populus simonii 'Fastigiata',latin_regex,latin spelling fix,NA
4eb04c3d-6462-42ab-a271-daacf739c333,APPLIED_REGEX_RULE,traeart,Populus simonii 'Fastgiata',Populus simonii 'Fastigiata',latin_regex,latin spelling fix,NA
e2168474-c156-44a5-a9b5-b2240aee2e6c,APPLIED_REGEX_RULE,traeart,Populus simonii 'Fastgiata',Populus simonii 'Fastigiata',latin_regex,latin spelling fix,NA
65209f14-018e-42a7-91b3-99606d5b8380,APPLIED_REGEX_RULE,traeart,Populus simonii 'Fastgiata',Populus simonii 'Fastigiata',latin_regex,latin spelling fix,NA
2423afa4-0ef6-4adc-b319-403168dc8093,APPLIED_REGEX_RULE,traeart,Populus simonii 'Fastgiata',Populus simonii 'Fastigiata',latin_regex,latin spelling fix,NA
51a73edb-944f-41d4-9299-35bf94ab5146,APPLIED_REGEX_RULE,traeart,Populus simonii 'Fastgiata',Populus simonii 'Fastigiata',latin_regex,latin spelling fix,NA
bfa1d78f-e4d0-46ca-9980-e1362e62e419,APPLIED_REGEX_RULE,traeart,Populus simonii 'Fastgiata',Populus simonii 'Fastigiata',latin_regex,latin spelling fix,NA
1be1a189-53a5-4b01-9181-f8786723020b,APPLIED_REGEX_RULE,traeart,Populus simonii 'Fastgiata',Populus simonii 'Fastigiata',latin_regex,latin spelling fix,NA
12349571-cd6e-446d-90a2-5eeeb3d82b6f,APPLIED_REGEX_RULE,traeart,Populus simonii 'Fastgiata',Populus simonii 'Fastigiata',latin_regex,latin spelling fix,NA
95ba0f1d-3a12-4ff6-839a-9f6c6304c26e,APPLIED_REGEX_RULE,traeart,Populus simonii 'Fastgiata',Populus simonii 'Fastigiata',latin_regex,latin spelling fix,NA
08a0144e-ed65-416e-9187-621f9ca17323,APPLIED_REGEX_RULE,traeart,Populus simonii 'Fastgiata',Populus simonii 'Fastigiata',latin_regex,latin spelling fix,NA
268cc875-a20d-48e5-9bcc-0ba850315c4d,APPLIED_REGEX_RULE,traeart,Populus simonii 'Fastgiata',Populus simonii 'Fastigiata',latin_regex,latin spelling fix,NA
3d15fcb7-358b-410a-98ce-5aa366146e61,APPLIED_REGEX_RULE,traeart,Populus simonii 'Fastgiata',Populus simonii 'Fastigiata',latin_regex,latin spelling fix,NA
f5b7d186-68e6-4c51-a9d6-f18b337cbb87,APPLIED_REGEX_RULE,traeart,Populus simonii 'Fastgiata',Populus simonii 'Fastigiata',latin_regex,latin spelling fix,NA
e79b7e42-d8b7-4473-a1a8-adc82352b4a6,APPLIED_REGEX_RULE,traeart,Populus simonii 'Fastgiata',Populus simonii 'Fastigiata',latin_regex,latin spelling fix,NA
9e23a7a4-94fb-4802-9645-638a78f54a50,APPLIED_REGEX_RULE,traeart,Populus simonii 'Fastgiata',Populus simonii 'Fastigiata',latin_regex,latin spelling fix,NA
0895cf68-18c2-466a-aa6f-75b0b495542c,APPLIED_REGEX_RULE,traeart,Populus simonii 'Fastgiata',Populus simonii 'Fastigiata',latin_regex,latin spelling fix,NA
098fad97-416b-4aff-8ab8-4eedebbf5bdc,APPLIED_REGEX_RULE,traeart,Populus simonii 'Fastgiata',Populus simonii 'Fastigiata',latin_regex,latin spelling fix,NA
ef378409-95d6-4bdf-bec5-b4b0f70fe6d6,APPLIED_REGEX_RULE,traeart,Populus simonii 'Fastgiata',Populus simonii 'Fastigiata',latin_regex,latin spelling fix,NA
6fdf4934-5a0d-483b-9af1-ce9e85f7d9cd,APPLIED_REGEX_RULE,traeart,Populus simonii 'Fastgiata',Populus simonii 'Fastigiata',latin_regex,latin spelling fix,NA
e78d245a-f7f4-49ea-a1ec-8e27fcbd4e87,APPLIED_REGEX_RULE,traeart,Populus simonii 'Fastgiata',Populus simonii 'Fastigiata',latin_regex,latin spelling fix,NA
161722f9-54e8-4e35-8d24-53d4e4badda5,APPLIED_REGEX_RULE,traeart,Populus simonii 'Fastgiata',Populus simonii 'Fastigiata',latin_regex,latin spelling fix,NA
8b10feac-594d-44de-9daf-bd1ed93310a1,APPLIED_REGEX_RULE,traeart,Populus simonii 'Fastgiata',Populus simonii 'Fastigiata',latin_regex,latin spelling fix,NA
b927447c-4c66-4c0f-b5da-f5e1fd170c18,APPLIED_REGEX_RULE,traeart,Populus simonii 'Fastgiata',Populus simonii 'Fastigiata',latin_regex,latin spelling fix,NA
9dd2c332-8650-4ada-81c7-c1e0219faccc,APPLIED_REGEX_RULE,traeart,Populus simonii 'Fastgiata',Populus simonii 'Fastigiata',latin_regex,latin spelling fix,NA
be4d91e9-2284-44e9-a802-6e8ad781ed82,APPLIED_REGEX_RULE,traeart,Populus simonii 'Fastgiata',Populus simonii 'Fastigiata',latin_regex,latin spelling fix,NA
43474823-398b-4959-b62e-1f7f59aca6c6,APPLIED_REGEX_RULE,traeart,Populus simonii 'Fastgiata',Populus simonii 'Fastigiata',latin_regex,latin spelling fix,NA
6daa094a-0b80-41f8-b3d0-15f341f2a254,APPLIED_REGEX_RULE,traeart,Populus simonii 'Fastgiata',Populus simonii 'Fastigiata',latin_regex,latin spelling fix,NA
ebdf00ff-ec64-48b9-9cb5-fb9198f62171,APPLIED_REGEX_RULE,traeart,Populus simonii 'Fastgiata',Populus simonii 'Fastigiata',latin_regex,latin spelling fix,NA
7908dff1-532f-42a6-aaf4-896a5874e51d,APPLIED_REGEX_RULE,traeart,Populus simonii 'Fastgiata',Populus simonii 'Fastigiata',latin_regex,latin spelling fix,NA
6b67953d-d883-46f1-8171-e35313dafbb7,APPLIED_REGEX_RULE,traeart,Populus simonii 'Fastgiata',Populus simonii 'Fastigiata',latin_regex,latin spelling fix,NA
c5089f31-2fa6-468b-aea8-ea58c1436f13,APPLIED_REGEX_RULE,traeart,Populus simonii 'Fastgiata',Populus simonii 'Fastigiata',latin_regex,latin spelling fix,NA
2d25adfa-5b2f-4a5d-abe6-4ea5e34de797,APPLIED_REGEX_RULE,traeart,Populus simonii 'Fastgiata',Populus simonii 'Fastigiata',latin_regex,latin spelling fix,NA
9ae23c5a-b8a6-40e0-b045-26cfaf33ba26,APPLIED_REGEX_RULE,traeart,Populus simonii 'Fastgiata',Populus simonii 'Fastigiata',latin_regex,latin spelling fix,NA
a18d4888-faeb-4b91-95b6-8e876aaa3b2f,APPLIED_REGEX_RULE,traeart,Populus simonii 'Fastgiata',Populus simonii 'Fastigiata',latin_regex,latin spelling fix,NA
791c8f29-0c71-4164-8973-eb739be06ef0,APPLIED_REGEX_RULE,traeart,Populus simonii 'Fastgiata',Populus simonii 'Fastigiata',latin_regex,latin spelling fix,NA
2f62b8cf-ba72-4bc7-85a5-d4bbf2cff934,APPLIED_REGEX_RULE,traeart,Populus simonii 'Fastgiata',Populus simonii 'Fastigiata',latin_regex,latin spelling fix,NA
8a2a0cf8-b753-454e-bfc8-d04529bdcad7,APPLIED_REGEX_RULE,traeart,Populus simonii 'Fastgiata',Populus simonii 'Fastigiata',latin_regex,latin spelling fix,NA
35f1b941-1d73-4ef2-9dd1-ec9421201f81,APPLIED_REGEX_RULE,traeart,Populus simonii 'Fastgiata',Populus simonii 'Fastigiata',latin_regex,latin spelling fix,NA
08e09d45-4265-491c-aaf9-da79e4d22452,APPLIED_REGEX_RULE,traeart,Populus simonii 'Fastgiata',Populus simonii 'Fastigiata',latin_regex,latin spelling fix,NA
a9d00b37-e526-442d-a519-0e2ab7af3c5e,APPLIED_REGEX_RULE,traeart,Populus simonii 'Fastgiata',Populus simonii 'Fastigiata',latin_regex,latin spelling fix,NA
c4c829d0-146f-4a67-a327-75694ef5c1b4,APPLIED_REGEX_RULE,traeart,Populus simonii 'Fastgiata',Populus simonii 'Fastigiata',latin_regex,latin spelling fix,NA
0d4da1cb-1031-4759-a0bf-7badb70723ac,APPLIED_REGEX_RULE,traeart,Populus simonii 'Fastgiata',Populus simonii 'Fastigiata',latin_regex,latin spelling fix,NA
9a337e07-8b7c-4a2c-bd82-423e581db94d,APPLIED_REGEX_RULE,traeart,Populus simonii 'Fastgiata',Populus simonii 'Fastigiata',latin_regex,latin spelling fix,NA
50e4dbde-a398-4d40-b45f-71cb9f178ba4,APPLIED_REGEX_RULE,traeart,Populus simonii 'Fastgiata',Populus simonii 'Fastigiata',latin_regex,latin spelling fix,NA
4c477210-c3ac-412a-bd32-f0a34140784e,APPLIED_REGEX_RULE,traeart,Populus simonii 'Fastgiata',Populus simonii 'Fastigiata',latin_regex,latin spelling fix,NA
210d6aaa-7355-4e51-8026-62cfa330fb28,APPLIED_REGEX_RULE,traeart,Populus simonii 'Fastgiata',Populus simonii 'Fastigiata',latin_regex,latin spelling fix,NA
9c2c37dc-dee0-4042-937c-f281092629f1,APPLIED_REGEX_RULE,traeart,Populus simonii 'Fastgiata',Populus simonii 'Fastigiata',latin_regex,latin spelling fix,NA
a26b7aaa-16a3-47bd-9af8-6effe55940dd,APPLIED_REGEX_RULE,traeart,Populus simonii 'Fastgiata',Populus simonii 'Fastigiata',latin_regex,latin spelling fix,NA
302dbc20-5f67-45a3-b8af-251d0d42ac96,APPLIED_REGEX_RULE,traeart,Populus simonii 'Fastgiata',Populus simonii 'Fastigiata',latin_regex,latin spelling fix,NA
b9743e0a-ce82-4324-b70b-4b27ba7fefbc,APPLIED_REGEX_RULE,traeart,Populus simonii 'Fastgiata',Populus simonii 'Fastigiata',latin_regex,latin spelling fix,NA
f473c182-dec5-414d-9aa5-cbf8c89aa623,APPLIED_REGEX_RULE,traeart,Populus simonii 'Fastgiata',Populus simonii 'Fastigiata',latin_regex,latin spelling fix,NA
d6eb8ded-1500-4aed-867c-54129b0dd18e,APPLIED_REGEX_RULE,traeart,Populus simonii 'Fastgiata',Populus simonii 'Fastigiata',latin_regex,latin spelling fix,NA
d678d8ab-442d-45b0-8eb3-af261e8ba76d,APPLIED_REGEX_RULE,traeart,Populus simonii 'Fastgiata',Populus simonii 'Fastigiata',latin_regex,latin spelling fix,NA
d869fbc3-5f22-4054-b4ee-ff5e2791d589,APPLIED_REGEX_RULE,traeart,Populus simonii 'Fastgiata',Populus simonii 'Fastigiata',latin_regex,latin spelling fix,NA
195a6ede-a7cd-4b0e-96dc-7e60a268c783,APPLIED_REGEX_RULE,traeart,Populus simonii 'Fastgiata',Populus simonii 'Fastigiata',latin_regex,latin spelling fix,NA
d386380e-be4a-46e3-9167-3b08173b17e5,APPLIED_REGEX_RULE,traeart,Populus simonii 'Fastgiata',Populus simonii 'Fastigiata',latin_regex,latin spelling fix,NA
79b0aee9-69d2-4037-ad58-a9b9d8fc54b9,APPLIED_REGEX_RULE,traeart,Populus simonii 'Fastgiata',Populus simonii 'Fastigiata',latin_regex,latin spelling fix,NA
34b9754a-cf24-44dd-b47d-2cbb13de66e5,APPLIED_REGEX_RULE,traeart,Populus simonii 'Fastgiata',Populus simonii 'Fastigiata',latin_regex,latin spelling fix,NA
4e4ed681-439b-4175-bfd0-70c5d91b36d0,APPLIED_REGEX_RULE,traeart,Populus simonii 'Fastgiata',Populus simonii 'Fastigiata',latin_regex,latin spelling fix,NA
eb616abe-e61e-454e-bba3-d3b674e4181b,APPLIED_REGEX_RULE,traeart,Populus simonii 'Fastgiata',Populus simonii 'Fastigiata',latin_regex,latin spelling fix,NA
3618bf55-66f6-40e5-a5ad-603e8e9f6549,APPLIED_REGEX_RULE,traeart,Populus simonii 'Fastgiata',Populus simonii 'Fastigiata',latin_regex,latin spelling fix,NA
3ba687b7-d006-4ca5-9039-c4212bb91510,APPLIED_REGEX_RULE,traeart,Populus simonii 'Fastgiata',Populus simonii 'Fastigiata',latin_regex,latin spelling fix,NA
b5af2733-ece5-4bd9-a6ca-504b13eae3ef,APPLIED_REGEX_RULE,traeart,Populus simonii 'Fastgiata',Populus simonii 'Fastigiata',latin_regex,latin spelling fix,NA
37cdf916-3c1d-4f5c-be22-23c52b7ca253,APPLIED_REGEX_RULE,traeart,Populus simonii 'Fastgiata',Populus simonii 'Fastigiata',latin_regex,latin spelling fix,NA
e47bd729-76a1-4cff-83ac-27a600f340fa,APPLIED_REGEX_RULE,traeart,Populus simonii 'Fastgiata',Populus simonii 'Fastigiata',latin_regex,latin spelling fix,NA
24026aab-550b-4acc-a915-1ea35bc43cd2,APPLIED_REGEX_RULE,traeart,Populus simonii 'Fastgiata',Populus simonii 'Fastigiata',latin_regex,latin spelling fix,NA
6792a3d2-30d8-456a-90ba-330f8fcf9039,APPLIED_REGEX_RULE,traeart,Populus simonii 'Fastgiata',Populus simonii 'Fastigiata',latin_regex,latin spelling fix,NA
3ea4e2cf-75ba-46b0-b158-e56b03e526d0,APPLIED_REGEX_RULE,traeart,Populus simonii 'Fastgiata',Populus simonii 'Fastigiata',latin_regex,latin spelling fix,NA
4b909500-35b7-43b5-aec4-10bed31e44d1,APPLIED_REGEX_RULE,traeart,Populus simonii 'Fastgiata',Populus simonii 'Fastigiata',latin_regex,latin spelling fix,NA
564dc4c6-fa9c-45dd-a617-c3f4cd2a2277,APPLIED_REGEX_RULE,traeart,Populus simonii 'Fastgiata',Populus simonii 'Fastigiata',latin_regex,latin spelling fix,NA
1eead432-15d8-4c10-81d0-1db8b03583d5,APPLIED_REGEX_RULE,traeart,Populus simonii 'Fastgiata',Populus simonii 'Fastigiata',latin_regex,latin spelling fix,NA
b5ef2aa2-b395-4882-aac0-aee529af5ceb,APPLIED_REGEX_RULE,traeart,Populus simonii 'Fastgiata',Populus simonii 'Fastigiata',latin_regex,latin spelling fix,NA
25f8637d-f111-4bf4-96ed-997d74b02986,APPLIED_REGEX_RULE,traeart,Populus simonii 'Fastgiata',Populus simonii 'Fastigiata',latin_regex,latin spelling fix,NA
4e2e93a3-e60c-41a1-84b2-4a6609c48eb2,APPLIED_REGEX_RULE,traeart,Populus simonii 'Fastgiata',Populus simonii 'Fastigiata',latin_regex,latin spelling fix,NA
56d380f1-471f-4497-9f54-df10ea1c1985,APPLIED_REGEX_RULE,traeart,Populus simonii 'Fastgiata',Populus simonii 'Fastigiata',latin_regex,latin spelling fix,NA
0f3f882d-0fef-4571-adc6-bd5bd24e0cad,APPLIED_REGEX_RULE,traeart,Populus simonii 'Fastgiata',Populus simonii 'Fastigiata',latin_regex,latin spelling fix,NA
54f85cc2-12d8-4e32-be2a-56532c3db908,APPLIED_REGEX_RULE,traeart,Populus simonii 'Fastgiata',Populus simonii 'Fastigiata',latin_regex,latin spelling fix,NA
21662d18-24d4-4d0a-aae5-64927f8b54e8,APPLIED_REGEX_RULE,traeart,Populus simonii 'Fastgiata',Populus simonii 'Fastigiata',latin_regex,latin spelling fix,NA
32e12985-21d4-4f70-b259-51efd7df667e,APPLIED_REGEX_RULE,traeart,Populus simonii 'Fastgiata',Populus simonii 'Fastigiata',latin_regex,latin spelling fix,NA
b7ae0d52-2938-47e4-85bd-db1d392d2170,APPLIED_REGEX_RULE,traeart,Populus simonii 'Fastgiata',Populus simonii 'Fastigiata',latin_regex,latin spelling fix,NA
2d078e84-cc97-457c-afbc-0b76476c3f9c,APPLIED_REGEX_RULE,traeart,Populus simonii 'Fastgiata',Populus simonii 'Fastigiata',latin_regex,latin spelling fix,NA
04db0cae-1c66-4dbd-83ec-fb1744b199f5,APPLIED_REGEX_RULE,traeart,Populus simonii 'Fastgiata',Populus simonii 'Fastigiata',latin_regex,latin spelling fix,NA
38008b49-0bd7-4bb3-a95a-eb237bde0804,APPLIED_REGEX_RULE,traeart,Populus simonii 'Fastgiata',Populus simonii 'Fastigiata',latin_regex,latin spelling fix,NA
b4106519-746f-4ec8-a323-0fe1d4f52e61,APPLIED_REGEX_RULE,traeart,Populus simonii 'Fastgiata',Populus simonii 'Fastigiata',latin_regex,latin spelling fix,NA
78d77684-b84e-4a54-a60f-fcf7c9fb9987,APPLIED_REGEX_RULE,traeart,Populus simonii 'Fastgiata',Populus simonii 'Fastigiata',latin_regex,latin spelling fix,NA
c8de6813-213d-41fa-ac56-a7683536f8fd,APPLIED_REGEX_RULE,traeart,Populus simonii 'Fastgiata',Populus simonii 'Fastigiata',latin_regex,latin spelling fix,NA
0f9d787d-b39c-4adf-9b69-002a2c7ea8ad,APPLIED_REGEX_RULE,traeart,Populus simonii 'Fastgiata',Populus simonii 'Fastigiata',latin_regex,latin spelling fix,NA
a52b398c-6bcb-40a6-8514-d1081da5690a,APPLIED_REGEX_RULE,traeart,Populus simonii 'Fastgiata',Populus simonii 'Fastigiata',latin_regex,latin spelling fix,NA
801fd12e-7cc8-4474-a15d-90cf7853cd86,APPLIED_REGEX_RULE,traeart,Populus simonii 'Fastgiata',Populus simonii 'Fastigiata',latin_regex,latin spelling fix,NA
06f9bc5d-1aed-421c-aff0-fc38abe5e0a7,APPLIED_REGEX_RULE,traeart,Populus simonii 'Fastgiata',Populus simonii 'Fastigiata',latin_regex,latin spelling fix,NA
ed22e41a-551f-4744-b14a-3503dc003773,APPLIED_REGEX_RULE,traeart,Populus simonii 'Fastgiata',Populus simonii 'Fastigiata',latin_regex,latin spelling fix,NA
cdf84f53-3c1a-48df-9a47-8f3d3580d445,APPLIED_REGEX_RULE,traeart,Populus simonii 'Fastgiata',Populus simonii 'Fastigiata',latin_regex,latin spelling fix,NA
53139e61-3e47-4682-bf53-6de53973a088,APPLIED_REGEX_RULE,traeart,Populus simonii 'Fastgiata',Populus simonii 'Fastigiata',latin_regex,latin spelling fix,NA
509c97de-0d4b-494d-8db3-d4370105d151,APPLIED_REGEX_RULE,traeart,Populus simonii 'Fastgiata',Populus simonii 'Fastigiata',latin_regex,latin spelling fix,NA
1fa61ca7-5471-4c3e-b16a-a40488c3534f,APPLIED_REGEX_RULE,traeart,Populus simonii 'Fastgiata',Populus simonii 'Fastigiata',latin_regex,latin spelling fix,NA
93bd51a2-1671-44aa-91ff-cf0319658f22,APPLIED_REGEX_RULE,traeart,Populus simonii 'Fastgiata',Populus simonii 'Fastigiata',latin_regex,latin spelling fix,NA
aeadcb28-acee-4d73-bbf8-636ab1ddd36f,APPLIED_REGEX_RULE,traeart,Populus simonii 'Fastgiata',Populus simonii 'Fastigiata',latin_regex,latin spelling fix,NA
11b29fbf-7c57-43b6-888a-f59658d32550,APPLIED_REGEX_RULE,traeart,Populus simonii 'Fastgiata',Populus simonii 'Fastigiata',latin_regex,latin spelling fix,NA
0f1079f0-f688-4b28-a8e2-74ef085a39ad,APPLIED_REGEX_RULE,traeart,Populus simonii 'Fastgiata',Populus simonii 'Fastigiata',latin_regex,latin spelling fix,NA
6ef49493-60fb-4d99-94b1-3accd20bcd48,APPLIED_REGEX_RULE,traeart,Populus simonii 'Fastgiata',Populus simonii 'Fastigiata',latin_regex,latin spelling fix,NA
626b578d-1a6a-4212-aa08-4b76f5e8d111,APPLIED_REGEX_RULE,traeart,Populus simonii 'Fastgiata',Populus simonii 'Fastigiata',latin_regex,latin spelling fix,NA
b8243590-07c5-4097-ada8-c875487f0fb7,APPLIED_REGEX_RULE,traeart,Populus simonii 'Fastgiata',Populus simonii 'Fastigiata',latin_regex,latin spelling fix,NA
83247d52-031e-40a0-8330-ea57e2e1087a,APPLIED_REGEX_RULE,traeart,Populus simonii 'Fastgiata',Populus simonii 'Fastigiata',latin_regex,latin spelling fix,NA
01d415a1-387b-4a56-a158-12599ac5be90,APPLIED_REGEX_RULE,traeart,Populus simonii 'Fastgiata',Populus simonii 'Fastigiata',latin_regex,latin spelling fix,NA
575dcc4b-8209-4eb6-b7c8-96a74ef795f6,APPLIED_REGEX_RULE,traeart,Populus simonii 'Fastgiata',Populus simonii 'Fastigiata',latin_regex,latin spelling fix,NA
0be25758-ea52-473e-af23-f1e5ebf03cf4,APPLIED_REGEX_RULE,traeart,Populus simonii 'Fastgiata',Populus simonii 'Fastigiata',latin_regex,latin spelling fix,NA
b27110b8-5972-465b-9c33-1978ee90f458,APPLIED_REGEX_RULE,traeart,Populus simonii 'Fastgiata',Populus simonii 'Fastigiata',latin_regex,latin spelling fix,NA
aa34602f-27aa-43a4-9b7d-ab3ff596af65,APPLIED_REGEX_RULE,traeart,Populus simonii 'Fastgiata',Populus simonii 'Fastigiata',latin_regex,latin spelling fix,NA
f538ba65-d07d-486a-bbc8-6be311a96f2e,APPLIED_REGEX_RULE,traeart,Populus simonii 'Fastgiata',Populus simonii 'Fastigiata',latin_regex,latin spelling fix,NA
995f3f42-9131-4075-ae54-4f5a3ba19c62,APPLIED_REGEX_RULE,traeart,Populus simonii 'Fastgiata',Populus simonii 'Fastigiata',latin_regex,latin spelling fix,NA
424cee51-7dea-4e1d-aec6-a09472ae0c94,APPLIED_REGEX_RULE,traeart,Populus simonii 'Fastgiata',Populus simonii 'Fastigiata',latin_regex,latin spelling fix,NA
552a9abb-65d8-47c5-8181-bea4d20300bd,APPLIED_REGEX_RULE,traeart,Populus simonii 'Fastgiata',Populus simonii 'Fastigiata',latin_regex,latin spelling fix,NA
c135ea59-90db-43e5-9f38-10313ccc34c8,APPLIED_REGEX_RULE,traeart,Populus simonii 'Fastgiata',Populus simonii 'Fastigiata',latin_regex,latin spelling fix,NA
d4eeb7dd-cb81-4800-bf84-c5f0f73c5e8a,APPLIED_REGEX_RULE,traeart,Populus simonii 'Fastgiata',Populus simonii 'Fastigiata',latin_regex,latin spelling fix,NA
e544fa8b-1899-4bdc-9392-d2e009dd1e0d,APPLIED_REGEX_RULE,traeart,Populus simonii 'Fastgiata',Populus simonii 'Fastigiata',latin_regex,latin spelling fix,NA
8c515520-efca-4bfa-b3b2-286211661e07,APPLIED_REGEX_RULE,traeart,Populus simonii 'Fastgiata',Populus simonii 'Fastigiata',latin_regex,latin spelling fix,NA
5753b05a-8fa0-4cd9-86a7-4a37937481cb,APPLIED_REGEX_RULE,traeart,Populus simonii 'Fastgiata',Populus simonii 'Fastigiata',latin_regex,latin spelling fix,NA
c74d6dd3-c4ea-42c4-8dd4-4614b4e8ff5f,APPLIED_REGEX_RULE,traeart,Populus simonii 'Fastgiata',Populus simonii 'Fastigiata',latin_regex,latin spelling fix,NA
6784cfba-8637-4729-a301-ce543b6e32bd,APPLIED_REGEX_RULE,traeart,Populus simonii 'Fastgiata',Populus simonii 'Fastigiata',latin_regex,latin spelling fix,NA
6c5ab3f5-7085-4cd4-9b6d-03b0ebc63555,APPLIED_REGEX_RULE,traeart,Populus simonii 'Fastgiata',Populus simonii 'Fastigiata',latin_regex,latin spelling fix,NA
a0f3c7ca-ef61-42c9-ace8-ea40e8c2ddab,APPLIED_REGEX_RULE,traeart,Populus simonii 'Fastgiata',Populus simonii 'Fastigiata',latin_regex,latin spelling fix,NA
1f72daa5-f0a2-468b-98df-03487704bd99,APPLIED_REGEX_RULE,traeart,Populus simonii 'Fastgiata',Populus simonii 'Fastigiata',latin_regex,latin spelling fix,NA
d8957bfc-4d85-48a0-a0ec-45a659222a3c,APPLIED_REGEX_RULE,traeart,Populus simonii 'Fastgiata',Populus simonii 'Fastigiata',latin_regex,latin spelling fix,NA
56d1624d-d1c4-489f-b979-4d5e048f58b2,APPLIED_REGEX_RULE,traeart,Populus simonii 'Fastgiata',Populus simonii 'Fastigiata',latin_regex,latin spelling fix,NA
d7579731-da6c-4d1d-a11a-cab56c45d446,APPLIED_REGEX_RULE,traeart,Populus simonii 'Fastgiata',Populus simonii 'Fastigiata',latin_regex,latin spelling fix,NA
eb552bc4-d4b7-41a5-aa4e-16dfea0785a2,APPLIED_REGEX_RULE,traeart,Populus simonii 'Fastgiata',Populus simonii 'Fastigiata',latin_regex,latin spelling fix,NA
9d6c9bee-35e3-4372-ae26-96b24f2d763f,APPLIED_REGEX_RULE,traeart,Populus simonii 'Fastgiata',Populus simonii 'Fastigiata',latin_regex,latin spelling fix,NA
9952394b-12db-400f-9600-114418cc1b1c,APPLIED_REGEX_RULE,traeart,Prunus 'Italiensk sveske',Prunus domestica 'Italiensk sveske',latin_regex,insert species for cultivars,NA
03f4bf7b-43ef-4597-920f-1ea283ae2b43,APPLIED_REGEX_RULE,traeart,Prunus 'Italiensk sveske',Prunus domestica 'Italiensk sveske',latin_regex,insert species for cultivars,NA
cbbdc6ba-97ad-47ac-94e9-bda1a520a181,APPLIED_REGEX_RULE,traeart,Prunus 'Italiensk sveske',Prunus domestica 'Italiensk sveske',latin_regex,insert species for cultivars,NA
39286177-5137-475e-ad25-7f5d610e3c16,APPLIED_REGEX_RULE,traeart,Prunus 'Rivers Early Prolific',Prunus domestica 'Rivers Early Prolific',latin_regex,insert species for cultivars,NA
570f6ad3-d5c5-4343-9389-c6e0dd172781,APPLIED_REGEX_RULE,traeart,Prunus 'Rivers Early Prolific',Prunus domestica 'Rivers Early Prolific',latin_regex,insert species for cultivars,NA
f08dfd5b-923f-4d4c-9841-4e7dc4a9e1e7,APPLIED_REGEX_RULE,traeart,Prunus 'Rivers Early Prolific',Prunus domestica 'Rivers Early Prolific',latin_regex,insert species for cultivars,NA
61d96dad-6131-43e3-96a3-c2d6bd80087d,APPLIED_REGEX_RULE,traeart,Prunus domestica 'Incititia',Prunus domestica ssp. insisitia,latin_regex,cultivar to subspecies,NA
c559865b-d536-4d2d-9bdb-87aec472bc36,APPLIED_REGEX_RULE,traeart,Prunus domestica 'Incititia',Prunus domestica ssp. insisitia,latin_regex,cultivar to subspecies,NA
c8f51a5c-7dc6-4105-b760-48a7f260e35d,APPLIED_REGEX_RULE,traeart,Prunus domestica 'Incititia',Prunus domestica ssp. insisitia,latin_regex,cultivar to subspecies,NA
252ebf0c-cc74-48b7-acfd-3d153508306d,APPLIED_REGEX_RULE,traeart,Prunus domestica 'Incititia',Prunus domestica ssp. insisitia,latin_regex,cultivar to subspecies,NA
16159c9a-d45f-4747-be2d-1304024c4663,APPLIED_REGEX_RULE,traeart,Prunus domestica 'Incititia',Prunus domestica ssp. insisitia,latin_regex,cultivar to subspecies,NA
9b3348ed-b6c8-486e-9477-acafa81359d7,APPLIED_REGEX_RULE,traeart,Prunus domestica 'Incititia',Prunus domestica ssp. insisitia,latin_regex,cultivar to subspecies,NA
aca9c2f2-e276-4cea-ab34-211626ae3852,APPLIED_REGEX_RULE,traeart,Prunus domestica 'Incititia',Prunus domestica ssp. insisitia,latin_regex,cultivar to subspecies,NA
87352bab-f1ee-4314-bbdd-ba4a4db6756e,APPLIED_REGEX_RULE,traeart,Prunus domestica 'Incititia',Prunus domestica ssp. insisitia,latin_regex,cultivar to subspecies,NA
8dd405e2-c39e-4bff-858d-c791bd5e79f8,APPLIED_REGEX_RULE,traeart,Prunus domestica 'Incititia',Prunus domestica ssp. insisitia,latin_regex,cultivar to subspecies,NA
978ad36d-444e-4024-a003-56ab7f067205,APPLIED_REGEX_RULE,traeart,Prunus domestica 'Incititia',Prunus domestica ssp. insisitia,latin_regex,cultivar to subspecies,NA
764be404-3592-46d8-bd8e-bb6993b72eb2,APPLIED_REGEX_RULE,traeart,Prunus domestica 'Incititia',Prunus domestica ssp. insisitia,latin_regex,cultivar to subspecies,NA
12037f44-356d-481d-a894-486b7ed6a068,APPLIED_REGEX_RULE,traeart,Prunus domestica 'Incititia',Prunus domestica ssp. insisitia,latin_regex,cultivar to subspecies,NA
a6d2d9d1-1323-4c80-9fad-2afb75a44210,APPLIED_REGEX_RULE,traeart,Prunus domestica 'Incititia',Prunus domestica ssp. insisitia,latin_regex,cultivar to subspecies,NA
698923d7-9acf-4b82-a546-4e1e6bff0977,APPLIED_REGEX_RULE,traeart,Prunus domestica 'Incititia',Prunus domestica ssp. insisitia,latin_regex,cultivar to subspecies,NA
c2657dd7-3f9f-4bbe-85d7-33c456667b03,APPLIED_REGEX_RULE,traeart,Prunus domestica 'Incititia',Prunus domestica ssp. insisitia,latin_regex,cultivar to subspecies,NA
b2ec5239-6ded-4b5c-9b55-af2cec49187e,APPLIED_REGEX_RULE,traeart,Prunus domestica 'Incititia',Prunus domestica ssp. insisitia,latin_regex,cultivar to subspecies,NA
3af2fb86-bb14-4b20-9204-ef0aa52c703f,APPLIED_REGEX_RULE,traeart,Prunus domestica 'Incititia',Prunus domestica ssp. insisitia,latin_regex,cultivar to subspecies,NA
fb1426a0-8c3b-49e6-9867-d826b345ba2c,APPLIED_REGEX_RULE,traeart,Prunus domestica 'Incititia',Prunus domestica ssp. insisitia,latin_regex,cultivar to subspecies,NA
5967443f-f44e-47f8-b4d8-bef3b4ba6941,APPLIED_REGEX_RULE,traeart,Prunus sachalinensis,Prunus sargentii,latin_regex,latin synonym,NA
901699bd-c700-469e-974e-c5857d9f2eee,APPLIED_REGEX_RULE,traeart,Pyrus 'Grev Moltke',Pyrus communis 'Grev Moltke',latin_regex,insert species for cultivars,NA
f776f778-ac70-4ec0-a15d-f09d16082c90,APPLIED_REGEX_RULE,traeart,Ribes 'Jonkheer Van Tets',Ribes rubrum 'Jonkheer Van Tets',latin_regex,insert species for cultivars,NA
1d715760-dcc5-4832-8f99-4fd4aef3be66,APPLIED_REGEX_RULE,traeart,Ribes 'Jonkheer Van Tets',Ribes rubrum 'Jonkheer Van Tets',latin_regex,insert species for cultivars,NA
8d5a917c-4c78-471a-b78f-884bf8aead7d,APPLIED_REGEX_RULE,traeart,Ribes 'Jonkheer Van Tets',Ribes rubrum 'Jonkheer Van Tets',latin_regex,insert species for cultivars,NA
fdc8bf98-f016-49c5-a2cb-a645d1fef703,APPLIED_REGEX_RULE,traeart,Ribes 'Jonkheer Van Tets',Ribes rubrum 'Jonkheer Van Tets',latin_regex,insert species for cultivars,NA
1aff0e81-273c-41fd-afea-0ee5b8e3ec6e,APPLIED_REGEX_RULE,traeart,Ribes 'Jonkheer Van Tets',Ribes rubrum 'Jonkheer Van Tets',latin_regex,insert species for cultivars,NA
5a428780-ed21-43c3-a636-f7faf875d636,APPLIED_REGEX_RULE,traeart,Ribes 'Jonkheer Van Tets',Ribes rubrum 'Jonkheer Van Tets',latin_regex,insert species for cultivars,NA
f269eddd-9f82-467c-99d5-6ace9db1259e,APPLIED_REGEX_RULE,traeart,Ribes 'Jonkheer Van Tets',Ribes rubrum 'Jonkheer Van Tets',latin_regex,insert species for cultivars,NA
fc8235e8-48d3-4780-86a5-aa6d184673fd,APPLIED_REGEX_RULE,traeart,Ribes 'Rondom',Ribes rubrum 'Rondom',latin_regex,insert species for cultivars,NA
00ee55f4-5994-4326-82c6-101c882c6771,APPLIED_REGEX_RULE,traeart,Ribes 'Rondom',Ribes rubrum 'Rondom',latin_regex,insert species for cultivars,NA
05d65949-1767-4368-8cb3-157321b3ce78,APPLIED_REGEX_RULE,traeart,Ribes 'Rondom',Ribes rubrum 'Rondom',latin_regex,insert species for cultivars,NA
613dd424-3f36-40d6-b403-d42562bc799e,APPLIED_REGEX_RULE,traeart,Ribes 'Rondom',Ribes rubrum 'Rondom',latin_regex,insert species for cultivars,NA
261604cc-4a7b-4463-85c4-e38b5ee6c107,APPLIED_REGEX_RULE,traeart,Ribes 'Rondom',Ribes rubrum 'Rondom',latin_regex,insert species for cultivars,NA
4765eb7c-dfe1-4998-b165-f064554f771c,APPLIED_REGEX_RULE,traeart,Ribes 'Rondom',Ribes rubrum 'Rondom',latin_regex,insert species for cultivars,NA
642ccfec-7fdc-4d01-93f4-8908ac71bb8a,APPLIED_REGEX_RULE,traeart,Ribes 'Rondom',Ribes rubrum 'Rondom',latin_regex,insert species for cultivars,NA
b5e83481-9161-4854-8287-4a08f07b278f,APPLIED_REGEX_RULE,traeart,Ribes 'Rondom',Ribes rubrum 'Rondom',latin_regex,insert species for cultivars,NA
db76d0bd-a3c3-4652-94f4-984a14206d05,APPLIED_REGEX_RULE,traeart,Ribes 'Rondom',Ribes rubrum 'Rondom',latin_regex,insert species for cultivars,NA
5a91450c-3e69-405a-9a07-e24a370239de,APPLIED_REGEX_RULE,traeart,Ribes 'Rondom',Ribes rubrum 'Rondom',latin_regex,insert species for cultivars,NA
aaf3c895-cab5-490d-80cf-e90c9fc4b0fd,APPLIED_REGEX_RULE,traeart,Ribes 'Rondom',Ribes rubrum 'Rondom',latin_regex,insert species for cultivars,NA
511e7604-f491-40b3-99f3-36cdb19dfc5e,APPLIED_REGEX_RULE,traeart,Ribes 'Rondom',Ribes rubrum 'Rondom',latin_regex,insert species for cultivars,NA
c66365c9-f80b-4ccd-8eba-505aceefa402,APPLIED_REGEX_RULE,traeart,Ribes 'Rondom',Ribes rubrum 'Rondom',latin_regex,insert species for cultivars,NA
78a84968-f5ad-491e-9e48-36da72f80939,APPLIED_REGEX_RULE,traeart,Ribes 'Rondom',Ribes rubrum 'Rondom',latin_regex,insert species for cultivars,NA
78a3ff69-89e7-40cb-b8e5-3c07f9210b5b,APPLIED_REGEX_RULE,traeart,Ribes 'Rondom',Ribes rubrum 'Rondom',latin_regex,insert species for cultivars,NA
7408897c-fd66-47cf-8846-7173823c0548,APPLIED_REGEX_RULE,traeart,Ribes 'Rondom',Ribes rubrum 'Rondom',latin_regex,insert species for cultivars,NA
15dbd252-7a8f-42df-82a1-5bb989fc9c39,APPLIED_REGEX_RULE,traeart,Sophora japonica (Styphnolobium japonica),Styphnolobium japonica,latin_regex,latin accepted genus,NA
f60249f7-d782-41cf-a9a9-f74bb52c6020,APPLIED_REGEX_RULE,traeart,Sophora japonica (Styphnolobium japonica),Styphnolobium japonica,latin_regex,latin accepted genus,NA
1f80f08a-eab2-46a4-8cf3-3a10d4458a2b,APPLIED_REGEX_RULE,traeart,Sophora japonica (Styphnolobium japonica),Styphnolobium japonica,latin_regex,latin accepted genus,NA
53e47a0f-f89c-417f-aa3c-0c6355796bad,APPLIED_REGEX_RULE,traeart,Sophora japonica (Styphnolobium japonica),Styphnolobium japonica,latin_regex,latin accepted genus,NA
7d08367a-8ca9-4a55-829b-9ffeed9f0af4,APPLIED_REGEX_RULE,traeart,Sophora japonica (Styphnolobium japonica),Styphnolobium japonica,latin_regex,latin accepted genus,NA
3a0f3cd9-e55c-4f07-b218-1d0e3c7bf5a2,APPLIED_REGEX_RULE,traeart,Sophora japonica (Styphnolobium japonica),Styphnolobium japonica,latin_regex,latin accepted genus,NA
3e1c3c2c-6525-4f3a-986b-8dc5e33793fc,APPLIED_REGEX_RULE,traeart,Sophora japonica (Styphnolobium japonica),Styphnolobium japonica,latin_regex,latin accepted genus,NA
0b5d1dfe-059f-4f1a-aa55-87412a238afa,APPLIED_REGEX_RULE,traeart,Sophora japonica (Styphnolobium japonica),Styphnolobium japonica,latin_regex,latin accepted genus,NA
0517630b-e96d-4c70-a9c9-6261c5e1ce6d,APPLIED_REGEX_RULE,traeart,Sophora japonica (Styphnolobium japonica),Styphnolobium japonica,latin_regex,latin accepted genus,NA
aaba2991-edd3-41ad-b020-423cb00c5c8b,APPLIED_REGEX_RULE,traeart,Tilia hybr. 'Zwarte Linde',Tilia hybr. europaea 'Zwarte Linde',latin_regex,insert species for cultivars,NA
3f08b728-05fd-491d-984a-eaca51e795c9,APPLIED_REGEX_RULE,traeart,Tilia hybr. 'Zwarte Linde',Tilia hybr. europaea 'Zwarte Linde',latin_regex,insert species for cultivars,NA
8427b4a6-27ed-46cd-982e-4577b7074e17,APPLIED_REGEX_RULE,traeart,Tilia hybr. 'Zwarte Linde',Tilia hybr. europaea 'Zwarte Linde',latin_regex,insert species for cultivars,NA
2b5134b0-5fee-49df-8c68-61c34a60a608,APPLIED_REGEX_RULE,traeart,Tilia hybr. 'Zwarte Linde',Tilia hybr. europaea 'Zwarte Linde',latin_regex,insert species for cultivars,NA
02b3848c-9cf6-4520-9928-53099142cc53,APPLIED_REGEX_RULE,traeart,Tilia hybr. 'Zwarte Linde',Tilia hybr. europaea 'Zwarte Linde',latin_regex,insert species for cultivars,NA
1aac3743-7b3a-48e2-8111-3911e7fbc93a,APPLIED_REGEX_RULE,traeart,Tilia hybr. 'Zwarte Linde',Tilia hybr. europaea 'Zwarte Linde',latin_regex,insert species for cultivars,NA
57207fee-159d-48a3-9fc9-171371c89a33,APPLIED_REGEX_RULE,traeart,Tilia hybr. 'Zwarte Linde',Tilia hybr. europaea 'Zwarte Linde',latin_regex,insert species for cultivars,NA
bffd975e-6c81-4e7d-9520-c48b0d5279f7,APPLIED_REGEX_RULE,traeart,Tilia hybr. 'Zwarte Linde',Tilia hybr. europaea 'Zwarte Linde',latin_regex,insert species for cultivars,NA
ae0c3aba-9dd0-4f58-9d64-0c81f2f31cba,APPLIED_REGEX_RULE,traeart,Tilia hybr. 'Zwarte Linde',Tilia hybr. europaea 'Zwarte Linde',latin_regex,insert species for cultivars,NA
1d2fc2c8-5bd8-4329-a57f-4666f71f289a,APPLIED_REGEX_RULE,traeart,Tilia hybr. 'Zwarte Linde',Tilia hybr. europaea 'Zwarte Linde',latin_regex,insert species for cultivars,NA
2f0c2999-c4b7-42a8-8c97-cdd50f0f259f,APPLIED_REGEX_RULE,traeart,Tilia hybr. 'Zwarte Linde',Tilia hybr. europaea 'Zwarte Linde',latin_regex,insert species for cultivars,NA
c1e86b51-1597-4877-a2b1-a986fdd88d76,APPLIED_REGEX_RULE,traeart,Tilia hybr. 'Zwarte Linde',Tilia hybr. europaea 'Zwarte Linde',latin_regex,insert species for cultivars,NA
8dc8cda5-578e-4c28-9b70-e0aebff3a455,APPLIED_REGEX_RULE,traeart,Tilia hybr. 'Zwarte Linde',Tilia hybr. europaea 'Zwarte Linde',latin_regex,insert species for cultivars,NA
204c92eb-5d20-46dd-bf6d-6977c7a9daf8,APPLIED_REGEX_RULE,traeart,Tilia hybr. 'Zwarte Linde',Tilia hybr. europaea 'Zwarte Linde',latin_regex,insert species for cultivars,NA
bc9fac4a-a4ff-4a70-a41d-9deb6113b50f,APPLIED_REGEX_RULE,traeart,Tilia hybr. 'Zwarte Linde',Tilia hybr. europaea 'Zwarte Linde',latin_regex,insert species for cultivars,NA
47e9ac59-5f4c-4bb4-9da4-f2c09d56f78f,APPLIED_REGEX_RULE,traeart,Malus floribunda,Malus hybr. floribunda,latin_regex_malus,add hybrid marker,NA
a2cfe43d-8d95-4a0e-8e8f-e3b49bf43a23,APPLIED_REGEX_RULE,traeart,Malus floribunda,Malus hybr. floribunda,latin_regex_malus,add hybrid marker,NA
4d8d576d-531e-4321-880f-6dccdc50a20b,APPLIED_REGEX_RULE,traeart,Malus floribunda,Malus hybr. floribunda,latin_regex_malus,add hybrid marker,NA
95dbdb93-db16-46a2-bdfe-35bd8b0bd62e,APPLIED_REGEX_RULE,traeart,Malus floribunda,Malus hybr. floribunda,latin_regex_malus,add hybrid marker,NA
737f13e6-aa91-4729-8543-f565643c18b8,APPLIED_REGEX_RULE,traeart,Malus floribunda,Malus hybr. floribunda,latin_regex_malus,add hybrid marker,NA
aec427e0-6f04-4a1c-8b85-4ca58497efac,APPLIED_REGEX_RULE,traeart,Malus floribunda,Malus hybr. floribunda,latin_regex_malus,add hybrid marker,NA
7a7682f5-3081-4484-be24-4c6d199cf6cd,APPLIED_REGEX_RULE,traeart,Malus floribunda,Malus hybr. floribunda,latin_regex_malus,add hybrid marker,NA
6bbf5b05-9eb5-422f-894d-3da310ce49db,APPLIED_REGEX_RULE,traeart,Malus floribunda,Malus hybr. floribunda,latin_regex_malus,add hybrid marker,NA
43b8e580-215d-4d5f-a428-a2c3dac2cfff,APPLIED_REGEX_RULE,traeart,Malus floribunda,Malus hybr. floribunda,latin_regex_malus,add hybrid marker,NA
04e985cf-2438-4be0-910d-8a7225f81907,APPLIED_REGEX_RULE,traeart,Malus floribunda,Malus hybr. floribunda,latin_regex_malus,add hybrid marker,NA
fc1e8bdd-c6a4-4dc9-b9b5-6fcb1788e9fb,APPLIED_REGEX_RULE,traeart,Malus floribunda,Malus hybr. floribunda,latin_regex_malus,add hybrid marker,NA
8131f04d-52f9-4a83-8018-cbcc7f9857da,APPLIED_REGEX_RULE,traeart,Malus floribunda,Malus hybr. floribunda,latin_regex_malus,add hybrid marker,NA
447c899f-4a7a-4ac8-b9e8-0586a56a0c09,APPLIED_REGEX_RULE,traeart,Malus floribunda,Malus hybr. floribunda,latin_regex_malus,add hybrid marker,NA
d29963a9-e76a-49a6-bdb0-abf59c0b5115,APPLIED_REGEX_RULE,traeart,Malus floribunda,Malus hybr. floribunda,latin_regex_malus,add hybrid marker,NA
8fb4b64e-2ec5-4a5c-9bd8-69c3c4fafabd,APPLIED_REGEX_RULE,traeart,Malus floribunda,Malus hybr. floribunda,latin_regex_malus,add hybrid marker,NA
e00c75ad-8890-4d8b-a004-50c4d79d1b1e,APPLIED_REGEX_RULE,traeart,Malus floribunda,Malus hybr. floribunda,latin_regex_malus,add hybrid marker,NA
79004ae8-b280-436d-bbcc-789895a85ca2,APPLIED_REGEX_RULE,traeart,Malus floribunda,Malus hybr. floribunda,latin_regex_malus,add hybrid marker,NA
27ffce99-2847-475b-8b4c-3e3ba5e95350,APPLIED_REGEX_RULE,traeart,Malus floribunda,Malus hybr. floribunda,latin_regex_malus,add hybrid marker,NA
88ae625c-e8ae-4832-b3b1-1af65fad13df,APPLIED_REGEX_RULE,traeart,Malus floribunda,Malus hybr. floribunda,latin_regex_malus,add hybrid marker,NA
8e6d3cce-747b-4e6e-8e35-733fb707a476,APPLIED_REGEX_RULE,traeart,Malus floribunda,Malus hybr. floribunda,latin_regex_malus,add hybrid marker,NA
ae03c07a-7f20-4b9a-b632-08e2c1f6441f,APPLIED_REGEX_RULE,traeart,Malus floribunda,Malus hybr. floribunda,latin_regex_malus,add hybrid marker,NA
d7fb8ee7-0c62-44ef-a6b4-1c066cbca46a,APPLIED_REGEX_RULE,traeart,Malus floribunda,Malus hybr. floribunda,latin_regex_malus,add hybrid marker,NA
118034a7-7986-420b-9f5f-0719127e34af,APPLIED_REGEX_RULE,traeart,Malus floribunda,Malus hybr. floribunda,latin_regex_malus,add hybrid marker,NA
d493e4d1-12db-4f08-b093-4f6db4b92830,APPLIED_REGEX_RULE,traeart,Malus floribunda,Malus hybr. floribunda,latin_regex_malus,add hybrid marker,NA
84022f65-e7a0-40ca-9462-5f63b6c8494f,APPLIED_REGEX_RULE,traeart,Malus floribunda,Malus hybr. floribunda,latin_regex_malus,add hybrid marker,NA
4957cb61-d4af-454a-8a56-297c3b6921d0,APPLIED_REGEX_RULE,traeart,Malus floribunda,Malus hybr. floribunda,latin_regex_malus,add hybrid marker,NA
6bc0339a-b72b-4ffb-b992-b5a2f07fd2fa,APPLIED_REGEX_RULE,traeart,Malus floribunda,Malus hybr. floribunda,latin_regex_malus,add hybrid marker,NA
2ccbfe32-2991-4841-9246-6d4cc870eea5,APPLIED_REGEX_RULE,traeart,Malus floribunda,Malus hybr. floribunda,latin_regex_malus,add hybrid marker,NA
eb6a5dc7-8008-4ec7-bae3-3d74a548431f,APPLIED_REGEX_RULE,traeart,Malus floribunda,Malus hybr. floribunda,latin_regex_malus,add hybrid marker,NA
c29a6f09-0566-4de9-b259-b2841a719453,APPLIED_REGEX_RULE,traeart,Malus floribunda,Malus hybr. floribunda,latin_regex_malus,add hybrid marker,NA
780f34d8-5cd5-4275-bc56-1ee4de05f80c,APPLIED_REGEX_RULE,traeart,Malus floribunda,Malus hybr. floribunda,latin_regex_malus,add hybrid marker,NA
f2447442-867b-4a4a-9d04-09a122914197,APPLIED_REGEX_RULE,traeart,Malus floribunda,Malus hybr. floribunda,latin_regex_malus,add hybrid marker,NA
c98a1d28-3edc-4e6b-bdd8-05910227b6e1,APPLIED_REGEX_RULE,traeart,Malus floribunda,Malus hybr. floribunda,latin_regex_malus,add hybrid marker,NA
4059a673-1a35-4671-aa31-b00f29482ff0,APPLIED_REGEX_RULE,traeart,Malus floribunda,Malus hybr. floribunda,latin_regex_malus,add hybrid marker,NA
d2648a35-615b-4da0-8594-2ade6077e71d,APPLIED_REGEX_RULE,traeart,Malus floribunda,Malus hybr. floribunda,latin_regex_malus,add hybrid marker,NA
35e1a708-a3ac-47a1-93ac-abdbe45826f7,APPLIED_REGEX_RULE,traeart,Malus floribunda,Malus hybr. floribunda,latin_regex_malus,add hybrid marker,NA
78a4268f-a8d7-45a2-960a-aae9810e856a,APPLIED_REGEX_RULE,traeart,Malus floribunda,Malus hybr. floribunda,latin_regex_malus,add hybrid marker,NA
95337763-e777-46d4-8bc9-0a383972eb52,APPLIED_REGEX_RULE,traeart,Malus floribunda,Malus hybr. floribunda,latin_regex_malus,add hybrid marker,NA
63a7f7a1-fbe6-4558-849f-5f9fa68efb19,APPLIED_REGEX_RULE,traeart,Malus floribunda,Malus hybr. floribunda,latin_regex_malus,add hybrid marker,NA
2f9caf99-c32c-47fa-bbe4-cb87412abbf1,APPLIED_REGEX_RULE,traeart,Malus floribunda,Malus hybr. floribunda,latin_regex_malus,add hybrid marker,NA
04622e3a-5baf-4649-a742-149a54550ffd,APPLIED_REGEX_RULE,traeart,Malus floribunda,Malus hybr. floribunda,latin_regex_malus,add hybrid marker,NA
489c7bcd-1e95-411c-9800-0b363b582b52,APPLIED_REGEX_RULE,traeart,Malus floribunda,Malus hybr. floribunda,latin_regex_malus,add hybrid marker,NA
122b78e9-b9ea-442c-a1d6-62480be36162,APPLIED_REGEX_RULE,traeart,Malus floribunda,Malus hybr. floribunda,latin_regex_malus,add hybrid marker,NA
8441c4ad-c661-45a5-9f4b-61ed651eb71d,APPLIED_REGEX_RULE,traeart,Malus floribunda,Malus hybr. floribunda,latin_regex_malus,add hybrid marker,NA
d252b680-da54-469c-a93a-be4a409b4f7a,APPLIED_REGEX_RULE,traeart,Malus floribunda,Malus hybr. floribunda,latin_regex_malus,add hybrid marker,NA
d0d3ca34-75ba-46d2-89c3-f4734037de16,APPLIED_REGEX_RULE,traeart,Malus floribunda,Malus hybr. floribunda,latin_regex_malus,add hybrid marker,NA
eb16e5b4-b7c3-4d78-bf0a-a3fdb05270e6,APPLIED_REGEX_RULE,traeart,Malus floribunda,Malus hybr. floribunda,latin_regex_malus,add hybrid marker,NA
cd72d0bd-7a37-4cec-9f6b-d5fca61391e5,APPLIED_REGEX_RULE,traeart,Malus floribunda,Malus hybr. floribunda,latin_regex_malus,add hybrid marker,NA
ad255fa1-a237-44ad-aede-4897a1a11db3,APPLIED_REGEX_RULE,traeart,Malus floribunda,Malus hybr. floribunda,latin_regex_malus,add hybrid marker,NA
6d6e6d34-fecd-4cb5-84e3-3f8682668c8a,APPLIED_REGEX_RULE,traeart,Malus floribunda,Malus hybr. floribunda,latin_regex_malus,add hybrid marker,NA
1cb15d67-d92c-41e0-a2de-9a7c013fefd6,APPLIED_REGEX_RULE,traeart,Malus floribunda,Malus hybr. floribunda,latin_regex_malus,add hybrid marker,NA
37beb4e2-eded-40a6-bc8b-5ac6ef5ef8cf,APPLIED_REGEX_RULE,traeart,Malus sieboldii  'Browers beauty',Malus sieboldii 'Brouwers beauty',latin_regex_malus,cultivar spelling fix,NA
c9bbd743-8151-4668-9cb7-89c67767524a,APPLIED_REGEX_RULE,traeart,Malus sieboldii  'Browers beauty',Malus sieboldii 'Brouwers beauty',latin_regex_malus,cultivar spelling fix,NA
bc42e8c5-53a0-4524-ad63-ea06386a1f14,APPLIED_REGEX_RULE,traeart,Malus sieboldii  'Browers beauty',Malus sieboldii 'Brouwers beauty',latin_regex_malus,cultivar spelling fix,NA
89626658-426c-4c8a-acab-b1513d93d553,APPLIED_REGEX_RULE,traeart,Malus hybr. 'Akso',Malus baccata 'Akso',latin_regex_malus,fix species name,NA
52a59c9b-2258-4298-a77d-22d64d067127,APPLIED_REGEX_RULE,traeart,Malus hybr. 'Akso',Malus baccata 'Akso',latin_regex_malus,fix species name,NA
dd81305e-797a-41a7-9828-ad4844f16444,APPLIED_REGEX_RULE,traeart,Malus hybr. 'Akso',Malus baccata 'Akso',latin_regex_malus,fix species name,NA
d3f4c40b-34bf-45b3-9b27-e012a793ccdc,APPLIED_REGEX_RULE,traeart,Malus hybr. 'Akso',Malus baccata 'Akso',latin_regex_malus,fix species name,NA
8b50861e-e4ff-4622-afcb-a3a6bde42143,APPLIED_REGEX_RULE,traeart,Malus hybr. 'Akso',Malus baccata 'Akso',latin_regex_malus,fix species name,NA
8e231399-59b8-46bd-8f9f-0760de7353e3,APPLIED_REGEX_RULE,traeart,Malus hybr. 'Akso',Malus baccata 'Akso',latin_regex_malus,fix species name,NA
50b2b645-a2ec-421b-aaae-739225923ce0,APPLIED_REGEX_RULE,traeart,Malus hybr. 'Akso',Malus baccata 'Akso',latin_regex_malus,fix species name,NA
89188b86-0f09-4a60-8f8b-633bec190292,APPLIED_REGEX_RULE,traeart,Malus hybr. 'Akso',Malus baccata 'Akso',latin_regex_malus,fix species name,NA
bb053253-148f-4a9a-89cc-7c4fa4e93173,APPLIED_REGEX_RULE,traeart,Malus hybr. 'Akso',Malus baccata 'Akso',latin_regex_malus,fix species name,NA
d4384d6a-e082-41de-9014-99a0310537bd,APPLIED_REGEX_RULE,traeart,Malus hybr. 'Akso',Malus baccata 'Akso',latin_regex_malus,fix species name,NA
ee4d6538-0358-49a9-a4ba-738ac3335ff4,APPLIED_REGEX_RULE,traeart,Malus hybr. 'Akso',Malus baccata 'Akso',latin_regex_malus,fix species name,NA
8509b442-f2e7-4b65-bb41-ae96110c6078,APPLIED_REGEX_RULE,traeart,Malus hybr. 'Akso',Malus baccata 'Akso',latin_regex_malus,fix species name,NA
962f2fc6-7db1-4d36-b2a3-c67072af48d7,APPLIED_REGEX_RULE,traeart,Malus hybr. 'Akso',Malus baccata 'Akso',latin_regex_malus,fix species name,NA
13e77c16-7bc7-4d41-9263-09a197346b61,APPLIED_REGEX_RULE,traeart,Malus hybr. 'Akso',Malus baccata 'Akso',latin_regex_malus,fix species name,NA
9b74a88b-13d3-4d72-9718-760e3b4564e9,APPLIED_REGEX_RULE,traeart,Malus hybr. 'Akso',Malus baccata 'Akso',latin_regex_malus,fix species name,NA
1db5aaa6-5f6c-450f-b49b-5f521fa12614,APPLIED_REGEX_RULE,traeart,Malus hybr. 'Akso',Malus baccata 'Akso',latin_regex_malus,fix species name,NA
43f88dc6-a6ec-4f16-ad16-9237261fc495,APPLIED_REGEX_RULE,traeart,Malus hybr. 'Akso',Malus baccata 'Akso',latin_regex_malus,fix species name,NA
4580b186-505a-4d00-b471-cf5ff1d92251,APPLIED_REGEX_RULE,traeart,Malus hybr. 'Akso',Malus baccata 'Akso',latin_regex_malus,fix species name,NA
a53e6553-a2ec-4b23-ba9a-7eccaf07cc99,APPLIED_REGEX_RULE,traeart,Malus hybr. 'Akso',Malus baccata 'Akso',latin_regex_malus,fix species name,NA
91de8dd6-a35c-421a-bd73-89752923c8f2,APPLIED_REGEX_RULE,traeart,Malus hybr. 'Akso',Malus baccata 'Akso',latin_regex_malus,fix species name,NA
58a4dfc7-0488-4aef-8f09-655802515450,APPLIED_REGEX_RULE,traeart,Malus hybr. 'Akso',Malus baccata 'Akso',latin_regex_malus,fix species name,NA
54ec9580-ddd8-4fbe-86f6-cc2f4e554bcc,APPLIED_REGEX_RULE,traeart,Malus hybr. 'Akso',Malus baccata 'Akso',latin_regex_malus,fix species name,NA
d17d9abf-c21d-4c2b-a166-86343ae323d3,APPLIED_REGEX_RULE,traeart,Malus hybr. 'James Greive',Malus domestica 'James Grieve',latin_regex_malus,fix species name,NA
d272fae5-c392-42ee-9513-aa411b242ad0,APPLIED_REGEX_RULE,traeart,Malus hybr. 'James Greive',Malus domestica 'James Grieve',latin_regex_malus,fix species name,NA
9d458178-5cac-43e6-aa78-bb356d3af905,APPLIED_REGEX_RULE,traeart,Malus hybr. 'James Greive',Malus domestica 'James Grieve',latin_regex_malus,fix species name,NA
93f91128-d64f-49c9-b3b8-7ae279710ee3,APPLIED_REGEX_RULE,traeart,Malus hybr. 'James Greive',Malus domestica 'James Grieve',latin_regex_malus,fix species name,NA
b946f6a8-5dd1-4e87-a736-b65687d2232f,APPLIED_REGEX_RULE,traeart,Malus hybr. 'James Greive',Malus domestica 'James Grieve',latin_regex_malus,fix species name,NA
1b6861a3-d1e2-47ed-a33a-a4ebd97d2ef8,APPLIED_REGEX_RULE,traeart,Malus hybr. 'James Greive',Malus domestica 'James Grieve',latin_regex_malus,fix species name,NA
ebebb4e8-cf3a-472c-993f-39399d841d03,APPLIED_REGEX_RULE,traeart,Malus hybr. 'James Greive',Malus domestica 'James Grieve',latin_regex_malus,fix species name,NA
78ccb0d2-be1d-46e2-a7cd-2a78de12523f,APPLIED_REGEX_RULE,traeart,Malus hybr. 'Robusta',Malus hybr. robusta,latin_regex_malus,cultivar to species,NA
a073908c-a2a2-4fd3-8457-f52523debb67,APPLIED_REGEX_RULE,traeart,Malus hybr. 'Street Parade',Malus baccata 'Street Parade',latin_regex_malus,fix species name,NA
ee569f71-24ad-400c-a7f0-8af83bb73430,APPLIED_REGEX_RULE,traeart,Malus hybr. 'Street Parade',Malus baccata 'Street Parade',latin_regex_malus,fix species name,NA
48d6d54e-d08b-41ae-bc21-099a95def54c,APPLIED_REGEX_RULE,traeart,Malus hybr. 'Street Parade',Malus baccata 'Street Parade',latin_regex_malus,fix species name,NA
07793a2c-86e0-468b-bc45-2317b4a1bcfe,APPLIED_REGEX_RULE,traeart,Malus hybr. 'Street Parade',Malus baccata 'Street Parade',latin_regex_malus,fix species name,NA
f4b16202-c1ca-4251-8c2b-ad4f1b38aaa4,APPLIED_REGEX_RULE,traeart,Malus hybr. 'Street Parade',Malus baccata 'Street Parade',latin_regex_malus,fix species name,NA
b1d0e906-dc3a-4625-a461-f483a1195f46,APPLIED_REGEX_RULE,traeart,Malus hybr. 'Street Parade',Malus baccata 'Street Parade',latin_regex_malus,fix species name,NA
c1c0c6de-c869-488c-ae70-9a73d237b6f9,APPLIED_REGEX_RULE,traeart,Malus hybr. 'Street Parade',Malus baccata 'Street Parade',latin_regex_malus,fix species name,NA
85378061-7fd0-4a57-91bd-213436c2095a,APPLIED_REGEX_RULE,traeart,Malus hybr. 'Street Parade',Malus baccata 'Street Parade',latin_regex_malus,fix species name,NA
4c24d763-c64f-460e-94a3-13ef43c482b7,APPLIED_REGEX_RULE,traeart,Malus hybr. 'Street Parade',Malus baccata 'Street Parade',latin_regex_malus,fix species name,NA
0e619aed-4512-4328-9599-b053335affef,APPLIED_REGEX_RULE,traeart,Malus hybr. 'Street Parade',Malus baccata 'Street Parade',latin_regex_malus,fix species name,NA
4a59f57e-19c5-469f-b9d0-ea1b8961a123,APPLIED_REGEX_RULE,traeart,Malus hybr. 'Street Parade',Malus baccata 'Street Parade',latin_regex_malus,fix species name,NA
53643969-b4b8-496d-ba26-cbcefe35709c,APPLIED_REGEX_RULE,traeart,Malus hybr. 'Street Parade',Malus baccata 'Street Parade',latin_regex_malus,fix species name,NA
c41f7b3b-51b1-4030-b5d3-0e8c8152cb10,APPLIED_REGEX_RULE,traeart,Malus hybr. 'Street Parade',Malus baccata 'Street Parade',latin_regex_malus,fix species name,NA
db042e24-b7f1-4be3-8bf7-28156eab352b,APPLIED_REGEX_RULE,traeart,Malus hybr. 'Street Parade',Malus baccata 'Street Parade',latin_regex_malus,fix species name,NA
ea88ebf5-401e-47a5-8c40-8f7bced2b397,APPLIED_REGEX_RULE,traeart,Malus hybr. 'Street Parade',Malus baccata 'Street Parade',latin_regex_malus,fix species name,NA
4e167c57-cdf2-450a-8e17-aaa9deac1cdf,APPLIED_REGEX_RULE,traeart,Malus hybr. 'Street Parade',Malus baccata 'Street Parade',latin_regex_malus,fix species name,NA
929de222-8daf-4858-ae33-14324b375c9d,APPLIED_REGEX_RULE,traeart,Malus hybr. 'Street Parade',Malus baccata 'Street Parade',latin_regex_malus,fix species name,NA
5fb3aacb-c8ea-46d7-b45b-3136911c3d8f,APPLIED_REGEX_RULE,traeart,Malus hybr. 'Street Parade',Malus baccata 'Street Parade',latin_regex_malus,fix species name,NA
bdf27cde-7ee2-4a2e-8eb4-29f902d9fd97,APPLIED_REGEX_RULE,traeart,Malus hybr. 'Street Parade',Malus baccata 'Street Parade',latin_regex_malus,fix species name,NA
8b1adde2-513f-49e4-bfa9-bc1cd63ec6e7,APPLIED_REGEX_RULE,traeart,Malus hybr. 'Street Parade',Malus baccata 'Street Parade',latin_regex_malus,fix species name,NA
75b37619-0b44-4a32-b507-3ef3f5e82894,APPLIED_REGEX_RULE,traeart,Malus hybr. 'Street Parade',Malus baccata 'Street Parade',latin_regex_malus,fix species name,NA
7467e947-4b55-4f88-bb2a-e0e2b16a089c,APPLIED_REGEX_RULE,traeart,Malus hybr. 'Street Parade',Malus baccata 'Street Parade',latin_regex_malus,fix species name,NA
97577172-cf62-4f27-b5aa-12f67e75fd15,APPLIED_REGEX_RULE,traeart,Malus hybr. 'Street Parade',Malus baccata 'Street Parade',latin_regex_malus,fix species name,NA
6ca3dbb1-1510-410d-8851-a8cd1ddd3be5,APPLIED_REGEX_RULE,traeart,Malus hybr. 'Street Parade',Malus baccata 'Street Parade',latin_regex_malus,fix species name,NA
160ee35d-c018-4fd4-b8e2-1ae72006eb09,APPLIED_REGEX_RULE,traeart,Malus hybr. 'Street Parade',Malus baccata 'Street Parade',latin_regex_malus,fix species name,NA
a916e85c-e58d-4ad8-b032-ce7565022e6b,APPLIED_REGEX_RULE,traeart,Malus hybr. 'Street Parade',Malus baccata 'Street Parade',latin_regex_malus,fix species name,NA
393d4db2-0211-45a3-a12d-444dc8de6a07,APPLIED_REGEX_RULE,traeart,Malus hybr. 'Street Parade',Malus baccata 'Street Parade',latin_regex_malus,fix species name,NA
96d7af5b-bbee-4fcb-beb2-cf294bd29d5d,APPLIED_REGEX_RULE,traeart,Malus hybr. 'Street Parade',Malus baccata 'Street Parade',latin_regex_malus,fix species name,NA
c339f8c7-4ec4-46b4-82de-e075cd21ef63,APPLIED_REGEX_RULE,traeart,Malus hybr. 'Street Parade',Malus baccata 'Street Parade',latin_regex_malus,fix species name,NA
2fd187aa-3e38-4874-834b-03cffe670402,APPLIED_REGEX_RULE,traeart,Malus hybr. 'Street Parade',Malus baccata 'Street Parade',latin_regex_malus,fix species name,NA
bb1e3998-bc18-42c0-8bcd-73dbd1c57a0d,APPLIED_REGEX_RULE,traeart,Malus hybr. 'Street Parade',Malus baccata 'Street Parade',latin_regex_malus,fix species name,NA
0095fabd-5636-4cc6-8171-a62adc1bfbc6,APPLIED_REGEX_RULE,traeart,Malus hybr. 'Street Parade',Malus baccata 'Street Parade',latin_regex_malus,fix species name,NA
fe7269ea-b30a-4a48-abec-33168f5ff77e,APPLIED_REGEX_RULE,traeart,Malus hybr. 'Street Parade',Malus baccata 'Street Parade',latin_regex_malus,fix species name,NA
8914dd30-2cdb-4565-bcc0-381e25140329,APPLIED_REGEX_RULE,traeart,Malus hybr. 'Street Parade',Malus baccata 'Street Parade',latin_regex_malus,fix species name,NA
d65d47d0-b865-4484-b140-2ecba81de59d,APPLIED_REGEX_RULE,traeart,Malus hybr. 'Street Parade',Malus baccata 'Street Parade',latin_regex_malus,fix species name,NA
e003d6f0-befb-49a0-b936-8051fc622091,APPLIED_REGEX_RULE,traeart,Malus hybr. 'Street Parade',Malus baccata 'Street Parade',latin_regex_malus,fix species name,NA
ca2f2a9c-8d0e-4637-9168-29da1ef43160,APPLIED_REGEX_RULE,traeart,Malus hybr. 'Street Parade',Malus baccata 'Street Parade',latin_regex_malus,fix species name,NA
085f9a46-d2c9-4ca2-aa81-6a578377d5e6,APPLIED_REGEX_RULE,traeart,Malus hybr. 'Street Parade',Malus baccata 'Street Parade',latin_regex_malus,fix species name,NA
33c5ce9b-6db0-495b-a421-b461ff3e066e,APPLIED_REGEX_RULE,traeart,Malus hybr. 'Street Parade',Malus baccata 'Street Parade',latin_regex_malus,fix species name,NA
828502c3-c92f-4357-9332-48c7bf159d28,APPLIED_REGEX_RULE,traeart,Malus hybr. 'Street Parade',Malus baccata 'Street Parade',latin_regex_malus,fix species name,NA
c7d6224a-09f2-421c-9b2f-43d87d262431,APPLIED_REGEX_RULE,traeart,Malus hybr. 'Street Parade',Malus baccata 'Street Parade',latin_regex_malus,fix species name,NA
1fef8107-5f92-4522-a031-75a0d4d2a694,APPLIED_REGEX_RULE,traeart,Malus hybr. 'Street Parade',Malus baccata 'Street Parade',latin_regex_malus,fix species name,NA
d31282e9-e468-4225-ab1c-d829bec11e94,APPLIED_REGEX_RULE,traeart,Malus hybr. 'Street Parade',Malus baccata 'Street Parade',latin_regex_malus,fix species name,NA
b94737dd-404c-4594-a686-f3d8d8703cb5,APPLIED_REGEX_RULE,traeart,Malus hybr. 'Street Parade',Malus baccata 'Street Parade',latin_regex_malus,fix species name,NA
90400eb9-7c42-4421-8de7-de4822489ab5,APPLIED_REGEX_RULE,traeart,Malus hybr. 'Street Parade',Malus baccata 'Street Parade',latin_regex_malus,fix species name,NA
139e1876-6cd7-4b13-a9da-2319eee9e33f,APPLIED_REGEX_RULE,traeart,Malus hybr. 'Street Parade',Malus baccata 'Street Parade',latin_regex_malus,fix species name,NA
ae906e7d-34d9-4243-8586-01268ef34219,APPLIED_REGEX_RULE,traeart,Malus hybr. 'Street Parade',Malus baccata 'Street Parade',latin_regex_malus,fix species name,NA
d59de546-9535-4a43-a04f-c4422bd22906,APPLIED_REGEX_RULE,traeart,Malus hybr. 'Street Parade',Malus baccata 'Street Parade',latin_regex_malus,fix species name,NA
68828f53-aaaa-4902-ae10-7bae66f7e07a,APPLIED_REGEX_RULE,traeart,Malus hybr. 'Street Parade',Malus baccata 'Street Parade',latin_regex_malus,fix species name,NA
dc7a9e00-1baa-4be2-b7ba-6a1eaf19eeae,APPLIED_REGEX_RULE,traeart,Malus hybr. 'Street Parade',Malus baccata 'Street Parade',latin_regex_malus,fix species name,NA
d7c89d70-d1e5-47e9-b6f1-e165c7842727,APPLIED_REGEX_RULE,traeart,Malus hybr. 'Street Parade',Malus baccata 'Street Parade',latin_regex_malus,fix species name,NA
e3f52e67-2845-40d9-ac75-6c29fb13f584,APPLIED_REGEX_RULE,traeart,Malus hybr. 'Street Parade',Malus baccata 'Street Parade',latin_regex_malus,fix species name,NA
8bf87211-412f-489d-a72d-657157da98be,APPLIED_REGEX_RULE,traeart,Malus hybr. 'Street Parade',Malus baccata 'Street Parade',latin_regex_malus,fix species name,NA
50324de7-a2c1-4561-a5e3-557502d978ad,APPLIED_REGEX_RULE,traeart,Malus hybr. 'Street Parade',Malus baccata 'Street Parade',latin_regex_malus,fix species name,NA
27685d22-69da-4f21-8a40-df7998519818,APPLIED_REGEX_RULE,traeart,Malus hybr. 'Street Parade',Malus baccata 'Street Parade',latin_regex_malus,fix species name,NA
fd0096dd-9ef4-44dd-8913-dc5387ddb954,APPLIED_REGEX_RULE,traeart,Malus hybr. 'Street Parade',Malus baccata 'Street Parade',latin_regex_malus,fix species name,NA
aed3f3a0-d0b6-43f1-b628-b7e690cee21e,APPLIED_REGEX_RULE,traeart,Malus hybr. 'Street Parade',Malus baccata 'Street Parade',latin_regex_malus,fix species name,NA
e6c8cbfe-8d8b-400f-9020-947f42b18687,APPLIED_REGEX_RULE,traeart,Malus hybr. 'Street Parade',Malus baccata 'Street Parade',latin_regex_malus,fix species name,NA
cd4e71bf-d10a-4d67-a0ae-545791c57f5b,APPLIED_REGEX_RULE,traeart,Malus hybr. 'Street Parade',Malus baccata 'Street Parade',latin_regex_malus,fix species name,NA
67ceb76d-5b0a-4c85-8a0f-515ad2ca46b8,APPLIED_REGEX_RULE,traeart,Malus hybr. 'Street Parade',Malus baccata 'Street Parade',latin_regex_malus,fix species name,NA
c805d350-c979-4a38-a2c0-16fbecffb9bc,APPLIED_REGEX_RULE,traeart,Malus hybr. 'Street Parade',Malus baccata 'Street Parade',latin_regex_malus,fix species name,NA
5ead9fe5-5bee-4ead-a702-fb9f97694b34,APPLIED_REGEX_RULE,traeart,Malus hybr. 'Street Parade',Malus baccata 'Street Parade',latin_regex_malus,fix species name,NA
79fb6e57-4105-45a5-bcd9-082696437670,APPLIED_REGEX_RULE,traeart,Malus hybr. 'Street Parade',Malus baccata 'Street Parade',latin_regex_malus,fix species name,NA
ce2d00d0-02d9-444b-8e0c-a76decb706f1,APPLIED_REGEX_RULE,traeart,Malus hybr. 'Street Parade',Malus baccata 'Street Parade',latin_regex_malus,fix species name,NA
511385da-7a15-47f0-b8f3-0aad7abeae69,APPLIED_REGEX_RULE,traeart,Malus hybr. 'Street Parade',Malus baccata 'Street Parade',latin_regex_malus,fix species name,NA
c02ed299-c508-4036-b42b-0b8341a51b6c,APPLIED_REGEX_RULE,traeart,Malus hybr. 'Street Parade',Malus baccata 'Street Parade',latin_regex_malus,fix species name,NA
b1ef570e-8237-412e-a3e2-1baed3a51af4,APPLIED_REGEX_RULE,traeart,Malus hybr. 'Street Parade',Malus baccata 'Street Parade',latin_regex_malus,fix species name,NA
9e8a00d3-0485-4105-9a4b-f2ef71168b62,APPLIED_REGEX_RULE,traeart,Malus hybr. 'Street Parade',Malus baccata 'Street Parade',latin_regex_malus,fix species name,NA
0f3a58f6-c74f-49e1-9a3a-ad44600cc9c0,APPLIED_REGEX_RULE,traeart,Malus hybr. 'Street Parade',Malus baccata 'Street Parade',latin_regex_malus,fix species name,NA
7d1bf1fd-67aa-4e09-8327-63bf175c6610,APPLIED_REGEX_RULE,traeart,Malus hybr. 'Street Parade',Malus baccata 'Street Parade',latin_regex_malus,fix species name,NA
48d78546-0a04-47d4-9610-dfdc46cba627,APPLIED_REGEX_RULE,traeart,Malus hybr. 'Street Parade',Malus baccata 'Street Parade',latin_regex_malus,fix species name,NA
afcf3ec0-6ee9-4f20-b89d-033204718376,APPLIED_REGEX_RULE,traeart,Malus 'Alice Balsgaard',Malus domestica 'Alice Balsgaard',latin_regex_malus,insert species for cultivars,NA
1c581bcd-55ba-4833-98c7-e4765ba84395,APPLIED_REGEX_RULE,traeart,Malus 'Alice Balsgaard',Malus domestica 'Alice Balsgaard',latin_regex_malus,insert species for cultivars,NA
dd0ccdde-6691-48dd-bf68-10736880f318,APPLIED_REGEX_RULE,traeart,Malus 'Angold',Malus domestica 'Angold',latin_regex_malus,insert species for cultivars,NA
2046af2c-f984-46a2-867a-d8c2127ed053,APPLIED_REGEX_RULE,traeart,Malus 'Angold',Malus domestica 'Angold',latin_regex_malus,insert species for cultivars,NA
3c8be768-3e0e-42b5-8f31-3c2d56c6be2e,APPLIED_REGEX_RULE,traeart,Malus 'Bramley's Seedling',Malus domestica 'Bramley's Seedling',latin_regex_malus,insert species for cultivars,NA
bcfb804b-3ee8-49c2-874a-38ccb7488387,APPLIED_REGEX_RULE,traeart,Malus 'Bramley's Seedling',Malus domestica 'Bramley's Seedling',latin_regex_malus,insert species for cultivars,NA
53cbf2e6-7611-4b11-913f-de399a244520,APPLIED_REGEX_RULE,traeart,Malus 'Bramley's Seedling',Malus domestica 'Bramley's Seedling',latin_regex_malus,insert species for cultivars,NA
4602e4ad-a330-4862-8157-615cf678232e,APPLIED_REGEX_RULE,traeart,Malus 'Cox Orange',Malus domestica 'Cox Orange',latin_regex_malus,insert species for cultivars,NA
2736ee14-1bdc-42be-b425-1f64c124f2e6,APPLIED_REGEX_RULE,traeart,Malus 'Cox Orange',Malus domestica 'Cox Orange',latin_regex_malus,insert species for cultivars,NA
05588128-231b-4572-990d-e224013d54de,APPLIED_REGEX_RULE,traeart,Malus 'Cox Orange',Malus domestica 'Cox Orange',latin_regex_malus,insert species for cultivars,NA
2c53818e-0c5c-4d99-bc57-16ec463ed3b9,APPLIED_REGEX_RULE,traeart,Malus 'Cox Orange',Malus domestica 'Cox Orange',latin_regex_malus,insert species for cultivars,NA
41685ec8-97ff-41ba-b2f1-7e0110dc736f,APPLIED_REGEX_RULE,traeart,Malus 'Cox Orange',Malus domestica 'Cox Orange',latin_regex_malus,insert species for cultivars,NA
7fb298cf-8acc-46ce-beb4-4ee8641d4057,APPLIED_REGEX_RULE,traeart,Malus 'Cox Queen',Malus domestica 'Cox Queen',latin_regex_malus,insert species for cultivars,NA
c935cd73-f023-48bd-b1d8-70d42b51adc8,APPLIED_REGEX_RULE,traeart,Malus 'Cox Queen',Malus domestica 'Cox Queen',latin_regex_malus,insert species for cultivars,NA
e627854d-e69d-4323-ae73-369184ec1eab,APPLIED_REGEX_RULE,traeart,Malus 'Cox Queen',Malus domestica 'Cox Queen',latin_regex_malus,insert species for cultivars,NA
a8839cd7-52d7-493f-b98d-dba6618ea9e8,APPLIED_REGEX_RULE,traeart,Malus 'Golden Hornet',Malus hybr. 'Golden Hornet',latin_regex_malus,insert species for cultivars,NA
49c0487b-0200-4f03-9403-985b0770a955,APPLIED_REGEX_RULE,traeart,Malus 'Golden Hornet',Malus hybr. 'Golden Hornet',latin_regex_malus,insert species for cultivars,NA
92ba1a81-c216-47bc-a763-1c6ce9e37a6b,APPLIED_REGEX_RULE,traeart,Malus 'Golden Hornet',Malus hybr. 'Golden Hornet',latin_regex_malus,insert species for cultivars,NA
48ed316c-8601-404d-86af-ed354981674b,APPLIED_REGEX_RULE,traeart,Malus 'Golden Hornet',Malus hybr. 'Golden Hornet',latin_regex_malus,insert species for cultivars,NA
6d0f5b89-5f12-4071-9183-02bd98a02dff,APPLIED_REGEX_RULE,traeart,Malus 'Golden Hornet',Malus hybr. 'Golden Hornet',latin_regex_malus,insert species for cultivars,NA
cf837f70-91f0-439a-9f27-614eac4e46e9,APPLIED_REGEX_RULE,traeart,Malus 'Golden Hornet',Malus hybr. 'Golden Hornet',latin_regex_malus,insert species for cultivars,NA
d757acfd-5b79-491d-b743-b99ae8abd250,APPLIED_REGEX_RULE,traeart,Malus 'Holsteiner Cox',Malus domestica 'Holsteiner Cox',latin_regex_malus,insert species for cultivars,NA
8e34d571-0502-47ae-8831-7d6fd851f69b,APPLIED_REGEX_RULE,traeart,Malus 'Holsteiner Cox',Malus domestica 'Holsteiner Cox',latin_regex_malus,insert species for cultivars,NA
9ec32160-a296-4f52-9e13-80f30667dbbb,APPLIED_REGEX_RULE,traeart,Malus 'Holsteiner Cox',Malus domestica 'Holsteiner Cox',latin_regex_malus,insert species for cultivars,NA
e4ccc4e0-a042-4e3e-b699-681bbdc851ce,APPLIED_REGEX_RULE,traeart,Malus 'Holsteiner Cox',Malus domestica 'Holsteiner Cox',latin_regex_malus,insert species for cultivars,NA
04a26f07-14f5-401a-ac56-529e7bc9d1e7,APPLIED_REGEX_RULE,traeart,Malus 'Holsteiner Cox',Malus domestica 'Holsteiner Cox',latin_regex_malus,insert species for cultivars,NA
e922ec88-0c0a-464f-bb4f-a4a68b647612,APPLIED_REGEX_RULE,traeart,Malus 'Holsteiner Cox',Malus domestica 'Holsteiner Cox',latin_regex_malus,insert species for cultivars,NA
5a5766b9-4fce-4059-b4b0-6075c7ff4c7f,APPLIED_REGEX_RULE,traeart,Malus 'Holsteiner Cox',Malus domestica 'Holsteiner Cox',latin_regex_malus,insert species for cultivars,NA
4e6fcaea-7fae-4237-9f32-3c854b348eec,APPLIED_REGEX_RULE,traeart,Malus 'Neville Copeman',Malus hybr. 'Neville Copeman',latin_regex_malus,insert species for cultivars,NA
f4425bb5-f181-474f-90a9-0a219a190e25,APPLIED_REGEX_RULE,traeart,Malus 'Neville Copeman',Malus hybr. 'Neville Copeman',latin_regex_malus,insert species for cultivars,NA
49c42f4f-e54f-4a3d-a686-9b7e35ebc880,APPLIED_REGEX_RULE,traeart,Malus 'Neville Copeman',Malus hybr. 'Neville Copeman',latin_regex_malus,insert species for cultivars,NA
abad4f88-7d04-4b29-8c9a-b4feac4020f0,APPLIED_REGEX_RULE,traeart,Malus 'Neville Copeman',Malus hybr. 'Neville Copeman',latin_regex_malus,insert species for cultivars,NA
1eaa5c29-2be9-4aef-91d5-7964bffff3d0,APPLIED_REGEX_RULE,traeart,Malus 'Neville Copeman',Malus hybr. 'Neville Copeman',latin_regex_malus,insert species for cultivars,NA
18276a64-acdb-4941-9ff7-b9d6ddc52019,APPLIED_REGEX_RULE,traeart,Malus 'Rød ananas',Malus domestica 'Rød ananas',latin_regex_malus,insert species for cultivars,NA
40cd0d78-efdb-4abd-bcdb-7e5d8c12d090,APPLIED_REGEX_RULE,traeart,Malus 'Rød ananas',Malus domestica 'Rød ananas',latin_regex_malus,insert species for cultivars,NA
ffc8d9b7-f1b6-4627-82e2-3887e94e906f,APPLIED_REGEX_RULE,traeart,Malus 'Rød ananas',Malus domestica 'Rød ananas',latin_regex_malus,insert species for cultivars,NA
bc2e908e-bceb-4c3d-87a3-bd510acd8d33,APPLIED_REGEX_RULE,traeart,Malus 'Rød ananas',Malus domestica 'Rød ananas',latin_regex_malus,insert species for cultivars,NA
af047322-fb46-4521-bc05-792f47c5015e,APPLIED_REGEX_RULE,traeart,Malus 'Rød ananas',Malus domestica 'Rød ananas',latin_regex_malus,insert species for cultivars,NA
73692bd6-aeb1-425c-a08e-9fae66d10b86,APPLIED_REGEX_RULE,traeart,Malus 'Rød ananas',Malus domestica 'Rød ananas',latin_regex_malus,insert species for cultivars,NA
9a32f1c7-8e53-481f-9868-b4e9c977cfbc,APPLIED_REGEX_RULE,traeart,Malus 'Rød ananas',Malus domestica 'Rød ananas',latin_regex_malus,insert species for cultivars,NA
bfaaf141-19e9-43ff-b23e-1df7dbafca27,APPLIED_REGEX_RULE,traeart,Malus 'Rød ananas',Malus domestica 'Rød ananas',latin_regex_malus,insert species for cultivars,NA
df6f91fe-bfd6-4853-a2c0-2754b8a3e282,APPLIED_REGEX_RULE,traeart,Malus 'Rød ananas',Malus domestica 'Rød ananas',latin_regex_malus,insert species for cultivars,NA
c48a941d-4636-4d32-b404-afb693118a75,APPLIED_REGEX_RULE,traeart,Malus 'Rød ananas',Malus domestica 'Rød ananas',latin_regex_malus,insert species for cultivars,NA
3fd2bd25-9b97-420b-8524-43ef06f2036f,APPLIED_REGEX_RULE,traeart,Malus 'Rød ananas',Malus domestica 'Rød ananas',latin_regex_malus,insert species for cultivars,NA
b7bdc1ca-0c14-4504-90a4-a4efdbb49d30,APPLIED_REGEX_RULE,traeart,Malus 'Rød ananas',Malus domestica 'Rød ananas',latin_regex_malus,insert species for cultivars,NA
1044ceb5-0200-440d-9879-8e6e6e60c5ca,APPLIED_REGEX_RULE,traeart,Malus 'Rød ananas',Malus domestica 'Rød ananas',latin_regex_malus,insert species for cultivars,NA
d1b7caa3-5126-43d2-a745-97519fdb70b1,APPLIED_REGEX_RULE,traeart,Malus 'Rød ananas',Malus domestica 'Rød ananas',latin_regex_malus,insert species for cultivars,NA
28ab9ae6-b880-435e-8ad8-2af62e5fdc7d,APPLIED_REGEX_RULE,traeart,Malus 'Säftaholm',Malus domestica 'Säftaholm',latin_regex_malus,insert species for cultivars,NA
e2c0ab88-86c2-4908-b4c4-353943a9e1a5,APPLIED_REGEX_RULE,traeart,Malus 'Topaz',Malus domestica 'Topaz',latin_regex_malus,insert species for cultivars,NA
c7b3326a-6a83-4fde-8511-ad6254b23561,APPLIED_REGEX_RULE,traeart,Malus 'Topaz',Malus domestica 'Topaz',latin_regex_malus,insert species for cultivars,NA
52ddd034-c3b5-4f6e-ab59-cc0669a036c6,APPLIED_REGEX_RULE,traeart,Malus 'Topaz',Malus domestica 'Topaz',latin_regex_malus,insert species for cultivars,NA
e4683a79-98c4-45f4-9d09-0e5ade44d083,APPLIED_REGEX_RULE,traeart,Malus 'Åkerø Hassel',Malus domestica 'Åkerø Hassel',latin_regex_malus,insert species for cultivars,NA
327c35dc-e72f-498f-ace0-4662d43c77bd,APPLIED_REGEX_RULE,traeart,Malus Signe Tillisch,Malus domestica 'Signe Tillisch',latin_regex_malus,insert species for cultivars,NA
8ed9a983-c351-43dd-94cb-6691dcfe5cb3,APPLIED_REGEX_RULE,traeart,Malus Signe Tillisch,Malus domestica 'Signe Tillisch',latin_regex_malus,insert species for cultivars,NA
4888ec34-d175-4a20-9614-83a9787609ba,APPLIED_REGEX_RULE,traeart,Malus discovery,Malus domestica 'Discovery',latin_regex_malus,insert species for cultivars,NA
414f4fa4-a291-4ee1-9730-1d185c3e21f2,APPLIED_REGEX_RULE,traeart,Malus discovery,Malus domestica 'Discovery',latin_regex_malus,insert species for cultivars,NA
9ff2d4d3-c4e5-4426-8997-bd15c489de06,APPLIED_REGEX_RULE,traeart,Malus discovery,Malus domestica 'Discovery',latin_regex_malus,insert species for cultivars,NA
e350e6d2-ae7e-4e56-9674-69af6f8e08c8,APPLIED_REGEX_RULE,traeart,Malus discovery,Malus domestica 'Discovery',latin_regex_malus,insert species for cultivars,NA
d18006e0-2fca-46c7-891b-075724d64bb8,APPLIED_REGEX_RULE,traeart,Malus discovery,Malus domestica 'Discovery',latin_regex_malus,insert species for cultivars,NA
19fb5f6b-d5e7-4eb2-a834-8b74c0dc00bf,APPLIED_REGEX_RULE,traeart,Malus rubinola,Malus domestica 'Rubinola',latin_regex_malus,insert species for cultivars,NA
996293d7-82a7-4457-a642-6e85de93354c,APPLIED_REGEX_RULE,traeart,Malus hybrid Hyslop,Malus hybr. 'Hyslop',latin_regex_malus,normalize hybrid marker,NA
caaefae0-ce05-49c9-b9a7-b1791343632d,APPLIED_REGEX_RULE,traeart,Malus hybrid Hyslop,Malus hybr. 'Hyslop',latin_regex_malus,normalize hybrid marker,NA
994302c6-0a89-4111-8a2e-2649426f1eb2,APPLIED_REGEX_RULE,traeart,Malus hybrid Hyslop,Malus hybr. 'Hyslop',latin_regex_malus,normalize hybrid marker,NA
07c1f698-9b94-4f0c-b518-b897b50bd7a6,APPLIED_REGEX_RULE,traeart,Malus hybrid Hyslop,Malus hybr. 'Hyslop',latin_regex_malus,normalize hybrid marker,NA
fbc55b6e-76d0-4fc2-b71f-ac361b40ffed,APPLIED_REGEX_RULE,traeart,Malus hybrid Hyslop,Malus hybr. 'Hyslop',latin_regex_malus,normalize hybrid marker,NA
b2df9e63-da4f-4d06-b22c-ca08cc629c73,APPLIED_REGEX_RULE,traeart,Malus hybrid Hyslop,Malus hybr. 'Hyslop',latin_regex_malus,normalize hybrid marker,NA
79e363e4-93a4-4ca7-85cf-0159c725471d,APPLIED_REGEX_RULE,traeart,Malus hybrid Hyslop,Malus hybr. 'Hyslop',latin_regex_malus,normalize hybrid marker,NA
a1ba04f2-dd01-4bb1-82db-0b86feb0e0fe,APPLIED_REGEX_RULE,traeart,Malus hybrid Hyslop,Malus hybr. 'Hyslop',latin_regex_malus,normalize hybrid marker,NA
0b2c7b07-fa7e-476c-90c4-92a263a18597,APPLIED_REGEX_RULE,traeart,Malus hybrid Hyslop,Malus hybr. 'Hyslop',latin_regex_malus,normalize hybrid marker,NA
c9f05e59-89f3-4ca8-b6fd-2a732d0f3862,APPLIED_REGEX_RULE,traeart,Malus hybrid Hyslop,Malus hybr. 'Hyslop',latin_regex_malus,normalize hybrid marker,NA
03c628d4-e637-4201-85b7-c72df2c919cf,APPLIED_REGEX_RULE,traeart,Malus hybrid Hyslop,Malus hybr. 'Hyslop',latin_regex_malus,normalize hybrid marker,NA
87acd993-9944-4015-a76a-bad286053fcd,APPLIED_REGEX_RULE,traeart,Malus hybrid Hyslop,Malus hybr. 'Hyslop',latin_regex_malus,normalize hybrid marker,NA
9aae96a5-1d25-4ae4-86db-19c76dea3f3f,APPLIED_REGEX_RULE,traeart,Malus hybrid Hyslop,Malus hybr. 'Hyslop',latin_regex_malus,normalize hybrid marker,NA
3a442efd-85e5-4ab4-9ab8-4b1cc6d50e0a,APPLIED_REGEX_RULE,traeart,Malus hybrid Hyslop,Malus hybr. 'Hyslop',latin_regex_malus,normalize hybrid marker,NA
6cdd7946-4637-442c-be64-d10aee5000c0,APPLIED_REGEX_RULE,traeart,Malus hybrid Hyslop,Malus hybr. 'Hyslop',latin_regex_malus,normalize hybrid marker,NA
d5ad4a57-8f78-4e96-b5eb-1e1ffc4d062a,DUPLICATE_LOCATION,wkb_geometry,POINT (12.48164693169702 55.65476112149447),NA,NA,duplicate location flag added,NA
0592ac5f-3fd4-4ba9-929e-6b2a931aadb7,DUPLICATE_LOCATION,wkb_geometry,POINT (12.618075482386216 55.65737773150286),NA,NA,duplicate location flag added,NA
56cc0967-5d0c-4554-9a7e-356b386aaecb,DUPLICATE_LOCATION,wkb_geometry,POINT (12.542574726182812 55.700030673319574),NA,NA,duplicate location flag added,NA
1f152c79-789a-4608-b325-e2bf2d925f03,DUPLICATE_LOCATION,wkb_geometry,POINT (12.542271894913519 55.69960715305401),NA,NA,duplicate location flag added,NA
2ea935fb-9131-46a9-a29b-d28cfb1910e2,DUPLICATE_LOCATION,wkb_geometry,POINT (12.542165079228145 55.69958446183508),NA,NA,duplicate location flag added,NA
0ef824db-260c-4f2a-9c7a-9ff18872083c,DUPLICATE_LOCATION,wkb_geometry,POINT (12.54222067999628 55.699529146633466),NA,NA,duplicate location flag added,NA
363dcd8f-dfaf-4715-969d-6375ad638e4e,DUPLICATE_LOCATION,wkb_geometry,POINT (12.541864596864704 55.69933160433512),NA,NA,duplicate location flag added,NA
4a431e19-7f7d-4ec0-8c82-23d0902af2f8,DUPLICATE_LOCATION,wkb_geometry,POINT (12.54243510858582 55.69989481014558),NA,NA,duplicate location flag added,NA
3a8944b6-05c4-4d20-8a26-2642dffaac9f,DUPLICATE_LOCATION,wkb_geometry,POINT (12.542441017326338 55.6998143420342),NA,NA,duplicate location flag added,NA
0bb933f9-969d-47f8-be51-149c6662ad83,DUPLICATE_LOCATION,wkb_geometry,POINT (12.541839019020587 55.69920118342495),NA,NA,duplicate location flag added,NA
b8b6ccf1-6831-4efb-a361-8b27aa17a7c2,DUPLICATE_LOCATION,wkb_geometry,POINT (12.541772486336333 55.6992064743282),NA,NA,duplicate location flag added,NA
3476ec02-3096-4055-a7b8-9862b99ae4db,DUPLICATE_LOCATION,wkb_geometry,POINT (12.541864596864704 55.69933160433512),NA,NA,duplicate location flag added,NA
adc6a314-21da-4696-a437-5aa27b9b5554,DUPLICATE_LOCATION,wkb_geometry,POINT (12.54184342571219 55.699399338064644),NA,NA,duplicate location flag added,NA
c330050a-5ec4-44d0-9242-91d07fc48e2f,DUPLICATE_LOCATION,wkb_geometry,POINT (12.542167730391965 55.69938688690369),NA,NA,duplicate location flag added,NA
5585c7cc-1115-4ea6-9bce-8256ec7ce018,DUPLICATE_LOCATION,wkb_geometry,POINT (12.54223362675474 55.699696525043905),NA,NA,duplicate location flag added,NA
3233b7c1-8070-4030-a162-40e6d962488d,DUPLICATE_LOCATION,wkb_geometry,POINT (12.542066052239035 55.69976892733343),NA,NA,duplicate location flag added,NA
1c49569a-3831-4a3b-8f21-817c467e08cb,DUPLICATE_LOCATION,wkb_geometry,POINT (12.542142871522538 55.69979752505986),NA,NA,duplicate location flag added,NA
f8091736-ca7b-4513-b2c1-1271405723e7,DUPLICATE_LOCATION,wkb_geometry,POINT (12.54203825941438 55.699967403046685),NA,NA,duplicate location flag added,NA
c5d6bd54-6262-4d2f-afa7-8970c285ebce,DUPLICATE_LOCATION,wkb_geometry,POINT (12.542234126130884 55.69999170073656),NA,NA,duplicate location flag added,NA
358fd8e4-f657-40a4-a359-5ab91720733d,DUPLICATE_LOCATION,wkb_geometry,POINT (12.542441017326338 55.6998143420342),NA,NA,duplicate location flag added,NA
98eda5e6-785c-4caf-9d74-fd2e44a60109,DUPLICATE_LOCATION,wkb_geometry,POINT (12.54243510858582 55.69989481014558),NA,NA,duplicate location flag added,NA
e3df470b-b051-49f9-a826-4db3d6c85e8f,DUPLICATE_LOCATION,wkb_geometry,POINT (12.542525490867597 55.699974663793796),NA,NA,duplicate location flag added,NA
888b5c10-25e8-4014-a699-23d796233c1f,DUPLICATE_LOCATION,wkb_geometry,POINT (12.542628184243588 55.69998814639457),NA,NA,duplicate location flag added,NA
24efb009-a167-493e-af96-c1f03bd7064a,DUPLICATE_LOCATION,wkb_geometry,POINT (12.542606216320232 55.70006200359952),NA,NA,duplicate location flag added,NA
ca5ca18b-25d8-46ff-bd73-438a578fd496,DUPLICATE_LOCATION,wkb_geometry,POINT (12.598754986518351 55.69490043058334),NA,NA,duplicate location flag added,NA
4dc1aa0e-19c9-4c53-93a5-5fde00a51367,DUPLICATE_LOCATION,wkb_geometry,POINT (12.59866231839515 55.694816941619834),NA,NA,duplicate location flag added,NA
87be5b60-39ef-413a-989d-51c643c46e35,DUPLICATE_LOCATION,wkb_geometry,POINT (12.598533074811817 55.694756505463644),NA,NA,duplicate location flag added,NA
2a7ed7f3-7a33-483f-8ec5-38bedd952647,DUPLICATE_LOCATION,wkb_geometry,POINT (12.598458409722285 55.69471497330149),NA,NA,duplicate location flag added,NA
a7e5a3db-fdfa-4090-8ea1-c03bad27c1be,DUPLICATE_LOCATION,wkb_geometry,POINT (12.598516571151888 55.6946191113935),NA,NA,duplicate location flag added,NA
83c4262e-68ea-41e5-bd2d-0a9414aa2aee,DUPLICATE_LOCATION,wkb_geometry,POINT (12.618521294668838 55.66234059291923),NA,NA,duplicate location flag added,NA
e3235458-fe3c-41d1-9216-efb49ee8eb1f,DUPLICATE_LOCATION,wkb_geometry,POINT (12.618521294668838 55.66234059291923),NA,NA,duplicate location flag added,NA
1d264000-3acf-4593-b725-1977d61967ed,DUPLICATE_LOCATION,wkb_geometry,POINT (12.563742210633096 55.72118981487547),NA,NA,duplicate location flag added,NA
df77d069-e6c4-4197-a562-aea76b5edc1a,DUPLICATE_LOCATION,wkb_geometry,POINT (12.599193771290878 55.69498288846105),NA,NA,duplicate location flag added,NA
29412794-825d-4aac-a35a-9ba3126a919c,DUPLICATE_LOCATION,wkb_geometry,POINT (12.532890679697172 55.655704699863335),NA,NA,duplicate location flag added,NA
5c281aba-4407-4a3b-8cc6-628242b840c5,DUPLICATE_LOCATION,wkb_geometry,POINT (12.542234126130884 55.69999170073656),NA,NA,duplicate location flag added,NA
0e641359-9ecb-4bc0-8e4d-8e8c8f62242f,DUPLICATE_LOCATION,wkb_geometry,POINT (12.52693531966053 55.71696829191357),NA,NA,duplicate location flag added,NA
9b0950ba-6fd4-4f04-ab27-92675fc16464,DUPLICATE_LOCATION,wkb_geometry,POINT (12.525815539970502 55.71676109368139),NA,NA,duplicate location flag added,NA
023e36bc-28e0-4422-86b0-608c0b9e7119,DUPLICATE_LOCATION,wkb_geometry,POINT (12.549332617063907 55.691696006626756),NA,NA,duplicate location flag added,NA
97991cfd-5791-4e07-ab18-5907008ade5d,DUPLICATE_LOCATION,wkb_geometry,POINT (12.549455463277505 55.69170706303625),NA,NA,duplicate location flag added,NA
519efe6e-a6b4-4836-be74-f7eb4d9b3817,DUPLICATE_LOCATION,wkb_geometry,POINT (12.541899950929809 55.699291183740314),NA,NA,duplicate location flag added,NA
5fa0e282-b260-4836-bcb4-cfc7b9e47924,DUPLICATE_LOCATION,wkb_geometry,POINT (12.542155753364444 55.69991972911179),NA,NA,duplicate location flag added,NA
d12246c6-8a15-4df3-91c3-1803c759485c,DUPLICATE_LOCATION,wkb_geometry,POINT (12.541729849106558 55.70728798225184),NA,NA,duplicate location flag added,NA
2957bdc4-5357-4118-b8e7-36aa579cf9fd,DUPLICATE_LOCATION,wkb_geometry,POINT (12.598794154268887 55.69495524129392),NA,NA,duplicate location flag added,NA
55d5c9c0-15f0-40a1-a580-d3e6a6e2685a,DUPLICATE_LOCATION,wkb_geometry,POINT (12.598699663572877 55.69485972971384),NA,NA,duplicate location flag added,NA
b8a5f08f-05a5-44c6-b040-6ce22b77ec8a,DUPLICATE_LOCATION,wkb_geometry,POINT (12.48738018802805 55.65236717016809),NA,NA,duplicate location flag added,NA
dcf1a6dd-b4da-4e8a-96d4-9e66366ba223,DUPLICATE_LOCATION,wkb_geometry,POINT (12.553661017768313 55.696747661179884),NA,NA,duplicate location flag added,NA
fe4b0d82-eef4-4968-a031-8a61a6dc94de,DUPLICATE_LOCATION,wkb_geometry,POINT (12.521754852437843 55.71670785517992),NA,NA,duplicate location flag added,NA
10e0da76-6765-43df-8555-38deec4ad5d5,DUPLICATE_LOCATION,wkb_geometry,POINT (12.598516571151888 55.6946191113935),NA,NA,duplicate location flag added,NA
6910ba74-252c-4810-99ce-8d29ce46796f,DUPLICATE_LOCATION,wkb_geometry,POINT (12.597323387061612 55.6941492876081),NA,NA,duplicate location flag added,NA
9c6eb5a2-8125-4429-8912-16a000b1bffb,DUPLICATE_LOCATION,wkb_geometry,POINT (12.597255239477876 55.694109316428175),NA,NA,duplicate location flag added,NA
293590d0-1cac-49f8-9a1c-38871fdc4a50,DUPLICATE_LOCATION,wkb_geometry,POINT (12.597157361399994 55.69390048540556),NA,NA,duplicate location flag added,NA
b2f40667-fb48-4d74-878c-fd4d89691b27,DUPLICATE_LOCATION,wkb_geometry,POINT (12.487359830164596 55.65240034383934),NA,NA,duplicate location flag added,NA
91c10665-6e2c-4b34-8ed3-8b06de51436d,DUPLICATE_LOCATION,wkb_geometry,POINT (12.53050726643538 55.71368075345033),NA,NA,duplicate location flag added,NA
979b532b-7e49-406b-99cd-840d632f16dd,DUPLICATE_LOCATION,wkb_geometry,POINT (12.53050726643538 55.71368075345033),NA,NA,duplicate location flag added,NA
76c3b8d3-619c-497a-92bf-a0ae1e39e73f,DUPLICATE_LOCATION,wkb_geometry,POINT (12.52369133172535 55.71155928450548),NA,NA,duplicate location flag added,NA
9fa79fa2-01dd-4130-b9e2-593b5598af27,DUPLICATE_LOCATION,wkb_geometry,POINT (12.52369133172535 55.71155928450548),NA,NA,duplicate location flag added,NA
829205a1-6b5d-4297-b5ba-07ca86546679,DUPLICATE_LOCATION,wkb_geometry,POINT (12.52693531966053 55.71696829191357),NA,NA,duplicate location flag added,NA
65c11204-f057-4b95-87bd-1ffb8517a47e,DUPLICATE_LOCATION,wkb_geometry,POINT (12.529466968548878 55.71368130679406),NA,NA,duplicate location flag added,NA
c603113d-01b2-49b8-afa4-1abd9a4f03fe,DUPLICATE_LOCATION,wkb_geometry,POINT (12.529466968548878 55.71368130679406),NA,NA,duplicate location flag added,NA
6f2c9fcf-b4f4-4e12-9375-7b9f54ee924f,DUPLICATE_LOCATION,wkb_geometry,POINT (12.52560771922488 55.71501020916004),NA,NA,duplicate location flag added,NA
94488e04-1245-43a1-9f30-104e2fc33b38,DUPLICATE_LOCATION,wkb_geometry,POINT (12.541729849106558 55.70728798225184),NA,NA,duplicate location flag added,NA
43b6bba3-36b7-4434-8a6f-ce6f81bf676b,DUPLICATE_LOCATION,wkb_geometry,POINT (12.523865948573262 55.717661555860026),NA,NA,duplicate location flag added,NA
4373d72b-9efd-4288-bbbe-c7ee5895719b,DUPLICATE_LOCATION,wkb_geometry,POINT (12.523865948573262 55.717661555860026),NA,NA,duplicate location flag added,NA
b8711e3a-94af-4eea-a22f-525593a0f818,DUPLICATE_LOCATION,wkb_geometry,POINT (12.639850612318241 55.65226087046273),NA,NA,duplicate location flag added,NA
669714ea-6648-4d6b-993e-ea1093d81e2e,DUPLICATE_LOCATION,wkb_geometry,POINT (12.542606216320232 55.70006200359952),NA,NA,duplicate location flag added,NA
45f73872-91b0-490c-b977-9397a68f19e6,DUPLICATE_LOCATION,wkb_geometry,POINT (12.542628184243588 55.69998814639457),NA,NA,duplicate location flag added,NA
32dc180f-9110-45b0-ac0a-e93dea974892,DUPLICATE_LOCATION,wkb_geometry,POINT (12.542525490867597 55.699974663793796),NA,NA,duplicate location flag added,NA
2ccd3f10-8c63-4788-9855-cce9b13a5918,DUPLICATE_LOCATION,wkb_geometry,POINT (12.48741466565608 55.6523916016872),NA,NA,duplicate location flag added,NA
684e08d3-8834-46e5-8bca-08729ce6b8a1,DUPLICATE_LOCATION,wkb_geometry,POINT (12.63331047470133 55.66643357884029),NA,NA,duplicate location flag added,NA
1d898bbd-0da1-48d8-b61f-ead935d72191,DUPLICATE_LOCATION,wkb_geometry,POINT (12.633170947574063 55.66643019640918),NA,NA,duplicate location flag added,NA
a0f47eba-502a-4e7a-9ee5-79449d4e2ddb,DUPLICATE_LOCATION,wkb_geometry,POINT (12.633170947574063 55.66643019640918),NA,NA,duplicate location flag added,NA
806e7b24-24e3-4c0c-87ee-35fc92beb5bb,DUPLICATE_LOCATION,wkb_geometry,POINT (12.633097197837191 55.66651679299355),NA,NA,duplicate location flag added,NA
a18f5a30-3892-46ae-810a-294d80f4f57b,DUPLICATE_LOCATION,wkb_geometry,POINT (12.633097197837191 55.66651679299355),NA,NA,duplicate location flag added,NA
69623c5c-61e8-4811-8159-b74a6a6690d0,DUPLICATE_LOCATION,wkb_geometry,POINT (12.55006473749827 55.68891357953793),NA,NA,duplicate location flag added,NA
02b2b9da-0d06-4d9f-92e0-5d4ce84b3fd4,DUPLICATE_LOCATION,wkb_geometry,POINT (12.55006473749827 55.68891357953793),NA,NA,duplicate location flag added,NA
8a196409-fb50-49b4-a061-89362f6540f1,DUPLICATE_LOCATION,wkb_geometry,POINT (12.55045259039322 55.68872757372471),NA,NA,duplicate location flag added,NA
174b5205-d87c-40aa-a4d3-8d346f1ec22e,DUPLICATE_LOCATION,wkb_geometry,POINT (12.55045259039322 55.68872757372471),NA,NA,duplicate location flag added,NA
babc52d1-7ba1-44c4-966e-1da2000c7a48,DUPLICATE_LOCATION,wkb_geometry,POINT (12.6332801198286 55.66642654911345),NA,NA,duplicate location flag added,NA
3355a635-5a22-4c6d-bd52-9525c3d60ed3,DUPLICATE_LOCATION,wkb_geometry,POINT (12.6332801198286 55.66642654911345),NA,NA,duplicate location flag added,NA
f95e38bb-480c-4c39-bd08-f70fad09ab48,DUPLICATE_LOCATION,wkb_geometry,POINT (12.633198452951097 55.66640416967614),NA,NA,duplicate location flag added,NA
cfdfe5ed-d625-4e85-8ec4-f0e748237648,DUPLICATE_LOCATION,wkb_geometry,POINT (12.633198452951097 55.66640416967614),NA,NA,duplicate location flag added,NA
d2456d4a-52d3-48d1-b8f2-3d265669af3f,DUPLICATE_LOCATION,wkb_geometry,POINT (12.633144279330324 55.66646053680906),NA,NA,duplicate location flag added,NA
8c2c8d75-a2b2-4036-9e8b-29c557d3eb78,DUPLICATE_LOCATION,wkb_geometry,POINT (12.548723176103124 55.69893780157003),NA,NA,duplicate location flag added,NA
d2ba22ee-2b4c-4695-9525-17bdf9adba5f,DUPLICATE_LOCATION,wkb_geometry,POINT (12.548723176103124 55.69893780157003),NA,NA,duplicate location flag added,NA
f0644d96-abc5-4a90-9f9a-08d2a6539a51,DUPLICATE_LOCATION,wkb_geometry,POINT (12.536287333564808 55.71669357465596),NA,NA,duplicate location flag added,NA
f3f4c126-1f78-4694-aa14-08e823c6cb79,DUPLICATE_LOCATION,wkb_geometry,POINT (12.54203825941438 55.699967403046685),NA,NA,duplicate location flag added,NA
28703904-b890-40ed-8bac-703f912bbda9,DUPLICATE_LOCATION,wkb_geometry,POINT (12.542066052239035 55.69976892733343),NA,NA,duplicate location flag added,NA
542a87f7-c2a0-47b4-9215-6859c7e73df4,DUPLICATE_LOCATION,wkb_geometry,POINT (12.550690932485821 55.69543803724783),NA,NA,duplicate location flag added,NA
d93d75dc-26d5-4413-b49e-b2e08a924503,DUPLICATE_LOCATION,wkb_geometry,POINT (12.55089643359516 55.69543438575924),NA,NA,duplicate location flag added,NA
c45ab442-d5be-43c6-8f84-864040e71138,DUPLICATE_LOCATION,wkb_geometry,POINT (12.52747732511801 55.649907582239976),NA,NA,duplicate location flag added,NA
4f5cc66b-fad4-4a98-ba85-8c0e8d73b51c,DUPLICATE_LOCATION,wkb_geometry,POINT (12.527534132782488 55.649940118739146),NA,NA,duplicate location flag added,NA
fac1599d-0e4f-480a-adb1-d2dbc3d46030,DUPLICATE_LOCATION,wkb_geometry,POINT (12.589228744136403 55.641238033374435),NA,NA,duplicate location flag added,NA
957dd268-9d9a-4738-a538-72198337239c,DUPLICATE_LOCATION,wkb_geometry,POINT (12.589228744136403 55.641238033374435),NA,NA,duplicate location flag added,NA
4619f6e3-1f95-456e-8173-643affd777eb,DUPLICATE_LOCATION,wkb_geometry,POINT (12.550574798405279 55.69540567487757),NA,NA,duplicate location flag added,NA
bd5effd0-e42e-4040-b65f-25e4973e9076,DUPLICATE_LOCATION,wkb_geometry,POINT (12.55089643359516 55.69543438575924),NA,NA,duplicate location flag added,NA
b916592d-15fe-41ff-b8b3-528c1ff654d7,DUPLICATE_LOCATION,wkb_geometry,POINT (12.550690932485821 55.69543803724783),NA,NA,duplicate location flag added,NA
40c3c170-1d39-45b8-9402-33b3092be07f,DUPLICATE_LOCATION,wkb_geometry,POINT (12.558400438287057 55.64040983094268),NA,NA,duplicate location flag added,NA
b4775ad5-6fad-4c9d-8c6e-7f7ce13141c0,DUPLICATE_LOCATION,wkb_geometry,POINT (12.502057188022825 55.66835515302546),NA,NA,duplicate location flag added,NA
323232d1-bcf9-4425-bf17-98cb3604a2a2,DUPLICATE_LOCATION,wkb_geometry,POINT (12.550350894745849 55.69538028616382),NA,NA,duplicate location flag added,NA
ab5a5702-e4c8-4e34-a084-580b27091ab4,DUPLICATE_LOCATION,wkb_geometry,POINT (12.510974072027127 55.66578309188364),NA,NA,duplicate location flag added,NA
ba81bd50-f724-4181-92ff-29a41b779cd9,DUPLICATE_LOCATION,wkb_geometry,POINT (12.502057188022825 55.66835515302546),NA,NA,duplicate location flag added,NA
5cb8c3ca-1bfb-4208-ab1a-089f7d6c2bb2,DUPLICATE_LOCATION,wkb_geometry,POINT (12.61856859256507 55.662292009704544),NA,NA,duplicate location flag added,NA
135b78b3-80c8-444e-9d05-116df43a8186,DUPLICATE_LOCATION,wkb_geometry,POINT (12.633127801787985 55.666480998760434),NA,NA,duplicate location flag added,NA
bbf71565-930f-466f-85dd-0e2f55f4a12e,DUPLICATE_LOCATION,wkb_geometry,POINT (12.51842692505386 55.63771947926134),NA,NA,duplicate location flag added,NA
eaab31aa-4301-4d7c-bbd0-48e9fb40a482,DUPLICATE_LOCATION,wkb_geometry,POINT (12.51842692505386 55.63771947926134),NA,NA,duplicate location flag added,NA
95f379ca-95e4-4111-af70-d4c95923888b,DUPLICATE_LOCATION,wkb_geometry,POINT (12.500385625012896 55.68700753668292),NA,NA,duplicate location flag added,NA
de6712a0-c906-4018-b9e0-2485fa714263,DUPLICATE_LOCATION,wkb_geometry,POINT (12.494126867929488 55.68396123266501),NA,NA,duplicate location flag added,NA
9979fbf9-9007-45cc-904f-4c8b887a604d,DUPLICATE_LOCATION,wkb_geometry,POINT (12.518397383749008 55.64465909836234),NA,NA,duplicate location flag added,NA
7d15098a-f33f-4851-9ead-b8e7725d35cb,DUPLICATE_LOCATION,wkb_geometry,POINT (12.48164693169702 55.65476112149447),NA,NA,duplicate location flag added,NA
57a3f426-4c5f-4b56-b007-58d4479067ec,DUPLICATE_LOCATION,wkb_geometry,POINT (12.63315838104679 55.66644493893542),NA,NA,duplicate location flag added,NA
a6b85fb0-a4ec-4f13-bd84-1f539034487b,DUPLICATE_LOCATION,wkb_geometry,POINT (12.633127801787985 55.666480998760434),NA,NA,duplicate location flag added,NA
cb5c8dfc-737d-4288-b4c9-2d71a1672b6d,DUPLICATE_LOCATION,wkb_geometry,POINT (12.63306251236067 55.66662541216794),NA,NA,duplicate location flag added,NA
0c2d3649-631a-4fa3-a5f1-bc32ff468641,DUPLICATE_LOCATION,wkb_geometry,POINT (12.487359830164596 55.65240034383934),NA,NA,duplicate location flag added,NA
a6a60397-061a-490c-9d11-a01714916e8d,DUPLICATE_LOCATION,wkb_geometry,POINT (12.599260396745747 55.695041350832554),NA,NA,duplicate location flag added,NA
24930fc1-9845-4f63-9a8a-fd3f01137883,DUPLICATE_LOCATION,wkb_geometry,POINT (12.618075482386216 55.65737773150286),NA,NA,duplicate location flag added,NA
4577512d-9ce2-4eee-8bb7-987dbfc13bad,DUPLICATE_LOCATION,wkb_geometry,POINT (12.61777847686799 55.65687903449775),NA,NA,duplicate location flag added,NA
86afb6f1-69a4-4ff7-bcb9-9e6e97191ffc,DUPLICATE_LOCATION,wkb_geometry,POINT (12.53301726382981 55.65861854894303),NA,NA,duplicate location flag added,NA
9a12900f-54ce-4dd7-8760-cb7af9d8957a,DUPLICATE_LOCATION,wkb_geometry,POINT (12.528733894657016 55.66236479810129),NA,NA,duplicate location flag added,NA
cbcfabcc-e2f6-4739-ace3-54ad3bbe0d80,DUPLICATE_LOCATION,wkb_geometry,POINT (12.500264178036351 55.68680469843925),NA,NA,duplicate location flag added,NA
bc4a35a4-94d2-4ac1-b842-7b9983071472,DUPLICATE_LOCATION,wkb_geometry,POINT (12.5303809240961 55.652477889960764),NA,NA,duplicate location flag added,NA
b523ea1d-fe9c-4370-a96e-3995f77ef3b8,DUPLICATE_LOCATION,wkb_geometry,POINT (12.63303814387522 55.66658112709706),NA,NA,duplicate location flag added,NA
1178388d-7c3f-47a2-8cc6-125a30c36028,DUPLICATE_LOCATION,wkb_geometry,POINT (12.532209311398589 55.65300956373121),NA,NA,duplicate location flag added,NA
ed762c40-337a-4074-b578-00320bd1e5d6,DUPLICATE_LOCATION,wkb_geometry,POINT (12.599327611453639 55.69514261552808),NA,NA,duplicate location flag added,NA
04dbb072-9efe-4979-b2d8-7246dd08edc7,DUPLICATE_LOCATION,wkb_geometry,POINT (12.569547210623151 55.6925234268482),NA,NA,duplicate location flag added,NA
2254a6fe-fb3a-45b2-9f81-888d44652362,DUPLICATE_LOCATION,wkb_geometry,POINT (12.530328416981364 55.65248390143767),NA,NA,duplicate location flag added,NA
e1592ddd-74cb-48ea-872e-be4551114f45,DUPLICATE_LOCATION,wkb_geometry,POINT (12.633252340254831 55.66641825790454),NA,NA,duplicate location flag added,NA
c2e9df44-c7a7-4550-bc22-12cd1c64127a,DUPLICATE_LOCATION,wkb_geometry,POINT (12.531361534859288 55.65277608057289),NA,NA,duplicate location flag added,NA
d3b8bc9e-d08b-475c-8955-428cb413314e,DUPLICATE_LOCATION,wkb_geometry,POINT (12.542287026580613 55.707203395475645),NA,NA,duplicate location flag added,NA
d88f0056-b2bb-4bc6-9357-f0b035b39481,DUPLICATE_LOCATION,wkb_geometry,POINT (12.633080102546648 55.666535675354915),NA,NA,duplicate location flag added,NA
f7a977cc-a2d3-4819-9eeb-90f4e41f5ec0,DUPLICATE_LOCATION,wkb_geometry,POINT (12.633080102546648 55.666535675354915),NA,NA,duplicate location flag added,NA
a2e41254-7ca6-40d2-b696-b9c82c715757,DUPLICATE_LOCATION,wkb_geometry,POINT (12.633057910672273 55.66656056768175),NA,NA,duplicate location flag added,NA
b782837e-5051-486c-b269-3efd5e7f55eb,DUPLICATE_LOCATION,wkb_geometry,POINT (12.633091419739207 55.666632278623595),NA,NA,duplicate location flag added,NA
a6fe7ff1-0065-440e-bccd-514cd66622b5,DUPLICATE_LOCATION,wkb_geometry,POINT (12.633091419739207 55.666632278623595),NA,NA,duplicate location flag added,NA
e83e27e6-cfa7-4b7d-8b3e-f3e648036d42,DUPLICATE_LOCATION,wkb_geometry,POINT (12.633116774493313 55.66664035145034),NA,NA,duplicate location flag added,NA
8f884ef6-4702-4083-a134-ffc26f272b6d,DUPLICATE_LOCATION,wkb_geometry,POINT (12.633116774493313 55.66664035145034),NA,NA,duplicate location flag added,NA
1e6a8fa8-c0ba-4092-89be-b2d307de2a30,DUPLICATE_LOCATION,wkb_geometry,POINT (12.532912955300318 55.65574917499554),NA,NA,duplicate location flag added,NA
2eebaa0e-3721-4e78-ace0-34f43dcf5730,DUPLICATE_LOCATION,wkb_geometry,POINT (12.597203793337671 55.69406083166017),NA,NA,duplicate location flag added,NA
4cbf5460-5f2e-4ebc-bc93-5f9d89ac19e7,DUPLICATE_LOCATION,wkb_geometry,POINT (12.597182703565817 55.69421503453742),NA,NA,duplicate location flag added,NA
02e1a28e-598d-4790-be58-0c96e5241a66,DUPLICATE_LOCATION,wkb_geometry,POINT (12.59866231839515 55.694816941619834),NA,NA,duplicate location flag added,NA
780f210e-c2d3-403f-8b6a-485becd72568,DUPLICATE_LOCATION,wkb_geometry,POINT (12.598677283423248 55.69467679278812),NA,NA,duplicate location flag added,NA
501f24e2-3d76-47c4-84cb-baa82e3a4108,DUPLICATE_LOCATION,wkb_geometry,POINT (12.59938230268846 55.69520222471182),NA,NA,duplicate location flag added,NA
03e2ce4f-3ee5-4320-a010-956bdd26c0f4,DUPLICATE_LOCATION,wkb_geometry,POINT (12.597253027638443 55.694254591794675),NA,NA,duplicate location flag added,NA
a2ad791a-aafb-4016-8e5d-7f298dd7ef91,DUPLICATE_LOCATION,wkb_geometry,POINT (12.597255239477876 55.694109316428175),NA,NA,duplicate location flag added,NA
9687b7c0-7f44-441d-b736-aabd97e7c05d,DUPLICATE_LOCATION,wkb_geometry,POINT (12.597393625444308 55.69432430416131),NA,NA,duplicate location flag added,NA
26679283-a0dd-4849-80f2-1ccc6336a6c3,DUPLICATE_LOCATION,wkb_geometry,POINT (12.59938230268846 55.69520222471182),NA,NA,duplicate location flag added,NA
da6ddf5b-5e7b-42ca-bfbc-2a2466fc2694,DUPLICATE_LOCATION,wkb_geometry,POINT (12.599553930174732 55.69538516445911),NA,NA,duplicate location flag added,NA
3c93531e-2d6a-479e-aa91-8b606d35d12d,DUPLICATE_LOCATION,wkb_geometry,POINT (12.46385502740357 55.69587010985361),NA,NA,duplicate location flag added,NA
5ae654e1-842c-4d07-861a-59c4c07d94fe,DUPLICATE_LOCATION,wkb_geometry,POINT (12.525226850110045 55.66177796975064),NA,NA,duplicate location flag added,NA
d99a47c4-4960-4842-9cf0-dbaecd3abb11,DUPLICATE_LOCATION,wkb_geometry,POINT (12.567483229091748 55.71414446586402),NA,NA,duplicate location flag added,NA
07795ca8-bde3-4441-a5a3-70d489cad8c6,DUPLICATE_LOCATION,wkb_geometry,POINT (12.597241973368213 55.693798633392944),NA,NA,duplicate location flag added,NA
555a4257-4c95-4045-9a81-b20fc7d4cb83,DUPLICATE_LOCATION,wkb_geometry,POINT (12.598754986518351 55.69490043058334),NA,NA,duplicate location flag added,NA
2e35084e-74fe-4fdc-8248-840ba1338308,DUPLICATE_LOCATION,wkb_geometry,POINT (12.593634097963495 55.693991583357416),NA,NA,duplicate location flag added,NA
71e0c515-676a-4b8d-8642-c26032c3f8f8,DUPLICATE_LOCATION,wkb_geometry,POINT (12.527692593851373 55.65958960371874),NA,NA,duplicate location flag added,NA
33e3d405-778d-4341-87d4-1422ee37fc27,DUPLICATE_LOCATION,wkb_geometry,POINT (12.597200559169675 55.69384737302744),NA,NA,duplicate location flag added,NA
2906b0ec-c9c4-4b40-97b6-7d63897bb86a,DUPLICATE_LOCATION,wkb_geometry,POINT (12.57069544292464 55.70152241719682),NA,NA,duplicate location flag added,NA
527162ca-8823-466f-ba8e-5047db2cea40,DUPLICATE_LOCATION,wkb_geometry,POINT (12.56268548091709 55.701996591530836),NA,NA,duplicate location flag added,NA
35acfac2-3021-4534-bf86-ccbc317690cc,DUPLICATE_LOCATION,wkb_geometry,POINT (12.597150580010878 55.69395746731587),NA,NA,duplicate location flag added,NA
ed06974a-f8fa-4453-b86d-3f23a6999c96,DUPLICATE_LOCATION,wkb_geometry,POINT (12.597200559169675 55.69384737302744),NA,NA,duplicate location flag added,NA
ea83edcb-8816-496d-b29b-d35e86781f49,DUPLICATE_LOCATION,wkb_geometry,POINT (12.597150580010878 55.69395746731587),NA,NA,duplicate location flag added,NA
1a65c6e9-8fce-4a3a-9ea9-94aa60041631,DUPLICATE_LOCATION,wkb_geometry,POINT (12.596815943793903 55.6939332156532),NA,NA,duplicate location flag added,NA
6f15a5d0-9387-4443-b59d-4b7d4a62c4c2,DUPLICATE_LOCATION,wkb_geometry,POINT (12.596860278948435 55.69398512787822),NA,NA,duplicate location flag added,NA
0029e3b0-53f3-4e96-929b-476324245602,DUPLICATE_LOCATION,wkb_geometry,POINT (12.596914058160968 55.69403433023191),NA,NA,duplicate location flag added,NA
3106d09c-792c-4907-b6b2-7efe0b66c9c6,DUPLICATE_LOCATION,wkb_geometry,POINT (12.598025061322968 55.694431514609455),NA,NA,duplicate location flag added,NA
d77aeca9-bb79-46c7-9bf1-2a56f73971e3,DUPLICATE_LOCATION,wkb_geometry,POINT (12.598274425691319 55.69452623237651),NA,NA,duplicate location flag added,NA
b4fb9b25-ef4e-46a8-b2b1-7ee430b3116d,DUPLICATE_LOCATION,wkb_geometry,POINT (12.59835975350544 55.6945560692881),NA,NA,duplicate location flag added,NA
00b14f0d-bb55-487a-9eec-698c18ab2a12,DUPLICATE_LOCATION,wkb_geometry,POINT (12.598533074811817 55.694756505463644),NA,NA,duplicate location flag added,NA
f3e9cfa6-6b11-484c-a433-d5c528d80f65,DUPLICATE_LOCATION,wkb_geometry,POINT (12.599494755084189 55.69531981330235),NA,NA,duplicate location flag added,NA
e8afe3a7-4255-4d8d-b5bc-d2385e4f6a87,DUPLICATE_LOCATION,wkb_geometry,POINT (12.598458409722285 55.69471497330149),NA,NA,duplicate location flag added,NA
29e24a47-5b60-4301-a175-2ff5f6ad49a0,DUPLICATE_LOCATION,wkb_geometry,POINT (12.598274425691319 55.69452623237651),NA,NA,duplicate location flag added,NA
f8fa1590-1517-404e-9f0e-30b4dbf9ed54,DUPLICATE_LOCATION,wkb_geometry,POINT (12.597694019267704 55.6943084596922),NA,NA,duplicate location flag added,NA
b54662bf-2854-4e84-961f-91d051998f6a,DUPLICATE_LOCATION,wkb_geometry,POINT (12.597618921346296 55.694278259634096),NA,NA,duplicate location flag added,NA
d4eac53d-d120-4f7a-85ee-b290a0b53457,DUPLICATE_LOCATION,wkb_geometry,POINT (12.597253027638443 55.694254591794675),NA,NA,duplicate location flag added,NA
10a1b31a-9f22-4eb7-8293-7fe8ba6e4ba6,DUPLICATE_LOCATION,wkb_geometry,POINT (12.597393625444308 55.69432430416131),NA,NA,duplicate location flag added,NA
d30f4e38-65c6-4359-bd3a-196461199d8b,DUPLICATE_LOCATION,wkb_geometry,POINT (12.564017020751185 55.720522867724554),NA,NA,duplicate location flag added,NA
b4c2198a-652e-4896-9867-78710ec0c2e4,DUPLICATE_LOCATION,wkb_geometry,POINT (12.567113960693396 55.715431394440564),NA,NA,duplicate location flag added,NA
95525700-f688-4366-8beb-30aad60e10b5,DUPLICATE_LOCATION,wkb_geometry,POINT (12.567113960693396 55.715431394440564),NA,NA,duplicate location flag added,NA
f16228ce-b236-4f03-9fbc-663a790132f3,DUPLICATE_LOCATION,wkb_geometry,POINT (12.565243406024331 55.71484422417799),NA,NA,duplicate location flag added,NA
76784d7c-9b57-4ed0-a5cb-a907b7b92235,DUPLICATE_LOCATION,wkb_geometry,POINT (12.567330814206375 55.714219425460236),NA,NA,duplicate location flag added,NA
73fe440a-71ab-43c9-bcdc-e23ae86d1e0d,DUPLICATE_LOCATION,wkb_geometry,POINT (12.567330814206375 55.714219425460236),NA,NA,duplicate location flag added,NA
d1d485a3-a327-4b51-a842-4c781f8fa3f1,DUPLICATE_LOCATION,wkb_geometry,POINT (12.59777520391341 55.694340287596),NA,NA,duplicate location flag added,NA
0fee7ee1-d4fd-461d-8b91-02a2b03dc504,DUPLICATE_LOCATION,wkb_geometry,POINT (12.572648100152954 55.70484796212152),NA,NA,duplicate location flag added,NA
0299ca1d-7241-49bf-b695-6ef6fc0c9703,DUPLICATE_LOCATION,wkb_geometry,POINT (12.532943416960665 55.65570481912667),NA,NA,duplicate location flag added,NA
29c575ee-bf07-4c55-bac8-8e82275ac377,DUPLICATE_LOCATION,wkb_geometry,POINT (12.532943416960665 55.65570481912667),NA,NA,duplicate location flag added,NA
2f3c8dbd-acbf-4bcd-816e-c6e84ca2341a,DUPLICATE_LOCATION,wkb_geometry,POINT (12.532890679697172 55.655704699863335),NA,NA,duplicate location flag added,NA
db41ab03-371f-49d5-a655-47f98ed5247e,DUPLICATE_LOCATION,wkb_geometry,POINT (12.526087174809685 55.65726768444446),NA,NA,duplicate location flag added,NA
a52c47f9-3e9f-43f6-90fb-77ad26021f53,DUPLICATE_LOCATION,wkb_geometry,POINT (12.614614641990865 55.657409802788976),NA,NA,duplicate location flag added,NA
0ef890bc-5294-4aba-b7e1-4b71b360de19,DUPLICATE_LOCATION,wkb_geometry,POINT (12.614601439635555 55.65685715973024),NA,NA,duplicate location flag added,NA
5d84b306-23d8-4832-9895-eaca214e0202,DUPLICATE_LOCATION,wkb_geometry,POINT (12.6136524099952 55.65685088503861),NA,NA,duplicate location flag added,NA
6706dd9b-ffba-4f45-b129-707caf9da46e,DUPLICATE_LOCATION,wkb_geometry,POINT (12.614601439635555 55.65685715973024),NA,NA,duplicate location flag added,NA
8c782df6-9900-4c12-95d4-e4fea83d73c5,DUPLICATE_LOCATION,wkb_geometry,POINT (12.616005827211366 55.65731081191533),NA,NA,duplicate location flag added,NA
ddeb9e4d-c198-440e-b7e1-cef07cc1f215,DUPLICATE_LOCATION,wkb_geometry,POINT (12.521754852437843 55.71670785517992),NA,NA,duplicate location flag added,NA
eccc35ff-a036-4f61-bbfc-5ae3e8a1d2e1,DUPLICATE_LOCATION,wkb_geometry,POINT (12.48198733010123 55.67307826900958),NA,NA,duplicate location flag added,NA
9f90dcbc-9dd6-4be2-a634-49a486635bec,DUPLICATE_LOCATION,wkb_geometry,POINT (12.528733894657016 55.66236479810129),NA,NA,duplicate location flag added,NA
4a153cf5-d4b7-47ef-8b43-31f9c75724ef,DUPLICATE_LOCATION,wkb_geometry,POINT (12.598699663572877 55.69485972971384),NA,NA,duplicate location flag added,NA
51aca605-aa2a-44a7-84a2-a87b43ea48b2,DUPLICATE_LOCATION,wkb_geometry,POINT (12.542114033006234 55.69944104627438),NA,NA,duplicate location flag added,NA
af2545f7-1108-4753-a4b2-e7a8d4f5be77,DUPLICATE_LOCATION,wkb_geometry,POINT (12.542167730391965 55.69938688690369),NA,NA,duplicate location flag added,NA
bd163834-8d1e-42a8-a61c-175a7fe3b410,DUPLICATE_LOCATION,wkb_geometry,POINT (12.54184342571219 55.699399338064644),NA,NA,duplicate location flag added,NA
b36b60cb-211e-45c7-a53a-cda1adce0b43,DUPLICATE_LOCATION,wkb_geometry,POINT (12.54223362675474 55.699696525043905),NA,NA,duplicate location flag added,NA
c2e1fa46-483e-44a3-93f5-269a7b15a0db,DUPLICATE_LOCATION,wkb_geometry,POINT (12.541790430532908 55.69926272283772),NA,NA,duplicate location flag added,NA
0beb2296-19b9-4062-9ae7-b286da71607f,DUPLICATE_LOCATION,wkb_geometry,POINT (12.542114033006234 55.69944104627438),NA,NA,duplicate location flag added,NA
2b4b21d9-fea0-49e4-8f06-c168c3a78e4a,DUPLICATE_LOCATION,wkb_geometry,POINT (12.54222067999628 55.699529146633466),NA,NA,duplicate location flag added,NA
d068fe52-a343-47fd-b0b0-8d4a35ba53f3,DUPLICATE_LOCATION,wkb_geometry,POINT (12.542165079228145 55.69958446183508),NA,NA,duplicate location flag added,NA
de3b9258-16df-44d7-bfce-d7bbfd68562c,DUPLICATE_LOCATION,wkb_geometry,POINT (12.542271894913519 55.69960715305401),NA,NA,duplicate location flag added,NA
133e9fb3-8180-41e9-bc12-96aee366c0bc,DUPLICATE_LOCATION,wkb_geometry,POINT (12.542141812059526 55.699865431009854),NA,NA,duplicate location flag added,NA
0cf245ef-f20f-4717-93ca-d5962ee41fdf,DUPLICATE_LOCATION,wkb_geometry,POINT (12.542574726182812 55.700030673319574),NA,NA,duplicate location flag added,NA
8cbcf481-ffe5-485c-acdb-9106fbae996b,DUPLICATE_LOCATION,wkb_geometry,POINT (12.564596258638167 55.701971611115816),NA,NA,duplicate location flag added,NA
5768ab2a-cf1b-43a1-9c5c-9d66aaf8fbb9,DUPLICATE_LOCATION,wkb_geometry,POINT (12.564596258638167 55.701971611115816),NA,NA,duplicate location flag added,NA
fef8e33d-7c21-4097-b439-1a0fc8fb0380,DUPLICATE_LOCATION,wkb_geometry,POINT (12.530328416981364 55.65248390143767),NA,NA,duplicate location flag added,NA
b35d47ed-ee90-4a9d-bc04-211bbd359001,DUPLICATE_LOCATION,wkb_geometry,POINT (12.598594059275793 55.69464852902),NA,NA,duplicate location flag added,NA
646f3d86-0230-4fae-8ed7-6ccf1e7f0189,DUPLICATE_LOCATION,wkb_geometry,POINT (12.563718634397805 55.72127584607843),NA,NA,duplicate location flag added,NA
02ac9ccc-e26f-47fb-b23d-62e8488a755e,DUPLICATE_LOCATION,wkb_geometry,POINT (12.563718634397805 55.72127584607843),NA,NA,duplicate location flag added,NA
742aa4b8-c8ae-44dc-82ca-7ccdf9922861,DUPLICATE_LOCATION,wkb_geometry,POINT (12.563742210633096 55.72118981487547),NA,NA,duplicate location flag added,NA
aca333b4-7f42-4a02-b733-fe15443c637a,DUPLICATE_LOCATION,wkb_geometry,POINT (12.53681915310734 55.71668435832125),NA,NA,duplicate location flag added,NA
440ac2ec-54e6-46c3-bea8-56aaf430429a,DUPLICATE_LOCATION,wkb_geometry,POINT (12.53681915310734 55.71668435832125),NA,NA,duplicate location flag added,NA
b94b88ce-0762-40f6-9d5f-3d5c68f87891,DUPLICATE_LOCATION,wkb_geometry,POINT (12.536973236098488 55.716703596287985),NA,NA,duplicate location flag added,NA
37334ef3-2769-4101-9128-318a4b14d1e1,DUPLICATE_LOCATION,wkb_geometry,POINT (12.536973236098488 55.716703596287985),NA,NA,duplicate location flag added,NA
1eb8e237-d9da-4b0d-b1b1-d5af3460cc60,DUPLICATE_LOCATION,wkb_geometry,POINT (12.537735383517541 55.71664664886296),NA,NA,duplicate location flag added,NA
60e40370-99c2-4b00-a4ed-fac66c148534,DUPLICATE_LOCATION,wkb_geometry,POINT (12.537735383517541 55.71664664886296),NA,NA,duplicate location flag added,NA
f0cfd5c2-5e19-459b-a35d-a4c75e61c0e1,DUPLICATE_LOCATION,wkb_geometry,POINT (12.521754852437843 55.71670785517992),NA,NA,duplicate location flag added,NA
39d028d1-897d-44f3-bba8-cfcc34966dc4,DUPLICATE_LOCATION,wkb_geometry,POINT (12.541772486336333 55.6992064743282),NA,NA,duplicate location flag added,NA
f2f9fe04-b244-423f-b531-2e364aa461ad,DUPLICATE_LOCATION,wkb_geometry,POINT (12.541839019020587 55.69920118342495),NA,NA,duplicate location flag added,NA
721f6186-3c85-44c5-afe2-5154185d8e98,DUPLICATE_LOCATION,wkb_geometry,POINT (12.541899950929809 55.699291183740314),NA,NA,duplicate location flag added,NA
980682c0-53f3-47dd-bd28-323f2e9fb55e,DUPLICATE_LOCATION,wkb_geometry,POINT (12.542481797255597 55.69992029247506),NA,NA,duplicate location flag added,NA
bf02abf9-f6e7-4c63-a065-91e65f824fb0,DUPLICATE_LOCATION,wkb_geometry,POINT (12.487302179526509 55.65239960153055),NA,NA,duplicate location flag added,NA
337b7a59-b3ac-4e7f-b246-b6913d7e3781,DUPLICATE_LOCATION,wkb_geometry,POINT (12.5983825584822 55.69468325938865),NA,NA,duplicate location flag added,NA
d06509e9-651f-4f59-a4e0-75ea00755a81,DUPLICATE_LOCATION,wkb_geometry,POINT (12.553661017768313 55.696747661179884),NA,NA,duplicate location flag added,NA
7e6e76ea-4edc-4a9e-84df-b9cd39ab39bf,DUPLICATE_LOCATION,wkb_geometry,POINT (12.549332617063907 55.691696006626756),NA,NA,duplicate location flag added,NA
18194ee9-6c55-4602-8d34-a376ba080eec,DUPLICATE_LOCATION,wkb_geometry,POINT (12.542481797255597 55.69992029247506),NA,NA,duplicate location flag added,NA
2cca9937-2984-4896-bd15-b5a79aee4bba,DUPLICATE_LOCATION,wkb_geometry,POINT (12.598677283423248 55.69467679278812),NA,NA,duplicate location flag added,NA
e7927b5d-ce83-428f-a571-e17466ccd126,DUPLICATE_LOCATION,wkb_geometry,POINT (12.598594059275793 55.69464852902),NA,NA,duplicate location flag added,NA
a021411c-2549-4ab6-bb3b-da80f94d03b9,DUPLICATE_LOCATION,wkb_geometry,POINT (12.598192157248649 55.694494735633064),NA,NA,duplicate location flag added,NA
cf177900-024d-4706-9d8b-5b024b6e9bc0,DUPLICATE_LOCATION,wkb_geometry,POINT (12.597463181513616 55.694210915220694),NA,NA,duplicate location flag added,NA
cfafc57a-0088-4baa-a22d-dadd2051325d,DUPLICATE_LOCATION,wkb_geometry,POINT (12.597203793337671 55.69406083166017),NA,NA,duplicate location flag added,NA
923c4c39-cbf8-4f50-94cd-964bd1fc4ab9,DUPLICATE_LOCATION,wkb_geometry,POINT (12.597165198702951 55.6940095011048),NA,NA,duplicate location flag added,NA
1cd41e27-4ca6-4139-b9e4-ad74fef54dae,DUPLICATE_LOCATION,wkb_geometry,POINT (12.48741466565608 55.6523916016872),NA,NA,duplicate location flag added,NA
bccf6dbe-904c-44ae-829a-bb9f6232fe7d,DUPLICATE_LOCATION,wkb_geometry,POINT (12.525815539970502 55.71676109368139),NA,NA,duplicate location flag added,NA
5da6668b-a4d4-4bc6-b836-8e5d613e5f60,DUPLICATE_LOCATION,wkb_geometry,POINT (12.52560771922488 55.71501020916004),NA,NA,duplicate location flag added,NA
c2a0d6e5-2717-4830-8334-eee88bfaf97a,DUPLICATE_LOCATION,wkb_geometry,POINT (12.527395990690176 55.649944822939666),NA,NA,duplicate location flag added,NA
0f130d41-0bb2-4f96-9bc8-613efb235d15,DUPLICATE_LOCATION,wkb_geometry,POINT (12.52747732511801 55.649907582239976),NA,NA,duplicate location flag added,NA
f4c22750-3b6e-4362-be84-8a9da213aaf2,DUPLICATE_LOCATION,wkb_geometry,POINT (12.482331815953712 55.65434271276479),NA,NA,duplicate location flag added,NA
2c88f4ee-fb0a-4c07-8d5e-e86ef57e54fc,DUPLICATE_LOCATION,wkb_geometry,POINT (12.48738018802805 55.65236717016809),NA,NA,duplicate location flag added,NA
61cabfaa-2c3f-4a20-a6f7-52ef351aa9b2,DUPLICATE_LOCATION,wkb_geometry,POINT (12.633224572851121 55.66641020628108),NA,NA,duplicate location flag added,NA
bbb587c5-b208-4ea6-b24f-68e973c8c314,DUPLICATE_LOCATION,wkb_geometry,POINT (12.633224572851121 55.66641020628108),NA,NA,duplicate location flag added,NA
0397a929-b2ab-4d0a-97f0-41f8dc9e7b02,DUPLICATE_LOCATION,wkb_geometry,POINT (12.63331047470133 55.66643357884029),NA,NA,duplicate location flag added,NA
9a6b8dce-63ac-478d-9f39-45db1f6179d5,DUPLICATE_LOCATION,wkb_geometry,POINT (12.633111968346958 55.66649824584091),NA,NA,duplicate location flag added,NA
c595206d-fc59-47ff-8e09-3cecae209d34,DUPLICATE_LOCATION,wkb_geometry,POINT (12.633111968346958 55.66649824584091),NA,NA,duplicate location flag added,NA
54590d50-aaf0-414c-a35b-ca4d00ecb2cd,DUPLICATE_LOCATION,wkb_geometry,POINT (12.633028659810051 55.666616029105604),NA,NA,duplicate location flag added,NA
d51a48e4-2bed-487e-9862-7c25d136d52d,DUPLICATE_LOCATION,wkb_geometry,POINT (12.633028659810051 55.666616029105604),NA,NA,duplicate location flag added,NA
f6b4421d-a0ad-42e3-9989-9c3c65d5884f,DUPLICATE_LOCATION,wkb_geometry,POINT (12.564646142899893 55.7037704216503),NA,NA,duplicate location flag added,NA
16a2d127-040b-418c-b07c-8e8158fe7a48,DUPLICATE_LOCATION,wkb_geometry,POINT (12.550117309762353 55.688949779936706),NA,NA,duplicate location flag added,NA
0a8152fe-5ee4-4708-bb99-fd161950ea8a,DUPLICATE_LOCATION,wkb_geometry,POINT (12.550117309762353 55.688949779936706),NA,NA,duplicate location flag added,NA
aebcc545-6e4c-4bb9-ae5f-a005b02855e7,DUPLICATE_LOCATION,wkb_geometry,POINT (12.549455463277505 55.69170706303625),NA,NA,duplicate location flag added,NA
6a607b8b-744e-4c64-a7b1-56bc2c523f45,DUPLICATE_LOCATION,wkb_geometry,POINT (12.542287026580613 55.707203395475645),NA,NA,duplicate location flag added,NA
b4e8ca56-af8a-4849-8d16-a5f7508d616e,DUPLICATE_LOCATION,wkb_geometry,POINT (12.63318570529502 55.66641239010272),NA,NA,duplicate location flag added,NA
244ac2d6-a72f-49a5-a316-4cb306fd0036,DUPLICATE_LOCATION,wkb_geometry,POINT (12.63318570529502 55.66641239010272),NA,NA,duplicate location flag added,NA
0aaad1e9-cea0-4fd9-8965-86636a13dd3e,DUPLICATE_LOCATION,wkb_geometry,POINT (12.542155753364444 55.69991972911179),NA,NA,duplicate location flag added,NA
4fd9efd1-807a-486a-a68b-43b79c4474d8,DUPLICATE_LOCATION,wkb_geometry,POINT (12.542141812059526 55.699865431009854),NA,NA,duplicate location flag added,NA
d6990a9d-4747-4f89-90a5-8615a72412c3,DUPLICATE_LOCATION,wkb_geometry,POINT (12.542142871522538 55.69979752505986),NA,NA,duplicate location flag added,NA
6fa43908-660a-4fc8-abfe-fd77d4166815,DUPLICATE_LOCATION,wkb_geometry,POINT (12.541790430532908 55.69926272283772),NA,NA,duplicate location flag added,NA
c27e1dd6-fb19-4980-a2f8-dbf0fe02e8e2,DUPLICATE_LOCATION,wkb_geometry,POINT (12.550574798405279 55.69540567487757),NA,NA,duplicate location flag added,NA
add89305-c2e6-41e5-9b61-4797989464d1,DUPLICATE_LOCATION,wkb_geometry,POINT (12.527395990690176 55.649944822939666),NA,NA,duplicate location flag added,NA
f44ae345-78b0-4a74-96ac-b7d06d7ed422,DUPLICATE_LOCATION,wkb_geometry,POINT (12.510974072027127 55.66578309188364),NA,NA,duplicate location flag added,NA
6cf8937d-904e-4d37-902d-4df9782404a2,DUPLICATE_LOCATION,wkb_geometry,POINT (12.639850612318241 55.65226087046273),NA,NA,duplicate location flag added,NA
8f37c187-20ed-40ae-b35e-980380eb631f,DUPLICATE_LOCATION,wkb_geometry,POINT (12.558400438287057 55.64040983094268),NA,NA,duplicate location flag added,NA
1a063fb3-0860-41de-9bac-fa896d583cd6,DUPLICATE_LOCATION,wkb_geometry,POINT (12.550350894745849 55.69538028616382),NA,NA,duplicate location flag added,NA
5d4dd0ba-f28f-419a-890f-d2d19dbb4b75,DUPLICATE_LOCATION,wkb_geometry,POINT (12.633144279330324 55.66646053680906),NA,NA,duplicate location flag added,NA
b1192d6b-2369-4da2-b71f-4b4779492c32,DUPLICATE_LOCATION,wkb_geometry,POINT (12.482331815953712 55.65434271276479),NA,NA,duplicate location flag added,NA
a1dbc372-6cfc-4222-b621-60145735ccfd,DUPLICATE_LOCATION,wkb_geometry,POINT (12.500264178036351 55.68680469843925),NA,NA,duplicate location flag added,NA
f269171d-c564-4e5b-b5c5-85da633f8191,DUPLICATE_LOCATION,wkb_geometry,POINT (12.500385625012896 55.68700753668292),NA,NA,duplicate location flag added,NA
46b10e66-f655-4b21-b309-869ca84eb555,DUPLICATE_LOCATION,wkb_geometry,POINT (12.520045379655272 55.64119621111665),NA,NA,duplicate location flag added,NA
d1ec04c6-eca0-479a-a393-d398d90ca6c8,DUPLICATE_LOCATION,wkb_geometry,POINT (12.494126867929488 55.68396123266501),NA,NA,duplicate location flag added,NA
f942da33-a244-47d3-95a9-e26d6f502308,DUPLICATE_LOCATION,wkb_geometry,POINT (12.520045379655272 55.64119621111665),NA,NA,duplicate location flag added,NA
51795774-1327-4c4d-abde-0ea5ef0ecbae,DUPLICATE_LOCATION,wkb_geometry,POINT (12.61856859256507 55.662292009704544),NA,NA,duplicate location flag added,NA
12d78a7e-828c-4707-9d99-656056c3b77f,DUPLICATE_LOCATION,wkb_geometry,POINT (12.518397383749008 55.64465909836234),NA,NA,duplicate location flag added,NA
772d3c9c-44a2-4b3c-902c-1536b5b6b40b,DUPLICATE_LOCATION,wkb_geometry,POINT (12.63315838104679 55.66644493893542),NA,NA,duplicate location flag added,NA
ec61dff4-515e-436a-9051-d412a4d92a3c,DUPLICATE_LOCATION,wkb_geometry,POINT (12.63303814387522 55.66658112709706),NA,NA,duplicate location flag added,NA
1e4ebc27-9afe-4d70-ae59-e34f4cb67b56,DUPLICATE_LOCATION,wkb_geometry,POINT (12.633018846939324 55.66660167258455),NA,NA,duplicate location flag added,NA
ce3badcc-ee86-4123-975b-863bc32644c0,DUPLICATE_LOCATION,wkb_geometry,POINT (12.63306251236067 55.66662541216794),NA,NA,duplicate location flag added,NA
3b7b35f9-d004-46f8-a006-45f82ea9e386,DUPLICATE_LOCATION,wkb_geometry,POINT (12.519722993458732 55.6179624696676),NA,NA,duplicate location flag added,NA
95f53634-5875-4fda-bfe2-e74699c3aea3,DUPLICATE_LOCATION,wkb_geometry,POINT (12.519722993458732 55.6179624696676),NA,NA,duplicate location flag added,NA
ec5f6a5c-721b-41fe-8295-c93d4e3abcc5,DUPLICATE_LOCATION,wkb_geometry,POINT (12.51944221905425 55.63975023494135),NA,NA,duplicate location flag added,NA
cb387586-6a15-4816-bd60-c1fe5b02bd32,DUPLICATE_LOCATION,wkb_geometry,POINT (12.51944221905425 55.63975023494135),NA,NA,duplicate location flag added,NA
8b4e0542-6133-4be7-855f-706cff84904c,DUPLICATE_LOCATION,wkb_geometry,POINT (12.487302179526509 55.65239960153055),NA,NA,duplicate location flag added,NA
78854065-26ac-4d41-96f0-4578957ee2dc,DUPLICATE_LOCATION,wkb_geometry,POINT (12.521756751671187 55.63761764031433),NA,NA,duplicate location flag added,NA
fa10d968-a86b-4b24-9702-743e6018ba04,DUPLICATE_LOCATION,wkb_geometry,POINT (12.521756751671187 55.63761764031433),NA,NA,duplicate location flag added,NA
48e6a598-fa0b-4748-83a6-6ac67c204c57,DUPLICATE_LOCATION,wkb_geometry,POINT (12.494126867929488 55.68396123266501),NA,NA,duplicate location flag added,NA
3f302b42-713b-4e03-bd68-e9e17a73f796,DUPLICATE_LOCATION,wkb_geometry,POINT (12.61777847686799 55.65687903449775),NA,NA,duplicate location flag added,NA
0b9c5abf-ad65-46e8-adeb-c30f87da2968,DUPLICATE_LOCATION,wkb_geometry,POINT (12.569547210623151 55.6925234268482),NA,NA,duplicate location flag added,NA
b6160e9c-d466-480b-b4d2-1f53b004750a,DUPLICATE_LOCATION,wkb_geometry,POINT (12.599294343546752 55.69508415656479),NA,NA,duplicate location flag added,NA
5ffe03bb-998a-47b1-84f1-b0b5e3d60c91,DUPLICATE_LOCATION,wkb_geometry,POINT (12.599294343546752 55.69508415656479),NA,NA,duplicate location flag added,NA
9c1e50ca-ca7e-44f2-90a6-f7c91744d107,DUPLICATE_LOCATION,wkb_geometry,POINT (12.598134014663518 55.69459336236407),NA,NA,duplicate location flag added,NA
08b6d9c3-0ccc-417a-8c89-c86ff8ec2a41,DUPLICATE_LOCATION,wkb_geometry,POINT (12.633252340254831 55.66641825790454),NA,NA,duplicate location flag added,NA
08852443-854e-41d2-98c9-5f176c8f32bc,DUPLICATE_LOCATION,wkb_geometry,POINT (12.536287333564808 55.71669357465596),NA,NA,duplicate location flag added,NA
e2a53c63-fff6-48c6-b9b7-f209d0d94604,DUPLICATE_LOCATION,wkb_geometry,POINT (12.633057910672273 55.66656056768175),NA,NA,duplicate location flag added,NA
e9fc49fb-a356-4405-b1a3-85e8571a92a1,DUPLICATE_LOCATION,wkb_geometry,POINT (12.633018846939324 55.66660167258455),NA,NA,duplicate location flag added,NA
6125c317-bd36-48b9-9ae5-eac3e47ac6ad,DUPLICATE_LOCATION,wkb_geometry,POINT (12.532912955300318 55.65574917499554),NA,NA,duplicate location flag added,NA
0617c726-3c27-47fe-9634-1eb6ed37c875,DUPLICATE_LOCATION,wkb_geometry,POINT (12.48198733010123 55.67307826900958),NA,NA,duplicate location flag added,NA
48d06a0f-b2de-4bad-a49b-65ec90b7b044,DUPLICATE_LOCATION,wkb_geometry,POINT (12.599260396745747 55.695041350832554),NA,NA,duplicate location flag added,NA
bf635b51-b17b-4314-905e-52680b0f6526,DUPLICATE_LOCATION,wkb_geometry,POINT (12.599193771290878 55.69498288846105),NA,NA,duplicate location flag added,NA
1df5c8a0-d09d-497e-ba02-35c42a5f6c43,DUPLICATE_LOCATION,wkb_geometry,POINT (12.599434254824372 55.69526464679243),NA,NA,duplicate location flag added,NA
4c020746-30c9-4d91-86dc-b2aa5c0ee812,DUPLICATE_LOCATION,wkb_geometry,POINT (12.599494755084189 55.69531981330235),NA,NA,duplicate location flag added,NA
54a1dd20-d309-4e23-8e04-e59ce96537a4,DUPLICATE_LOCATION,wkb_geometry,POINT (12.597165198702951 55.6940095011048),NA,NA,duplicate location flag added,NA
44d19fe3-fd4c-465b-a4c7-5d6124a9f191,DUPLICATE_LOCATION,wkb_geometry,POINT (12.597323387061612 55.6941492876081),NA,NA,duplicate location flag added,NA
fb3f7788-92d5-46d6-8b4d-bb2edb02d905,DUPLICATE_LOCATION,wkb_geometry,POINT (12.597387369157097 55.69417650030227),NA,NA,duplicate location flag added,NA
b5b80fcb-c831-4163-9272-41c8c11679aa,DUPLICATE_LOCATION,wkb_geometry,POINT (12.597321295459814 55.69428820995654),NA,NA,duplicate location flag added,NA
b03e8212-a96e-4724-b59f-ddfdea1bc6ff,DUPLICATE_LOCATION,wkb_geometry,POINT (12.597463181513616 55.694210915220694),NA,NA,duplicate location flag added,NA
46e0811a-1dde-4a91-a7ae-d1431782253e,DUPLICATE_LOCATION,wkb_geometry,POINT (12.597618921346296 55.694278259634096),NA,NA,duplicate location flag added,NA
a17fd28f-4a35-4078-9965-11a4917d3af4,DUPLICATE_LOCATION,wkb_geometry,POINT (12.598794154268887 55.69495524129392),NA,NA,duplicate location flag added,NA
28d6c9b8-4be2-4f8a-80fa-9636042d4231,DUPLICATE_LOCATION,wkb_geometry,POINT (12.526948473800271 55.65867417204601),NA,NA,duplicate location flag added,NA
b952b65d-7df8-4fd7-b41d-9e3f1fc4e718,DUPLICATE_LOCATION,wkb_geometry,POINT (12.527692593851373 55.65958960371874),NA,NA,duplicate location flag added,NA
4ce9cc69-52a6-4e1c-88a4-b393ff22d594,DUPLICATE_LOCATION,wkb_geometry,POINT (12.46385502740357 55.69587010985361),NA,NA,duplicate location flag added,NA
0f1515f6-a3f8-43f0-a609-bc36c9f0dd9b,DUPLICATE_LOCATION,wkb_geometry,POINT (12.525226850110045 55.66177796975064),NA,NA,duplicate location flag added,NA
6a603987-8370-4ef8-b4df-e8a4ef1568c0,DUPLICATE_LOCATION,wkb_geometry,POINT (12.531361534859288 55.65277608057289),NA,NA,duplicate location flag added,NA
885f4fce-2354-4c13-882b-8a97c68c35dc,DUPLICATE_LOCATION,wkb_geometry,POINT (12.593798398097599 55.69402385474039),NA,NA,duplicate location flag added,NA
79617fd4-1e93-4d6b-a62e-fc09e4e5544d,DUPLICATE_LOCATION,wkb_geometry,POINT (12.597039702468336 55.69412398937664),NA,NA,duplicate location flag added,NA
e8fadede-58aa-4e31-8272-9c31898edea5,DUPLICATE_LOCATION,wkb_geometry,POINT (12.597111959546844 55.694174514222546),NA,NA,duplicate location flag added,NA
2fb981e9-c717-4b2b-a2a6-8b429a655f5e,DUPLICATE_LOCATION,wkb_geometry,POINT (12.5303809240961 55.652477889960764),NA,NA,duplicate location flag added,NA
ecdf5ba6-1efb-4df8-98e7-621995956cae,DUPLICATE_LOCATION,wkb_geometry,POINT (12.532209311398589 55.65300956373121),NA,NA,duplicate location flag added,NA
cd1298ef-282a-44bf-b417-9724be104f5c,DUPLICATE_LOCATION,wkb_geometry,POINT (12.527534132782488 55.649940118739146),NA,NA,duplicate location flag added,NA
d7e16fa2-e415-4f9f-870b-b50426d638db,DUPLICATE_LOCATION,wkb_geometry,POINT (12.593798398097599 55.69402385474039),NA,NA,duplicate location flag added,NA
0e8dd70d-42e6-4bde-83a4-c614b1395731,DUPLICATE_LOCATION,wkb_geometry,POINT (12.593634097963495 55.693991583357416),NA,NA,duplicate location flag added,NA
071655ae-72b0-4e9d-86a3-09cf63ef3983,DUPLICATE_LOCATION,wkb_geometry,POINT (12.526948473800271 55.65867417204601),NA,NA,duplicate location flag added,NA
27522951-57ca-4376-ae3c-993f4586d48b,DUPLICATE_LOCATION,wkb_geometry,POINT (12.57069544292464 55.70152241719682),NA,NA,duplicate location flag added,NA
89bd2a76-9289-4f95-a0f2-b16a165b85f1,DUPLICATE_LOCATION,wkb_geometry,POINT (12.597241973368213 55.693798633392944),NA,NA,duplicate location flag added,NA
0a75c853-254d-4026-a177-cadbe3b54a3b,DUPLICATE_LOCATION,wkb_geometry,POINT (12.597157361399994 55.69390048540556),NA,NA,duplicate location flag added,NA
2c01b756-6046-44b3-884f-201c16e54a5c,DUPLICATE_LOCATION,wkb_geometry,POINT (12.597694019267704 55.6943084596922),NA,NA,duplicate location flag added,NA
5d2e3382-1e7d-44d1-8ef1-3f3582803b24,DUPLICATE_LOCATION,wkb_geometry,POINT (12.597857812025389 55.6943694177381),NA,NA,duplicate location flag added,NA
cc48fa2a-e6d6-473c-b608-1058d9c1621e,DUPLICATE_LOCATION,wkb_geometry,POINT (12.598192157248649 55.694494735633064),NA,NA,duplicate location flag added,NA
b7da5f18-a006-4a74-b8ca-2aa3cfd9823f,DUPLICATE_LOCATION,wkb_geometry,POINT (12.598134014663518 55.69459336236407),NA,NA,duplicate location flag added,NA
7b4cac24-39c2-43d0-a928-7ebc840b04d0,DUPLICATE_LOCATION,wkb_geometry,POINT (12.59844149732323 55.69458935669579),NA,NA,duplicate location flag added,NA
45be1d21-320a-471b-9523-eacf895c3bc8,DUPLICATE_LOCATION,wkb_geometry,POINT (12.599553930174732 55.69538516445911),NA,NA,duplicate location flag added,NA
800ac392-e4ec-48fc-8167-dbc955410369,DUPLICATE_LOCATION,wkb_geometry,POINT (12.599434254824372 55.69526464679243),NA,NA,duplicate location flag added,NA
72b12652-1b63-4fc9-838c-c3df662845c1,DUPLICATE_LOCATION,wkb_geometry,POINT (12.5983825584822 55.69468325938865),NA,NA,duplicate location flag added,NA
83b61d83-c15b-4784-a547-fac6f4f8c6c5,DUPLICATE_LOCATION,wkb_geometry,POINT (12.59844149732323 55.69458935669579),NA,NA,duplicate location flag added,NA
c099bdf6-2a19-4efb-b93a-a7512818019b,DUPLICATE_LOCATION,wkb_geometry,POINT (12.59835975350544 55.6945560692881),NA,NA,duplicate location flag added,NA
6baf7ef4-f280-4cc9-8d54-315273ac6647,DUPLICATE_LOCATION,wkb_geometry,POINT (12.59777520391341 55.694340287596),NA,NA,duplicate location flag added,NA
129b0b87-855f-44b4-9135-e08b7635913a,DUPLICATE_LOCATION,wkb_geometry,POINT (12.598025061322968 55.694431514609455),NA,NA,duplicate location flag added,NA
25e84fd8-fbe5-4894-b6a0-47c86fbd366b,DUPLICATE_LOCATION,wkb_geometry,POINT (12.597857812025389 55.6943694177381),NA,NA,duplicate location flag added,NA
b53c6b64-5f4a-4cee-8ab9-cd4257555b91,DUPLICATE_LOCATION,wkb_geometry,POINT (12.597387369157097 55.69417650030227),NA,NA,duplicate location flag added,NA
f070dbc4-5b7f-4fea-ac68-4d7188308e69,DUPLICATE_LOCATION,wkb_geometry,POINT (12.597321295459814 55.69428820995654),NA,NA,duplicate location flag added,NA
178c4ba9-3184-49f9-8589-97f20cf5cb27,DUPLICATE_LOCATION,wkb_geometry,POINT (12.597182703565817 55.69421503453742),NA,NA,duplicate location flag added,NA
e3208b48-e07e-48a2-be9f-7ed9ac6091f4,DUPLICATE_LOCATION,wkb_geometry,POINT (12.597111959546844 55.694174514222546),NA,NA,duplicate location flag added,NA
1925af03-7f2c-4f70-887d-529e8d5e232b,DUPLICATE_LOCATION,wkb_geometry,POINT (12.596860278948435 55.69398512787822),NA,NA,duplicate location flag added,NA
9fe25d6b-96d5-4a4b-9634-937670ad47ae,DUPLICATE_LOCATION,wkb_geometry,POINT (12.597039702468336 55.69412398937664),NA,NA,duplicate location flag added,NA
0b875460-8b3a-4d25-b3de-708dbc5e06ce,DUPLICATE_LOCATION,wkb_geometry,POINT (12.596815943793903 55.6939332156532),NA,NA,duplicate location flag added,NA
66d0215f-2681-45a8-8cd7-f38d70d15a3d,DUPLICATE_LOCATION,wkb_geometry,POINT (12.596914058160968 55.69403433023191),NA,NA,duplicate location flag added,NA
4378844e-8dea-4fb0-840e-a84d9a6d0290,DUPLICATE_LOCATION,wkb_geometry,POINT (12.564017020751185 55.720522867724554),NA,NA,duplicate location flag added,NA
a8f40947-bb67-4bfa-8ec1-dd8c6272ee3d,DUPLICATE_LOCATION,wkb_geometry,POINT (12.565243406024331 55.71484422417799),NA,NA,duplicate location flag added,NA
ced1fed5-b9c2-46ca-9d03-1f8f547528a6,DUPLICATE_LOCATION,wkb_geometry,POINT (12.567483229091748 55.71414446586402),NA,NA,duplicate location flag added,NA
d6f3a43d-666a-4102-84e1-00d6f0dce6d9,DUPLICATE_LOCATION,wkb_geometry,POINT (12.599327611453639 55.69514261552808),NA,NA,duplicate location flag added,NA
9e5af49b-22fb-411b-8395-30183c075bd3,DUPLICATE_LOCATION,wkb_geometry,POINT (12.53301726382981 55.65861854894303),NA,NA,duplicate location flag added,NA
97167534-a49c-4884-96a6-4ce4b949c2c7,DUPLICATE_LOCATION,wkb_geometry,POINT (12.572648100152954 55.70484796212152),NA,NA,duplicate location flag added,NA
377b893c-6ef3-4d29-9b12-a3817821b4ed,DUPLICATE_LOCATION,wkb_geometry,POINT (12.564646142899893 55.7037704216503),NA,NA,duplicate location flag added,NA
86b80053-eb33-4dbc-aa38-bc13a0c38e27,DUPLICATE_LOCATION,wkb_geometry,POINT (12.56268548091709 55.701996591530836),NA,NA,duplicate location flag added,NA
0c7471e6-1da3-4244-824b-a2f3f52ded12,DUPLICATE_LOCATION,wkb_geometry,POINT (12.532924894646385 55.655672897220825),NA,NA,duplicate location flag added,NA
64a0ec19-87e7-403b-9042-51f5e9a4ff0b,DUPLICATE_LOCATION,wkb_geometry,POINT (12.532924894646385 55.655672897220825),NA,NA,duplicate location flag added,NA
dd33a0b4-66e1-432a-9abc-d613c06ac9c5,DUPLICATE_LOCATION,wkb_geometry,POINT (12.616005827211366 55.65731081191533),NA,NA,duplicate location flag added,NA
d3f3824b-c9f2-4ae9-af6b-305f0227905d,DUPLICATE_LOCATION,wkb_geometry,POINT (12.526087174809685 55.65726768444446),NA,NA,duplicate location flag added,NA
7cf08eb6-40db-4004-b2c1-ae0727e33138,DUPLICATE_LOCATION,wkb_geometry,POINT (12.6136524099952 55.65685088503861),NA,NA,duplicate location flag added,NA
348df405-22c3-4c6f-90e0-6e93f468cd8f,DUPLICATE_LOCATION,wkb_geometry,POINT (12.614614641990865 55.657409802788976),NA,NA,duplicate location flag added,NA
